No. ,Premises,Conclusion,Support,Confidence,Laplace,Gain,p-s,Lift,Conviction
986,"Java, JavaScript","AWS, TypeScript",0.017906761,0.370100273,0.970929743,-0.078860318,0.016698933,14.82558922,1.547923179
987,TypeScript,"Python, Docker",0.014201914,0.370114943,0.976723442,-0.062541349,0.011703942,5.685376756,1.484239912
988,TypeScript,"Python, Java, AWS",0.014201914,0.370114943,0.976723442,-0.062541349,0.011918876,6.220619786,1.493132608
989,"Python, Hadoop","Scala, Kafka",0.010056014,0.37012987,0.983339774,-0.044281745,0.00967975,26.72596989,1.56564168
990,"Kubernetes, Go","AWS, Agile",0.012834649,0.370229008,0.978899356,-0.056498919,0.011192514,7.81583081,1.512662371
991,"Java, Scala",Kubernetes,0.014290125,0.370285714,0.976600985,-0.062894191,0.010162485,3.462056907,1.418174259
992,"SQL, Go","JavaScript, HTML/CSS",0.012217175,0.370320856,0.979889842,-0.053764389,0.011683164,22.87816011,1.56240421
993,"Python, AWS","Kubernetes, Docker",0.038107,0.37033862,0.941254099,-0.16768844,0.029765536,4.568382768,1.459410477
994,"AWS, Docker, Go",TypeScript,0.010144224,0.37037037,0.983214562,-0.044634587,0.009093248,9.652192422,1.527292115
995,Kafka,"Python, Hadoop",0.013496229,0.370460048,0.977871399,-0.059365765,0.01250644,13.63545565,1.545304819
996,"Docker, Go","Kubernetes, Open Source RDBMS",0.011687911,0.370629371,0.980759364,-0.051382702,0.01125813,27.19508,1.567234645
997,HTML,SQL,0.013540334,0.370772947,0.977830731,-0.059498081,0.005699488,1.726897088,1.248031662
998,"AWS, NoSQL","Python, Go",0.011643805,0.370786517,0.98084242,-0.051162175,0.009908351,6.709371665,1.501455476
999,Documentation,Communication,0.016715918,0.370841487,0.972863473,-0.073435364,0.008369976,2.002879714,1.29513602
1000,"AWS, Go",TypeScript,0.013804966,0.370853081,0.977420589,-0.06064482,0.012376586,9.664772294,1.528463923
1001,"SQL, AWS",NoSQL,0.026154457,0.370856785,0.958553065,-0.114894368,0.022683137,7.534440768,1.511227392
1002,Microsoft Azure,TypeScript,0.01027654,0.371019108,0.983047938,-0.045119746,0.009213717,9.669099129,1.528867381
1003,"Python, Agile",Kubernetes,0.019318132,0.371186441,0.968892802,-0.084770432,0.013751714,3.47047842,1.420205683
1004,TypeScript,"SQL, Docker",0.014246019,0.371264368,0.976765918,-0.062497243,0.012465622,8.001594117,1.516696606
1005,"AWS, JavaScript",HTML/CSS,0.012790544,0.371318822,0.979065405,-0.056101972,0.012190435,21.31370038,1.562920017
1006,"SQL, Kubernetes","AWS, NoSQL",0.017377497,0.371347785,0.971896857,-0.076213999,0.015907971,11.82523642,1.540751765
1007,Statistics,"Python, R",0.01018833,0.371382637,0.983215282,-0.044678693,0.00917196,10.02423633,1.531856395
1008,"AWS, Agile","SQL, Docker",0.017598024,0.37150838,0.971575357,-0.077140211,0.015400154,8.006853134,1.517285464
1009,"AWS, Cloud Computing","Python, Kubernetes",0.011158647,0.371512482,0.981673375,-0.048912804,0.009078812,5.365160826,1.480943718
1010,"SQL, Agile","Java, Kubernetes",0.016010232,0.371545548,0.974038055,-0.07017157,0.013687775,6.893659739,1.505444493
1011,Data Warehousing,Data Modeling,0.010982226,0.371641791,0.981964615,-0.048118908,0.010211953,14.2575877,1.549965831
1012,"Data Analysis, Data Visualization",R,0.01093812,0.371814093,0.982047986,-0.047898381,0.009789831,9.525582971,1.529749041
1013,"Java, Agile",NoSQL,0.018700657,0.371929825,0.96993239,-0.08185948,0.016225795,7.556240961,1.513809278
1014,Node.js,"Kubernetes, Docker",0.011467384,0.371959943,0.981216841,-0.050191858,0.008968163,4.588382907,1.463178033
1015,"Python, Scala",NoSQL,0.015833811,0.372020725,0.974363313,-0.069289463,0.013738862,7.55808773,1.514028404
1016,"Python, Kubernetes, Go",Open Source RDBMS,0.011026331,0.37202381,0.981923324,-0.048251224,0.010491675,20.6232172,1.563691327
1017,"Docker, Go",Open Source RDBMS,0.011732016,0.372027972,0.980802121,-0.051338597,0.011163148,20.62344795,1.563701692
1018,"AWS, NoSQL",RDBMS,0.011687911,0.372191011,0.980885183,-0.05111807,0.01111312,20.33418505,1.563686262
1019,"Python, JavaScript","AWS, TypeScript",0.014642967,0.372197309,0.976235943,-0.06404093,0.01366085,14.90959293,1.553093673
1020,"AWS, Scala","SQL, Agile",0.010982226,0.372197309,0.982006683,-0.048030697,0.009710766,8.63749191,1.524219493
1021,"AWS, Agile","Python, Docker",0.017642129,0.372439479,0.971617467,-0.077096105,0.014558426,5.721084213,1.48973766
1022,"Python, Linux",Java,0.018171393,0.372513562,0.970814584,-0.079389582,0.009739746,2.155141618,1.318197793
1023,"Java, Scala",NoSQL,0.014378335,0.372571429,0.976685918,-0.062805981,0.01247877,7.569275986,1.515357289
1024,"AWS, JavaScript","Docker, TypeScript",0.012834649,0.372599232,0.979108041,-0.056057866,0.012184404,19.73818313,1.563789799
1025,NoSQL,"SQL, Kubernetes, Docker",0.018347815,0.372759857,0.970574635,-0.080095267,0.016291942,8.924587359,1.527696001
1026,"Java, JavaScript","Kubernetes, Docker",0.018039077,0.372835005,0.971055953,-0.078728002,0.014116837,4.599177398,1.465219555
1027,R,"Python, SQL, Data Visualization",0.014554757,0.372881356,0.976441124,-0.063511666,0.013599284,15.23304321,1.555561383
1028,"Python, Docker","SQL, Go",0.024302033,0.373306233,0.961696136,-0.105896882,0.022154351,11.31547089,1.543033087
1029,"Python, Docker","Java, Go",0.024302033,0.373306233,0.961696136,-0.105896882,0.021738023,9.478132388,1.532828308
1030,"SQL, Data Analysis","Python, Data Visualization",0.014246019,0.373410405,0.976973405,-0.06205619,0.013123681,12.69315458,1.548991168
1031,"Python, Spark","Java, Hadoop",0.013937282,0.373522459,0.977465028,-0.060688925,0.013227983,19.64936126,1.565883118
1032,"SQL, Docker","AWS, NoSQL",0.017333392,0.373574144,0.972223393,-0.075464209,0.015876331,11.89613283,1.5462277
1033,"SQL, Agile","Python, Kubernetes",0.016098443,0.373592631,0.974122622,-0.070083359,0.013114598,5.39520109,1.485861577
1034,"SQL, Agile","Python, NoSQL",0.016098443,0.373592631,0.974122622,-0.070083359,0.014509593,10.13213602,1.537542495
1035,"SQL, Agile","AWS, NoSQL",0.016098443,0.373592631,0.974122622,-0.070083359,0.01474526,11.8967215,1.546273331
1036,"SQL, JavaScript","AWS, Kubernetes",0.013496229,0.373626374,0.978162779,-0.058748291,0.011240281,5.982507605,1.496785341
1037,Go,"Python, AWS, Docker",0.023684559,0.373695198,0.962671091,-0.103074141,0.021026165,8.90934935,1.52969582
1038,"Java, AWS, Go",NoSQL,0.011820227,0.373779637,0.980803762,-0.051426807,0.010263668,7.593822328,1.518280969
1039,"JavaScript, TypeScript","Go, HTML/CSS",0.011114542,0.37388724,0.981924873,-0.048339435,0.010735628,29.33268305,1.576798342
1040,"SQL, AWS","Python, Go",0.026374983,0.37398374,0.958759064,-0.114673841,0.022477524,6.767225326,1.509123788
1041,"Java, Go","JavaScript, TypeScript",0.014731178,0.374020157,0.976279386,-0.06404093,0.013560349,12.5818383,1.550006797
1042,"SQL, Kubernetes","Docker, Agile",0.017509813,0.374175306,0.972023258,-0.076081683,0.016259065,13.99946653,1.555183398
1043,Microsoft Azure,"Python, SQL, Java",0.010364751,0.374203822,0.983133771,-0.045031535,0.008650796,6.047272451,1.49908271
1044,NoSQL,"Java, Kubernetes",0.018436025,0.374551971,0.970658708,-0.080007057,0.015783146,6.949440954,1.512680912
1045,NoSQL,"AWS, Docker",0.018436025,0.374551971,0.970658708,-0.080007057,0.01546619,6.207760852,1.502385289
1046,"SQL, Java",Agile,0.030300357,0.374591058,0.953197046,-0.131477969,0.02244084,3.855244237,1.443593002
1047,TypeScript,"Java, Kubernetes",0.014378335,0.374712644,0.976893344,-0.062364927,0.012310231,6.95242207,1.513069607
1048,"Docker, Go","Python, TypeScript",0.011820227,0.374825175,0.980887635,-0.051250386,0.011128962,17.09941889,1.564489827
1049,"Python, Cloud Computing",Software Engineering,0.012217175,0.374830853,0.98026653,-0.052970494,0.009340614,4.247146386,1.458397701
1050,"SQL, JavaScript","Kubernetes, TypeScript",0.013540334,0.374847375,0.978205347,-0.058704186,0.012875977,20.38109,1.570189487
1051,Data Analytics,Data Visualization,0.013099281,0.375,0.978904752,-0.056763551,0.011346008,7.471331283,1.519693027
1052,"Python, R",Data Analysis,0.013893177,0.375,0.977671926,-0.060203767,0.010695371,4.344596321,1.461897411
1053,"Python, Hadoop","Java, Kafka",0.01018833,0.375,0.98346859,-0.044149429,0.009574804,16.60620117,1.563868919
1054,"Python, Hadoop","Java, Hive",0.01018833,0.375,0.98346859,-0.044149429,0.009869584,31.96381579,1.581228774
1055,"AWS, NoSQL","Kubernetes, Go",0.011776121,0.375,0.980970708,-0.051029859,0.010687481,10.81727099,1.544533145
1056,"Java, Go","Python, Scala",0.014775283,0.375139978,0.97632182,-0.063996824,0.013098948,8.814040116,1.532244548
1057,Jenkins,DevOps,0.018480131,0.375448029,0.970700744,-0.079962952,0.014772179,4.983918709,1.480530284
1058,AWS,Kubernetes,0.062453138,0.375596817,0.910978331,-0.270101001,0.044668906,3.511714075,1.430237088
1059,Hadoop,"Python, Spark, Kafka",0.012393596,0.375668449,0.980060629,-0.053587968,0.011853765,22.9583039,1.575504111
1060,"AWS, Docker","SQL, Go",0.022670136,0.375730994,0.964477351,-0.098002029,0.020679602,11.38896902,1.549026476
1061,Microsoft Azure,"AWS, JavaScript",0.010408856,0.375796178,0.983176688,-0.04498743,0.009454759,10.90963733,1.546856506
1062,"AWS, Agile","Java, Docker",0.017818551,0.376163873,0.97178591,-0.076919684,0.015305207,7.08957897,1.517932764
1063,R,Data Analysis,0.014687073,0.376271186,0.976568469,-0.06337935,0.011317956,4.359323766,1.464876822
1064,"AWS, NoSQL","Java, Go",0.011820227,0.376404494,0.98101347,-0.050985754,0.010583387,9.556796306,1.540443986
1065,"SQL, AWS","Java, Go",0.026551405,0.376485303,0.958923863,-0.11449742,0.023773726,9.55884802,1.540643631
1066,"Python, Kubernetes, Go",Scala,0.011158647,0.376488095,0.982051831,-0.048118908,0.009757299,7.962793455,1.527988617
1067,"Python, Hadoop","Java, AWS",0.010232435,0.376623377,0.983511529,-0.044105324,0.008023983,4.633305382,1.473770197
1068,"SQL, Agile","Java, NoSQL",0.016230759,0.376663255,0.974249471,-0.069951043,0.014746439,10.93480919,1.54900822
1069,"Python, JavaScript","SQL, Kubernetes",0.014819389,0.376681614,0.976405686,-0.063864508,0.012978353,8.049483734,1.529241354
1070,"Python, JavaScript","SQL, Docker",0.014819389,0.376681614,0.976405686,-0.063864508,0.012993969,8.118348139,1.529878184
1071,SQL,Java,0.080889163,0.376746097,0.88983697,-0.348520266,0.043777719,2.179628542,1.327149711
1072,"AWS, Go","Java, JavaScript",0.014025493,0.376777251,0.977633202,-0.060424293,0.012224421,7.787302294,1.526928312
1073,"Python, Java","SQL, AWS",0.040709214,0.376888526,0.939256429,-0.175318661,0.033091594,5.344086022,1.491668227
1074,"SQL, AWS, Go",GCP,0.010541172,0.376971609,0.983052302,-0.045384378,0.009358431,8.91248935,1.537173921
1075,"Python, AWS, Azure",Docker,0.01292286,0.377091377,0.979360341,-0.055616813,0.00951749,3.79484811,1.445847229
1076,"Python, SQL, Kubernetes",JavaScript,0.014819389,0.377104377,0.976447123,-0.063776298,0.011573023,4.564915933,1.472784035
1077,"Python, GCP","Java, Azure",0.011643805,0.377142857,0.981345998,-0.050103648,0.010898958,15.63246801,1.566770806
1078,"AWS, GCP","Python, Kubernetes",0.013893177,0.377245509,0.977879871,-0.059762713,0.011343013,5.447953774,1.494577166
1079,Security,Python,0.016010232,0.377338877,0.97465623,-0.06884841,0.003301834,1.259815103,1.124979098
1080,"Python, Azure",Kubernetes,0.01499581,0.377358491,0.976202596,-0.064481983,0.01074552,3.528185178,1.434283736
1081,"SQL, Docker","Kubernetes, Agile",0.017509813,0.377376426,0.972391992,-0.075287787,0.01627786,14.21304934,1.563462477
1082,"Java, Go",Scala,0.014863494,0.377379619,0.976406688,-0.063908614,0.013001286,7.981649354,1.530176529
1083,"Python, Jenkins",SQL,0.01018833,0.37745098,0.983637535,-0.043796586,0.004392922,1.758000427,1.261419198
1084,Reporting,Data Analysis,0.014069598,0.377514793,0.977634153,-0.060468399,0.010852757,4.373731681,1.467803365
1085,"HTML, CSS","Java, JavaScript",0.011290963,0.377581121,0.981927969,-0.048515856,0.00984413,7.803916823,1.528900379
1086,"Docker, Go","SQL, NoSQL",0.011908437,0.377622378,0.980973149,-0.051162175,0.010663604,9.566292925,1.543316631
1087,"Docker, Go","Kubernetes, NoSQL",0.011908437,0.377622378,0.980973149,-0.051162175,0.011207436,16.98776224,1.571025181
1088,Machine Learning,"Python, SQL",0.022978874,0.377810007,0.964327291,-0.098663609,0.014815903,2.81501357,1.391516274
1089,Snowflake,Redshift,0.011114542,0.377811094,0.982219366,-0.04772196,0.010655226,24.19805352,1.582134793
1090,Snowflake,"Python, Kafka",0.011114542,0.377811094,0.982219366,-0.04772196,0.010378858,15.10777944,1.567035787
1091,"Kubernetes, Go","Docker, Agile",0.013099281,0.377862595,0.979155122,-0.056234287,0.012172713,14.13742348,1.564400672
1092,Jira,Git,0.012084859,0.377931034,0.980724848,-0.05186786,0.010100528,6.090142391,1.507781069
1093,NoSQL,"AWS, Kubernetes",0.018612447,0.378136201,0.970826853,-0.079830636,0.015538407,6.054718982,1.507640199
1094,TypeScript,"Java, Docker",0.014510651,0.37816092,0.977020771,-0.062232611,0.012474702,7.127217397,1.522807629
1095,TypeScript,"SQL, JavaScript, Go",0.014510651,0.37816092,0.977020771,-0.062232611,0.013872619,22.74281838,1.581393521
1096,"Java, JavaScript","SQL, AWS",0.018303709,0.378304467,0.971308372,-0.078463371,0.014891489,5.364163336,1.495065571
1097,"SQL, Go","Java, NoSQL",0.012481807,0.378342246,0.980146023,-0.053499757,0.011345398,10.98355153,1.553191826
1098,"Python, SQL, Docker",JavaScript,0.014819389,0.378378378,0.976571453,-0.063511666,0.011583953,4.580337946,1.475802477
1099,"AWS, GCP","SQL, Java",0.013937282,0.378443114,0.977922409,-0.059718608,0.010958301,4.678539105,1.4787236
1100,"SQL, JavaScript","AWS, Go",0.01367265,0.378510379,0.97833305,-0.05857187,0.012328003,10.16820594,1.549141086
1101,"SQL, JavaScript","Docker, TypeScript",0.01367265,0.378510379,0.97833305,-0.05857187,0.012990768,20.05132199,1.578663404
1102,"Python, SQL, Go",HTML/CSS,0.011687911,0.378571429,0.981388782,-0.050059542,0.011150041,21.73,1.581160639
1103,CSS,"Java, HTML",0.013275702,0.378616352,0.97895006,-0.056851762,0.01268494,22.47216899,1.582197681
1104,Tableau,R,0.019538658,0.378632479,0.969508871,-0.083667799,0.017524419,9.700264619,1.546535272
1105,"AWS, JavaScript","Python, Kubernetes",0.013055176,0.37900128,0.979321225,-0.05583734,0.010669932,5.473309574,1.498802836
1106,"Docker, Go","Kubernetes, TypeScript",0.011952543,0.379020979,0.981015906,-0.05111807,0.011372548,20.60801596,1.580742742
1107,"Java, Docker",JavaScript,0.020112028,0.379052369,0.968713352,-0.086005381,0.015728887,4.588496724,1.477404347
1108,"Docker, JavaScript","TypeScript, HTML/CSS",0.010232435,0.379084967,0.983680481,-0.043752481,0.009826471,25.20525943,1.586304136
1109,"Python, Java, Kubernetes",JavaScript,0.014951705,0.379194631,0.976450121,-0.063908614,0.011694408,4.590218828,1.477742904
1110,Oracle,Java,0.010452962,0.3792,0.98334621,-0.044678693,0.005688243,2.193825364,1.332395678
1111,"SQL, Docker","AWS, Agile",0.017598024,0.379277567,0.972476291,-0.075199577,0.015400154,8.006853134,1.534713152
1112,TypeScript,"AWS, Docker",0.014554757,0.379310345,0.977063246,-0.062188506,0.012239563,6.286625328,1.513902978
1113,"Java, AWS, Agile",Scala,0.012834649,0.379400261,0.979692833,-0.054822917,0.011235194,8.024386299,1.535158707
1114,Microservices,"Kubernetes, Docker",0.01499581,0.379464286,0.976409691,-0.06404093,0.01179223,4.680954162,1.480872727
1115,"SQL, Scala","Java, NoSQL",0.011820227,0.379603399,0.981265238,-0.05045649,0.010747627,11.02016373,1.556349183
1116,"Java, Go","Python, TypeScript",0.014951705,0.379619261,0.976491556,-0.063820403,0.014088349,17.31812375,1.576579659
1117,"Kubernetes, Docker, Go",Open Source RDBMS,0.011687911,0.37965616,0.981472765,-0.049883121,0.011132568,21.04631816,1.582930079
1118,Hadoop,"Python, AWS, Spark",0.012525912,0.379679144,0.98018872,-0.053455652,0.011890047,19.69900513,1.580997906
1119,"SQL, Go","AWS, TypeScript",0.012525912,0.379679144,0.98018872,-0.053455652,0.011702343,15.20930255,1.5718259
1120,"SQL, Go","Kubernetes, Agile",0.012525912,0.379679144,0.98018872,-0.053455652,0.01164996,14.29977615,1.56926627
1121,"Kubernetes, Docker",Go,0.030785516,0.379760609,0.95349027,-0.131345653,0.025647632,5.991866594,1.510095399
1122,NoSQL,"Java, Agile",0.018700657,0.379928315,0.970910925,-0.079742425,0.016225795,7.556240961,1.531629253
1123,"Python, Data Analysis",Tableau,0.012084859,0.380027739,0.980892537,-0.051515018,0.010443879,7.364417891,1.529740654
1124,"Python, JavaScript","Java, Kubernetes",0.014951705,0.380044843,0.976532994,-0.063732192,0.012831303,7.05135575,1.526083434
1125,"Java, Software Engineering","SQL, AWS",0.013496229,0.380124224,0.97874606,-0.057513342,0.010992275,5.389966555,1.499454605
1126,Kafka,Scala,0.013849072,0.380145278,0.978211839,-0.059012923,0.012126581,8.040143562,1.53700385
1127,"SQL, AWS, Agile",Scala,0.010982226,0.380152672,0.982596022,-0.046795748,0.009616328,8.040299932,1.537022182
1128,"AWS, Software Engineering","Python, Docker",0.011687911,0.380200861,0.981514763,-0.04979491,0.009686662,5.840307668,1.508392773
1129,"AWS, Software Engineering","Java, Docker",0.011687911,0.380200861,0.981514763,-0.04979491,0.010056811,7.165664271,1.527819637
1130,"Python, Software Engineering","Java, AWS",0.014642967,0.380297824,0.977023698,-0.062364927,0.011513131,4.678509254,1.482508734
1131,Tableau,Power BI,0.019626869,0.38034188,0.969592753,-0.083579588,0.017837951,10.97136317,1.557848086
1132,"Kubernetes, Go","Docker, JavaScript",0.013187492,0.380407125,0.979240377,-0.056146077,0.01225175,14.09308944,1.570398209
1133,"Docker, Go",TypeScript,0.011996648,0.38041958,0.981058663,-0.051073965,0.010786587,9.914084077,1.552063845
1134,TypeScript,"JavaScript, HTML/CSS",0.014598862,0.38045977,0.977105721,-0.062144401,0.013977754,23.50453506,1.587973305
1135,"AWS, DevOps","Kubernetes, Docker",0.011246857,0.380597015,0.982221651,-0.047854276,0.008851324,4.69492716,1.483580863
1136,"Java, Docker",Agile,0.020200238,0.380714879,0.968797118,-0.08591717,0.015044841,3.918269842,1.45786802
1137,"Docker, JavaScript","Java, HTML/CSS",0.01027654,0.380718954,0.983723427,-0.043708376,0.00985748,24.52284332,1.589706213
1138,Terraform,"Python, Ansible",0.016760023,0.380761523,0.973892104,-0.071274203,0.015601014,14.46064659,1.572365346
1139,"SQL, Machine Learning","Python, Data Visualization",0.010011908,0.380872483,0.984141991,-0.042561637,0.009238598,12.94680931,1.567660495
1140,Hadoop,"Python, Scala, Spark",0.012570017,0.381016043,0.980231416,-0.053411547,0.011938517,19.90501553,1.584626351
1141,"SQL, Scala",Spark,0.011864332,0.38101983,0.981308011,-0.050412385,0.010547273,9.008198755,1.547227264
1142,"SQL, Scala","AWS, Kubernetes",0.011864332,0.38101983,0.981308011,-0.050412385,0.009919644,6.100891671,1.514663809
1143,"Java, Kubernetes, Go",TypeScript,0.010761699,0.38125,0.983013769,-0.045693115,0.009678567,9.935725575,1.554146858
1144,"Java, Kubernetes, Go",Open Source RDBMS,0.010761699,0.38125,0.983013769,-0.045693115,0.010252503,21.13467298,1.587007552
1145,"Python, Software Engineering",Docker,0.014687073,0.381443299,0.977066168,-0.062320822,0.010860963,3.83864355,1.456019642
1146,"AWS, Go","Python, JavaScript",0.014201914,0.381516588,0.977803291,-0.060247872,0.012737414,9.697450216,1.553247884
1147,"Java, Agile",Kubernetes,0.019185816,0.381578947,0.970394322,-0.081374322,0.01380809,3.567645144,1.444072104
1148,TypeScript,"Python, AWS, JavaScript",0.014642967,0.381609195,0.977148197,-0.062100296,0.013825541,17.91350991,1.582651491
1149,"AWS, Software Engineering","Python, Kubernetes",0.011732016,0.381635581,0.981557552,-0.049750805,0.009603316,5.511352567,1.505187901
1150,Spark,"Java, Scala",0.016142548,0.38164755,0.974906906,-0.068451462,0.014510216,9.889251303,1.55478941
1151,"SQL, Java","Python, Docker",0.030873726,0.381679389,0.953727506,-0.1309046,0.025607886,5.863019508,1.511999643
1152,Microservices,"Java, AWS",0.015084021,0.381696429,0.976494548,-0.063952719,0.011871726,4.695715206,1.485862174
1153,NoSQL,"AWS, Agile",0.018788868,0.38172043,0.970994998,-0.079654214,0.016457287,8.05842394,1.540776906
1154,"Java, AWS, Docker",JavaScript,0.014598862,0.38177624,0.977230246,-0.061879769,0.01143994,4.621469668,1.483913735
1155,"Docker, Go",NoSQL,0.012040753,0.381818182,0.98110142,-0.051029859,0.010488537,7.757135875,1.538023978
1156,"Java, Go",TypeScript,0.015039915,0.381858903,0.976576424,-0.063732192,0.013528608,9.951594136,1.555677777
1157,R,"SQL, Data Visualization",0.014907599,0.381920904,0.976780711,-0.063158823,0.013547557,10.96112994,1.561542528
1158,Tableau,"SQL, Data Visualization",0.01971508,0.382051282,0.969676635,-0.083491377,0.017917058,10.96487179,1.561871991
1159,"SQL, Java, Go",HTML/CSS,0.011864332,0.382102273,0.981391966,-0.050235963,0.011323389,21.93267045,1.590195843
1160,"SQL, JavaScript","AWS, Docker",0.013804966,0.382173382,0.978460753,-0.058439554,0.011625491,6.334076823,1.520918475
1161,Windows,Python,0.015789706,0.382478632,0.975517811,-0.06677546,0.003424777,1.276975119,1.134342526
1162,Attention to Detail,Teamwork,0.014069598,0.382494005,0.978091632,-0.059498081,0.010172682,3.610444034,1.44785479
1163,C++,Java,0.023949191,0.382663848,0.963639382,-0.101221717,0.013131372,2.213865124,1.339871696
1164,"Python, NoSQL","Java, Scala",0.014113704,0.38277512,0.978050959,-0.059630397,0.012690732,9.9184689,1.557629759
1165,"Java, Scala","Python, Go",0.014775283,0.382857143,0.977068116,-0.062409033,0.012642527,6.927789306,1.53082227
1166,"Java, Scala","Python, Spark",0.014775283,0.382857143,0.977068116,-0.062409033,0.01333529,10.26066194,1.559909323
1167,"Python, Java, Scala",Docker,0.01358444,0.383084577,0.978872939,-0.057336921,0.010060737,3.855160505,1.459893322
1168,"AWS, Docker, Go",Scala,0.010497067,0.383252818,0.983557998,-0.044281745,0.009202071,8.105868604,1.54474819
1169,"SQL, Java","Python, Kubernetes",0.031006042,0.383315158,0.95384992,-0.130772284,0.025404843,5.535608013,1.509287368
1170,Go,"Python, SQL, Docker",0.024302033,0.383437717,0.963251763,-0.102456667,0.021819748,9.790183973,1.558373744
1171,Go,"Python, Java, Docker",0.024302033,0.383437717,0.963251763,-0.102456667,0.021853292,9.924296082,1.559232155
1172,Docker,"Python, AWS, Kubernetes",0.038107,0.383488682,0.944275054,-0.160631588,0.033746198,8.738531539,1.55084777
1173,NoSQL,"SQL, Agile",0.018877078,0.383512545,0.97107907,-0.079566004,0.016756078,8.90008181,1.552195573
1174,Hadoop,"Spark, Hive",0.012658228,0.38368984,0.98031681,-0.053323336,0.012169325,25.89107063,1.598514311
1175,"SQL, Go","Docker, JavaScript",0.012658228,0.38368984,0.98031681,-0.053323336,0.011767726,14.21470545,1.57876278
1176,Data Analytics,"Python, SQL",0.013408018,0.383838384,0.979203068,-0.056454814,0.008719786,2.859930226,1.405130534
1177,"AWS, Azure",SQL,0.020332554,0.383846794,0.969003937,-0.085608433,0.008959539,1.787789311,1.274513024
1178,"SQL, Java",Go,0.031050148,0.383860414,0.953890725,-0.130728179,0.025923445,6.056553358,1.520143604
1179,TypeScript,"SQL, AWS, JavaScript",0.014731178,0.383908046,0.977233148,-0.062012085,0.013920522,18.17191467,1.588843262
1180,TypeScript,"Java, JavaScript, Go",0.014731178,0.383908046,0.977233148,-0.062012085,0.014055913,21.81540633,1.594570371
1181,"Java, Go","SQL, Agile",0.015128126,0.384098544,0.976661292,-0.063643982,0.013430945,8.913680955,1.55367241
1182,"Python, Data Analysis","SQL, R",0.012217175,0.384188627,0.981020775,-0.051382702,0.011211549,12.14882669,1.572521271
1183,"Python, Cloud Computing","Kubernetes, Docker",0.012525912,0.384303112,0.980565522,-0.052661756,0.009883674,4.740644432,1.492511061
1184,Cloud computing,"SQL, Java",0.010144224,0.384615385,0.984186326,-0.042605743,0.008010774,4.754844392,1.49355511
1185,"Docker, Go","Java, JavaScript",0.012128964,0.384615385,0.981186933,-0.050941649,0.010603174,7.949302293,1.546376748
1186,"Python, Kubernetes","Docker, Go",0.026639615,0.384713376,0.960153446,-0.1118511,0.024455942,12.19944947,1.574005765
1187,Docker,"Java, AWS",0.038239315,0.38482024,0.94439541,-0.160499272,0.030161972,4.734145032,1.493407209
1188,Go,"SQL, Java, Kubernetes",0.024390244,0.384829506,0.963334716,-0.102368456,0.022109225,10.69269533,1.567061596
1189,Go,"SQL, Java, Docker",0.024390244,0.384829506,0.963334716,-0.102368456,0.022131588,10.7985636,1.567635164
1190,Software engineering,AWS,0.011202752,0.384848485,0.982599751,-0.047016275,0.006362508,2.314501246,1.355313138
1191,"Python, Java, JavaScript",Agile,0.010982226,0.384853168,0.982933105,-0.046090063,0.008209539,3.960860594,1.467675563
1192,"SQL, Cloud Computing","Python, Kubernetes",0.010100119,0.38487395,0.984270242,-0.042385216,0.008282936,5.558119146,1.513112055
1193,"Python, SQL, Java",NoSQL,0.023816875,0.384889522,0.964155175,-0.099942663,0.020771057,7.819534178,1.545703567
1194,"SQL, Go",HTML/CSS,0.012702333,0.385026738,0.980359506,-0.053279231,0.012127581,22.10053476,1.597757915
1195,"AWS, DevOps",Java,0.011379173,0.385074627,0.982350169,-0.04772196,0.006271395,2.227812456,1.345124585
1196,"Java, Scala",Go,0.014863494,0.385142857,0.977153049,-0.062320822,0.012417548,6.076787752,1.523314254
1197,Scrum,AWS,0.012217175,0.385257302,0.981104651,-0.051206281,0.006944241,2.316959895,1.35621445
1198,"SQL, Scala","AWS, Docker",0.011996648,0.385269122,0.981436332,-0.050280069,0.010117881,6.385385087,1.528577709
1199,"AWS, JavaScript","Go, TypeScript",0.013275702,0.385403329,0.979534408,-0.055616813,0.012695344,22.87499916,1.599669853
1200,"Python, Scala",Agile,0.01640718,0.385492228,0.974913275,-0.068716094,0.01227172,3.967437714,1.469201877
1201,Go,"Python, SQL, Kubernetes",0.024434349,0.3855254,0.963376192,-0.102324351,0.021943677,9.810345003,1.563453
1202,"Python, Agile",Docker,0.020067922,0.38559322,0.9696055,-0.084020641,0.014896319,3.880406163,1.465854115
1203,"AWS, GCP","Kubernetes, Docker",0.014201914,0.385628743,0.978177642,-0.059453976,0.011216435,4.756996996,1.495731456
1204,"AWS, Scala","Java, NoSQL",0.011379173,0.385650224,0.982392254,-0.047633749,0.010362786,11.19570747,1.57166777
1205,"JavaScript, TypeScript","Kubernetes, Go",0.011467384,0.385756677,0.982267529,-0.047986592,0.010436845,11.12755869,1.571581129
1206,Spark,"SQL, Hadoop",0.01631897,0.385818561,0.975076168,-0.068275041,0.015397401,17.70782234,1.592708454
1207,"SQL, JavaScript",HTML/CSS,0.013937282,0.385836386,0.978588456,-0.058307238,0.013307975,22.14700855,1.599864229
1208,Statistics,R,0.010585278,0.38585209,0.983601631,-0.044281745,0.00951446,9.885225353,1.564715556
1209,"SQL, Docker",JavaScript,0.017906761,0.385931559,0.972771338,-0.074890839,0.01407379,4.671770548,1.493955181
1210,"AWS, Software Engineering","Java, Kubernetes",0.011864332,0.385939742,0.981685922,-0.049618489,0.010207471,7.160729758,1.540733636
1211,NoSQL,"Python, Agile",0.019009394,0.386200717,0.971205179,-0.079433688,0.016447695,7.420617672,1.544406688
1212,Go,"Java, AWS, Docker",0.024478455,0.386221294,0.963417669,-0.102280245,0.022054872,10.10011004,1.566950231
1213,"AWS, NoSQL","SQL, Go",0.012128964,0.386235955,0.981312807,-0.050677017,0.011092955,11.70739012,1.575539046
1214,"Python, AWS, Go",Scala,0.012658228,0.386271871,0.980526136,-0.052882283,0.01110882,8.169722133,1.552347119
1215,"SQL, R","Python, Data Analysis",0.012217175,0.386331939,0.981188542,-0.051029859,0.011211549,12.14882669,1.57772601
1216,"SQL, Go","Kubernetes, JavaScript",0.012746438,0.386363636,0.980402203,-0.053235125,0.011924324,15.504465,1.589020061
1217,"SQL, Go","Docker, Agile",0.012746438,0.386363636,0.980402203,-0.053235125,0.011864667,14.45548305,1.586073172
1218,"SQL, Kubernetes",JavaScript,0.018083183,0.386427898,0.972570995,-0.075508314,0.01421742,4.677778823,1.495163692
1219,"SQL, Java, AWS",JavaScript,0.018303709,0.386766076,0.97229007,-0.076346315,0.014394225,4.681872531,1.495988225
1220,"Python, Java, Scala",Kubernetes,0.013716756,0.38681592,0.979000724,-0.057204605,0.009924044,3.616609222,1.456405377
1221,"Kubernetes, Docker, Go",NoSQL,0.011908437,0.386819484,0.981686706,-0.049662594,0.010393127,7.858743877,1.550568608
1222,Spark,"Python, Kafka",0.016363075,0.386861314,0.975118483,-0.068230935,0.015305323,15.46967649,1.590165983
1223,"Python, Git",SQL,0.012393596,0.387052342,0.980982093,-0.051647334,0.005518651,1.802719339,1.281178375
1224,"Python, Git",AWS,0.012393596,0.387052342,0.980982093,-0.051647334,0.007069327,2.327755369,1.360186174
1225,"JavaScript, TypeScript","Docker, Go",0.011511489,0.387240356,0.982310361,-0.047942487,0.01057404,12.27958125,1.580496861
1226,"SQL, Machine Learning","Python, R",0.01018833,0.387583893,0.984313894,-0.042385216,0.009214445,10.46153523,1.572381126
1227,"Python, AWS, Kubernetes",Agile,0.017024655,0.387939698,0.974269055,-0.070744939,0.012760631,3.992626774,1.475076835
1228,"AWS, JavaScript","Python, Docker",0.013363913,0.387964149,0.979619681,-0.055528602,0.01112148,5.959560393,1.527525782
1229,Scrum,SQL,0.012305385,0.388038943,0.98119015,-0.05111807,0.005496728,1.807314493,1.283243886
1230,"Kubernetes, Go",Agile,0.013452124,0.388040712,0.979496142,-0.055881445,0.010083759,3.993666398,1.475320321
1231,"Kubernetes, Go",JavaScript,0.013452124,0.388040712,0.979496142,-0.055881445,0.010588326,4.697302228,1.499104185
1232,Data Warehousing,Data Analysis,0.011467384,0.388059701,0.982435848,-0.047633749,0.008916753,4.49590067,1.493096441
1233,"SQL, Scala","AWS, Go",0.012084859,0.388101983,0.981521879,-0.050191858,0.010925737,10.42587235,1.573424133
1234,"SQL, Cloud Computing","Java, Kubernetes",0.01018833,0.388235294,0.984356197,-0.042297005,0.008773936,7.20332146,1.546515001
1235,"Kubernetes, Docker, Go",TypeScript,0.011952543,0.388252149,0.981729494,-0.049618489,0.010771252,10.11820802,1.571935834
1236,"Python, Kubernetes, Go",NoSQL,0.011511489,0.388392857,0.982394517,-0.047766065,0.010052623,7.890709005,1.55455748
1237,TypeScript,"SQL, Go",0.014907599,0.388505747,0.97740305,-0.061835664,0.013641689,11.77619092,1.581387255
1238,TypeScript,"Python, SQL, Go",0.014907599,0.388505747,0.97740305,-0.061835664,0.013722924,12.58370115,1.584849357
1239,"Java, Go","Python, Agile",0.015304547,0.388577828,0.976831028,-0.063467561,0.013254728,7.466292444,1.550411092
1240,Kafka,"Python, AWS",0.014157809,0.388619855,0.978509724,-0.058704186,0.010409142,3.776758665,1.467339571
1241,Docker,"Python, Java",0.038636263,0.388814913,0.944756479,-0.160102324,0.027902995,3.599673554,1.459436891
1242,Hadoop,NoSQL,0.012834649,0.389037433,0.980487597,-0.053146915,0.011210792,7.90380441,1.556197565
1243,"Java, AWS",Go,0.031623517,0.389039609,0.954070811,-0.130948706,0.026471656,6.138270746,1.533030069
1244,"Kubernetes, DevOps","Python, AWS",0.010673488,0.389067524,0.983687487,-0.044193534,0.007850643,3.78110929,1.468414785
1245,Node.js,"Python, AWS",0.011996648,0.389127325,0.981730276,-0.049662594,0.00882435,3.781690456,1.468558534
1246,"SQL, Machine Learning",R,0.010232435,0.389261745,0.98435687,-0.042341111,0.009206378,9.972578015,1.573451116
1247,Power BI,"Python, Tableau",0.013496229,0.389312977,0.97953877,-0.05583734,0.012357132,11.8481787,1.583694262
1248,"Python, SQL, AWS",NoSQL,0.022493715,0.389312977,0.966643039,-0.093062233,0.019649794,7.909402446,1.556899727
1249,Cloud computing,"Python, SQL",0.01027654,0.389632107,0.984315242,-0.042473427,0.006736688,2.903098509,1.418468289
1250,TypeScript,"Python, Java, Go",0.014951705,0.389655172,0.977445525,-0.061791558,0.013616406,11.19727722,1.581402604
1251,"SQL, Java, JavaScript",Agile,0.010982226,0.389671362,0.983270419,-0.045384378,0.008243822,4.010448833,1.479262016
1252,Go,"Java, AWS, Kubernetes",0.024698981,0.389700765,0.963625052,-0.102059719,0.022236263,10.02915489,1.574872056
1253,"SQL, Agile","Python, Docker",0.016804128,0.389969294,0.974799154,-0.069377674,0.013998934,5.990361651,1.532546695
1254,"SQL, Agile","Java, Docker",0.016804128,0.389969294,0.974799154,-0.069377674,0.014517781,7.349770405,1.552284641
1255,"Python, SQL, Go",NoSQL,0.012040753,0.39,0.981731057,-0.0497067,0.010521101,7.923360215,1.558653211
1256,"Python, SQL, Agile",Scala,0.012437701,0.390041494,0.981150624,-0.051338597,0.010930001,8.249450362,1.561940826
1257,"Kubernetes, Docker","SQL, AWS",0.031623517,0.390097933,0.954265432,-0.130507652,0.025906414,5.531388633,1.523975138
1258,Microsoft Azure,"Python, SQL, AWS",0.010805804,0.390127389,0.983562937,-0.044590482,0.009205462,6.752181893,1.54494891
1259,"Java, Docker, Go",TypeScript,0.010805804,0.390127389,0.983562937,-0.044590482,0.009742981,10.16707848,1.576769231
1260,"Java, Docker, Go",Open Source RDBMS,0.010805804,0.390127389,0.983562937,-0.044590482,0.010306155,21.62679286,1.610108249
1261,"Docker, Go","Python, JavaScript",0.012305385,0.39020979,0.981357961,-0.050765227,0.011064725,9.918415441,1.575391071
1262,"Python, Ansible","Kubernetes, Terraform",0.01027654,0.390284757,0.984357542,-0.042385216,0.009668002,16.88726393,1.602205
1263,"Communication, Leadership",Teamwork,0.020332554,0.390347163,0.969816383,-0.08384422,0.014814259,3.684571705,1.466505131
1264,"SQL, Spark","Python, Scala",0.010452962,0.390444811,0.984106529,-0.043090901,0.009313504,9.173632321,1.570716449
1265,"SQL, Spark","Python, Kafka",0.010452962,0.390444811,0.984106529,-0.043090901,0.009783457,15.61297212,1.599514365
1266,"AWS, NoSQL","Kubernetes, Agile",0.01226128,0.390449438,0.981441095,-0.050544701,0.011427486,14.70541547,1.596994009
1267,Analytical Skills,Communication Skills,0.015877916,0.390455531,0.976181394,-0.0654523,0.013345427,6.269687156,1.538400119
1268,Kubernetes,"SQL, Docker",0.041767741,0.390515464,0.941110845,-0.172143078,0.036805139,8.416499157,1.56460278
1269,"Docker, JavaScript","SQL, HTML/CSS",0.010541172,0.390522876,0.983981104,-0.043443744,0.010147113,26.75022708,1.616797577
1270,Time Management,Teamwork,0.010894015,0.390822785,0.98347994,-0.044855114,0.007940956,3.689061199,1.46765012
1271,Excel,SQL,0.012481807,0.390883978,0.98115143,-0.051382702,0.005625801,1.820565413,1.289237611
1272,"SQL, Scala","Python, NoSQL",0.012173069,0.390934844,0.981607425,-0.050103648,0.011024934,10.60247096,1.581321703
1273,GCP,Docker,0.016539496,0.391032325,0.975287745,-0.068054514,0.012336473,3.935142438,1.478946656
1274,Go,"Python, AWS, Kubernetes",0.024787192,0.391092554,0.963708005,-0.101971508,0.022005802,8.911800478,1.570214339
1275,"Python, JavaScript","Java, Docker",0.015392758,0.391255605,0.976957352,-0.063291139,0.013305325,7.374013583,1.555564707
1276,Cloud Computing,"Python, SQL",0.020994134,0.391769547,0.969063965,-0.086181802,0.013801959,2.919024301,1.423453062
1277,Go,"Python, Java, Kubernetes",0.024831297,0.391788448,0.963749482,-0.101927403,0.022332239,9.936263406,1.579335081
1278,"AWS, JavaScript","SQL, Kubernetes",0.013496229,0.391805378,0.979747591,-0.055396286,0.011884291,8.372670433,1.567268464
1279,TypeScript,HTML/CSS,0.015039915,0.391954023,0.977530476,-0.061703348,0.01437142,22.49816092,1.615960691
1280,TypeScript,"Java, Go",0.015039915,0.391954023,0.977530476,-0.061703348,0.013528608,9.951594136,1.579837681
1281,"Java, Scala","Python, Agile",0.015128126,0.392,0.977407848,-0.06205619,0.013119625,7.532047458,1.559137694
1282,"SQL, Kubernetes","Docker, NoSQL",0.018347815,0.392082941,0.972823797,-0.075243682,0.017348867,18.36714156,1.609846291
1283,"Java, Cloud Computing",Go,0.010100119,0.392123288,0.984735778,-0.041414899,0.008467625,6.186925053,1.540806929
1284,"Java, Kubernetes, Go",Scala,0.011070436,0.3921875,0.983314031,-0.045384378,0.009735819,8.294838794,1.567455577
1285,DevOps,AWS,0.029550567,0.392271663,0.957425864,-0.121113218,0.0170246,2.359144671,1.371867789
1286,"Python, JavaScript","SQL, Go",0.015436863,0.392376682,0.976999788,-0.063247034,0.014138942,11.89352474,1.591461665
1287,"Java, Kubernetes, Docker",Agile,0.018039077,0.392514395,0.973308033,-0.073876417,0.013573638,4.039708982,1.486184965
1288,"Java, Kubernetes, Docker",JavaScript,0.018039077,0.392514395,0.973308033,-0.073876417,0.014242541,4.75145696,1.510143981
1289,"AWS, Docker","Python, Go",0.023684559,0.39254386,0.96543405,-0.096987606,0.020350147,7.103070175,1.55523332
1290,"Python, Java, Kubernetes",NoSQL,0.015480969,0.39261745,0.976959308,-0.06337935,0.013540155,7.976537129,1.56537006
1291,"Python, Java, Docker",NoSQL,0.015172231,0.392694064,0.977408807,-0.062100296,0.013270495,7.978093648,1.565567538
1292,Data Visualization,"SQL, Tableau",0.01971508,0.392794376,0.970979799,-0.080668637,0.017680663,9.690780075,1.580135575
1293,"Python, R","SQL, Data Visualization",0.014554757,0.392857143,0.978309871,-0.059542187,0.013263869,11.275,1.589670014
1294,Ansible,"Python, Terraform",0.016760023,0.392967942,0.975169205,-0.068539673,0.015497815,13.27833406,1.598606392
1295,"SQL, Kubernetes",Agile,0.01839192,0.393025448,0.972865931,-0.075199577,0.013845057,4.044968668,1.487436284
1296,"SQL, Agile","AWS, Kubernetes",0.016936444,0.393039918,0.974926004,-0.069245358,0.014245282,6.293357389,1.544659838
1297,"SQL, Go",NoSQL,0.012966965,0.393048128,0.980615687,-0.053014599,0.011343108,7.98528693,1.566480809
1298,Hadoop,"Spark, Kafka",0.012966965,0.393048128,0.980615687,-0.053014599,0.012368932,21.68267692,1.617710988
1299,"Azure, GCP","AWS, Kubernetes",0.010232435,0.393220339,0.984610755,-0.041811847,0.008607271,6.296246289,1.54511913
1300,"AWS, NoSQL",Go,0.012349491,0.393258427,0.98152662,-0.05045649,0.010359189,6.204835292,1.54368959
1301,Microsoft Azure,"SQL, Java",0.010894015,0.393312102,0.98364877,-0.044502271,0.008653535,4.86235839,1.514964844
1302,NoSQL,"SQL, Docker",0.019362237,0.393369176,0.971541469,-0.079080845,0.017078417,8.478003155,1.571962982
1303,"Python, SQL, NoSQL",Go,0.012040753,0.393371758,0.981983139,-0.049177436,0.010100769,6.206623429,1.543977984
1304,"Python, SQL, Java",Agile,0.024346139,0.393442623,0.964653597,-0.099413399,0.018333651,4.049262183,1.488459306
1305,"AWS, Kubernetes, Go",JavaScript,0.011202752,0.39379845,0.983231838,-0.045693115,0.008852689,4.767000666,1.513342763
1306,"JavaScript, HTML",SQL,0.010320646,0.393939394,0.984527442,-0.042076479,0.004695691,1.834796195,1.29573722
1307,Docker,"Python, SQL",0.039165527,0.394141145,0.945237904,-0.15957306,0.025828926,2.93669477,1.429025083
1308,Hadoop,"AWS, Spark",0.01301107,0.394385027,0.980658384,-0.052970494,0.012328643,19.06586719,1.617058109
1309,"Docker, Go","Java, Agile",0.012437701,0.394405594,0.981486232,-0.050632911,0.010852104,7.844173721,1.568244228
1310,"Python, SQL, Tableau",Data Analysis,0.011070436,0.394654088,0.983482775,-0.045031535,0.00864924,4.572300531,1.509361613
1311,Project management,Communication,0.011996648,0.395348837,0.982192543,-0.048692277,0.006378245,2.135241588,1.347629678
1312,"SQL, Docker","Kubernetes, NoSQL",0.018347815,0.395437262,0.973192835,-0.074449786,0.017316412,17.78918462,1.61731919
1313,"AWS, Kubernetes","Java, Go",0.024698981,0.395480226,0.964465109,-0.100207295,0.022239199,10.04112336,1.589052976
1314,"Java, Cloud Computing","SQL, Kubernetes",0.01018833,0.395547945,0.984821774,-0.041326688,0.008982988,8.452647089,1.576972473
1315,"Java, Cloud Computing","AWS, Kubernetes",0.01018833,0.395547945,0.984821774,-0.041326688,0.008579692,6.333515933,1.551069029
1316,"Python, AWS","SQL, Java",0.040709214,0.395627947,0.943613533,-0.165086226,0.032385903,4.890988244,1.520769916
1317,"Python, Java, JavaScript",HTML/CSS,0.011290963,0.395672334,0.983233276,-0.045781326,0.010793817,22.71159196,1.625903384
1318,"Python, Spark","Java, Scala",0.014775283,0.395981087,0.978272886,-0.059850924,0.01333529,10.26066194,1.591684999
1319,"Python, AWS, NoSQL",RDBMS,0.010497067,0.396006656,0.984403197,-0.042517532,0.010011885,21.63532266,1.625342895
1320,"Java, Software Engineering","Python, SQL",0.014069598,0.396273292,0.97929977,-0.056939973,0.009304412,2.95258112,1.434071889
1321,"Java, Go","SQL, JavaScript",0.015613285,0.396416573,0.977128066,-0.063158823,0.014190571,10.97430155,1.596925458
1322,"SQL, AWS",Go,0.027962775,0.396497811,0.960242254,-0.113086049,0.023492984,6.255946327,1.551975564
1323,"AWS, Agile",NoSQL,0.018788868,0.396648045,0.972712343,-0.075949367,0.016457287,8.05842394,1.575827261
1324,"AWS, Kubernetes","Python, Go",0.024787192,0.396892655,0.964548134,-0.100119084,0.021335783,7.181761512,1.566447562
1325,"AWS, JavaScript","SQL, Go",0.01367265,0.396927017,0.979918138,-0.055219865,0.012536241,12.0314522,1.603469638
1326,"Python, Ansible",AWS,0.010452962,0.396984925,0.984529437,-0.042208795,0.00607474,2.387490503,1.382590526
1327,Attention to detail,Communication,0.011732016,0.397014925,0.982692884,-0.047369117,0.006260606,2.144239972,1.351353269
1328,"Python, Jenkins",DevOps,0.010717594,0.397058824,0.984152888,-0.043267322,0.008684201,5.270793153,1.533595886
1329,Kafka,Hadoop,0.014466546,0.397094431,0.978807609,-0.058395448,0.013264659,12.03652678,1.603914888
1330,"SQL, Tableau",Data Analysis,0.016098443,0.397170838,0.976517464,-0.064967142,0.012599891,4.601458563,1.515663042
1331,GCP,"AWS, Kubernetes",0.016804128,0.397288843,0.975541638,-0.067789882,0.014162548,6.361391191,1.555549205
1332,"AWS, Software Engineering",Go,0.012217175,0.397417504,0.982028241,-0.049265646,0.010268804,6.270457243,1.554344269
1333,"AWS, NoSQL","Docker, Agile",0.012481807,0.39747191,0.981654907,-0.050324174,0.011642473,14.87109013,1.615314191
1334,"Python, Software Engineering",Kubernetes,0.015304547,0.397479954,0.977660749,-0.061703348,0.011186342,3.71631464,1.482182372
1335,"Java, Go","AWS, Agile",0.01565739,0.397536394,0.9771705,-0.063114718,0.013791707,8.392311606,1.58122561
1336,"JavaScript, TypeScript","AWS, HTML/CSS",0.011820227,0.397626113,0.982610185,-0.047633749,0.011422958,29.75371899,1.63791311
1337,Reporting,SQL,0.014819389,0.397633136,0.978357003,-0.059718608,0.006817559,1.852000019,1.303682743
1338,"Python, SQL, NoSQL",Scala,0.012173069,0.397694524,0.982111525,-0.04904512,0.010725844,8.41131339,1.581787203
1339,"Python, Hadoop","SQL, Java",0.010805804,0.397727273,0.984069732,-0.043531954,0.008608136,4.91694136,1.526070823
1340,"Python, Java, Scala",NoSQL,0.014113704,0.39800995,0.979384078,-0.056807657,0.012368274,8.086092833,1.579392316
1341,MySQL,"Python, Java",0.012878754,0.398362892,0.981158677,-0.05177965,0.00938675,3.688069357,1.48259815
1342,"Python, Java, Docker",JavaScript,0.015392758,0.398401826,0.97762113,-0.061879769,0.012201044,4.822725367,1.52492273
1343,"AWS, DevOps",Azure,0.011776121,0.398507463,0.982735724,-0.047325012,0.009595638,5.400693187,1.539855836
1344,"SQL, R",Data Analysis,0.012614123,0.39888424,0.981573322,-0.050632911,0.009884567,4.621309336,1.519983242
1345,"Java, AWS, Go",TypeScript,0.012614123,0.39888424,0.981573322,-0.050632911,0.011400677,10.39529008,1.599739072
1346,"Java, Cloud Computing","Python, Kubernetes",0.01027654,0.398972603,0.98490777,-0.041238477,0.008492952,5.761723453,1.548606014
1347,"Python, JavaScript","Go, TypeScript",0.015701495,0.399103139,0.977254403,-0.062982402,0.015038653,23.6881295,1.636140626
1348,"Python, Java, Kubernetes",Agile,0.0157456,0.399328859,0.977213901,-0.063114718,0.011914407,4.109842588,1.503045362
1349,"SQL, Tableau",Power BI,0.016186654,0.399347116,0.976602238,-0.064878931,0.014781512,11.51958928,1.607139901
1350,"Python, Hadoop","NoSQL, Spark",0.01084991,0.399350649,0.984112671,-0.043487849,0.010479637,29.30251545,1.642175179
1351,"SQL, Scala",NoSQL,0.012437701,0.399433428,0.981864066,-0.049839016,0.010905023,8.115012641,1.58313583
1352,"SQL, Scala","Python, Agile",0.012437701,0.399433428,0.981864066,-0.049839016,0.010817128,7.674876362,1.578435701
1353,"Communication, Data Analysis",SQL,0.012525912,0.399437412,0.981739651,-0.050191858,0.005793011,1.860403542,1.307599409
1354,Data Warehousing,Data Visualization,0.011820227,0.4,0.982778563,-0.047280907,0.010337029,7.969420035,1.58301357
1355,TypeScript,"SQL, AWS",0.015348653,0.4,0.977827804,-0.06139461,0.012642516,5.671794872,1.54912598
1356,TypeScript,"Python, SQL, Java",0.015348653,0.4,0.977827804,-0.06139461,0.012974225,6.464148254,1.563533719
1357,"Docker, Go","Python, Agile",0.012614123,0.4,0.98165726,-0.05045649,0.01097289,7.685762712,1.579926197
1358,"SQL, AWS, Kubernetes",JavaScript,0.013496229,0.4,0.980416418,-0.053984916,0.010708945,4.842071543,1.528984548
1359,Go,"SQL, Kubernetes, Docker",0.025360561,0.400139179,0.9642472,-0.101398139,0.022713349,9.580100952,1.597424311
1360,"Python, AWS, Azure",Kubernetes,0.013716756,0.4002574,0.980127932,-0.054822917,0.010051411,3.742282901,1.489046452
1361,"Java, AWS, Go",Scala,0.012658228,0.40027894,0.981616075,-0.050588806,0.011163039,8.46597426,1.588603697
1362,"Python, Kubernetes, Go",TypeScript,0.011864332,0.400297619,0.982737203,-0.047413223,0.010727044,10.43212404,1.603509339
1363,"Python, Cloud Computing",Docker,0.013055176,0.400541272,0.98107808,-0.052132492,0.009816349,4.030835446,1.502406528
1364,Node.js,Kubernetes,0.012349491,0.400572246,0.982072565,-0.049309752,0.009052096,3.745226612,1.489828565
1365,"JavaScript, TypeScript","Python, HTML/CSS",0.011908437,0.400593472,0.98269585,-0.047545539,0.011525591,31.10498557,1.646830989
1366,"Python, AWS, Agile",Scala,0.013893177,0.400763359,0.979922418,-0.055440392,0.0122541,8.476219807,1.589887913
1367,"AWS, JavaScript","SQL, Docker",0.013804966,0.400768246,0.980046048,-0.055087549,0.012206701,8.637469998,1.591372942
1368,"SQL, Scala","Java, Agile",0.012481807,0.400849858,0.981906839,-0.04979491,0.010916168,7.972341086,1.585111753
1369,"Python, SQL, R",Data Analysis,0.012217175,0.400868307,0.982280431,-0.048736382,0.009586598,4.644295922,1.525016774
1370,Data Modeling,"Python, SQL",0.010452962,0.401015228,0.984783356,-0.041679531,0.006954546,2.987912676,1.445424895
1371,"SQL, Go","Python, Scala",0.013231597,0.401069519,0.980871867,-0.052749967,0.011827455,9.423263417,1.598580124
1372,TypeScript,"Kubernetes, Docker, JavaScript",0.015392758,0.401149425,0.97787028,-0.061350505,0.014529637,17.83384494,1.632304161
1373,"Docker, Go","SQL, JavaScript",0.012658228,0.401398601,0.981700017,-0.050412385,0.011519101,11.11222282,1.610216318
1374,Analytical skills,Communication skills,0.013055176,0.401628223,0.981161897,-0.051956071,0.01124875,7.227076738,1.578328604
1375,"SQL, JavaScript","Go, TypeScript",0.014510651,0.401709402,0.979141836,-0.057733868,0.013902055,23.84282007,1.643267952
1376,"Java, Agile",Docker,0.020200238,0.401754386,0.971360181,-0.080359899,0.015203943,4.043043583,1.505453086
1377,"SQL, Java, Go",NoSQL,0.012481807,0.401988636,0.981990846,-0.049618489,0.01095347,8.166925047,1.589900321
1378,"Python, SQL, Java",Scala,0.024875402,0.401995723,0.965152019,-0.098884135,0.021949671,8.50228455,1.593164348
1379,Node.js,"Java, AWS",0.012393596,0.402002861,0.982115352,-0.049265646,0.009887576,4.945529502,1.536318202
1380,"AWS, Scala","SQL, Kubernetes",0.011864332,0.402092676,0.982863508,-0.047148591,0.010483555,8.592504462,1.594234111
1381,"Python, Kafka","Scala, Hadoop",0.010056014,0.402116402,0.985413081,-0.039959423,0.009645708,24.50856233,1.645124274
1382,Software Engineering,Java,0.035504785,0.402298851,0.951527924,-0.141004719,0.020250061,2.327461556,1.383887647
1383,"Python, AWS, Go",GCP,0.013187492,0.402422611,0.981038606,-0.052353019,0.011801408,9.51421049,1.602642624
1384,Data Modeling,Data Analysis,0.010497067,0.402707276,0.984826341,-0.041635425,0.008247182,4.665601464,1.529712057
1385,"Python, Spark","SQL, Hadoop",0.015039915,0.403073286,0.978527999,-0.059586292,0.014226936,18.49975833,1.638747182
1386,Kafka,"Python, SQL",0.014687073,0.4031477,0.979020384,-0.058174922,0.009797578,3.003801445,1.4505892
1387,NoSQL,"Kubernetes, Docker",0.019847396,0.403225806,0.972003867,-0.078595686,0.015857223,4.974068939,1.539836047
1388,Snowflake,Kafka,0.011864332,0.403298351,0.982947729,-0.04697217,0.010792596,11.07019795,1.614825439
1389,"SQL, AWS, Docker",JavaScript,0.013804966,0.403350515,0.980255022,-0.054646496,0.010977604,4.882630132,1.537570639
1390,Data analysis,Python,0.016539496,0.403659849,0.976527413,-0.065408195,0.004267041,1.347692499,1.174632879
1391,"SQL, Go",Scala,0.013319808,0.403743316,0.980957261,-0.052661756,0.011759974,8.539246448,1.597833815
1392,"SQL, Go","Java, Scala",0.013319808,0.403743316,0.980957261,-0.052661756,0.012046622,10.46179679,1.612405977
1393,"Docker, Go","SQL, Agile",0.012746438,0.404195804,0.981785531,-0.050324174,0.011387554,9.380073151,1.606079826
1394,"Java, Docker, Go",Scala,0.011202752,0.404458599,0.983949187,-0.044193534,0.009893159,8.554374822,1.599752916
1395,"AWS, NoSQL","Python, Scala",0.012702333,0.404494382,0.981868719,-0.050103648,0.01136577,9.503731734,1.607773855
1396,"AWS, TypeScript","Kubernetes, Go",0.010100119,0.40459364,0.985498515,-0.039827107,0.009234711,11.67093078,1.621301484
1397,Business Intelligence,Tableau,0.012349491,0.404624277,0.982366788,-0.048692277,0.010774514,7.841065165,1.592938267
1398,"Java, JavaScript",Kubernetes,0.019582764,0.404740201,0.972528397,-0.077184316,0.014407882,3.784195698,1.500260208
1399,Scala,"Python, Spark",0.01914171,0.404850746,0.973131186,-0.075420103,0.017377513,10.85009571,1.617555412
1400,Hadoop,"Java, Scala",0.013363913,0.405080214,0.980999957,-0.052617651,0.012090728,10.4964385,1.616029361
1401,Microservices,SQL,0.016010232,0.405133929,0.977385549,-0.063026507,0.007525452,1.886935407,1.320121155
1402,GCP,"Python, SQL, AWS",0.017156971,0.405630865,0.975880162,-0.06743704,0.014713136,7.020510392,1.585247234
1403,"AWS, Docker","Java, Go",0.024478455,0.405701754,0.966182771,-0.096193711,0.022102054,10.30064488,1.616383614
1404,"AWS, JavaScript",Agile,0.013981388,0.405889885,0.980216594,-0.054911128,0.01063445,4.177367843,1.519644169
1405,"AWS, NoSQL",Scala,0.012746438,0.405898876,0.981911482,-0.050059542,0.011261677,8.584836963,1.603631192
1406,Microsoft Office Suite,Communication,0.010673488,0.406040268,0.984786626,-0.041900057,0.005806383,2.192984994,1.371887366
1407,DNS,Python,0.011467384,0.40625,0.983700081,-0.04498743,0.003012732,1.356340193,1.179757049
1408,"SQL, Java, AWS",Scala,0.019229921,0.406337372,0.973174429,-0.075420103,0.016992352,8.594111224,1.604815678
1409,"SQL, Agile","Kubernetes, Docker",0.017509813,0.406345957,0.975475687,-0.068671989,0.014016624,5.012558152,1.547929179
1410,"AWS, TypeScript","Docker, Go",0.010144224,0.406360424,0.985541547,-0.039783002,0.009356989,12.88588796,1.631401835
1411,"SQL, Scala","Kubernetes, Docker",0.012658228,0.406515581,0.982077933,-0.049618489,0.010133979,5.014650578,1.548371593
1412,"AWS, Scala","SQL, Docker",0.011996648,0.406576981,0.982992032,-0.047016275,0.010627584,8.762661483,1.606950132
1413,Scala,"SQL, Java, AWS",0.019229921,0.406716418,0.973215414,-0.075331893,0.016992352,8.594111224,1.605766646
1414,"SQL, Cloud Computing",Software Engineering,0.010673488,0.406722689,0.98482895,-0.041811847,0.008357448,4.608507511,1.536794398
1415,"Docker, Go","AWS, Agile",0.012834649,0.406993007,0.981871045,-0.050235963,0.01134085,8.591948275,1.606441229
1416,"Python, Ansible",DevOps,0.010717594,0.407035176,0.98478728,-0.041944163,0.008734039,5.403225142,1.55939791
1417,Go,"SQL, Docker",0.025801614,0.407098121,0.964661966,-0.100957086,0.022860888,8.77389325,1.608362587
1418,"AWS, JavaScript","Java, Go",0.014025493,0.407170294,0.980259231,-0.054867022,0.012668791,10.33793067,1.620387672
1419,CI/CD,DevOps,0.01698055,0.407407407,0.976289271,-0.066378512,0.013840752,5.408166363,1.560377431
1420,"Python, Kafka","Java, Hadoop",0.01018833,0.407407407,0.985542169,-0.039827107,0.009712948,21.43189826,1.655421647
1421,"SQL, Kubernetes, Docker",JavaScript,0.017024655,0.407602957,0.976248942,-0.066510828,0.013574252,4.934106694,1.54860788
1422,"Python, AWS",Docker,0.041944163,0.407629661,0.944733264,-0.163851277,0.031719289,4.102169247,1.520384542
1423,"Java, Microservices","Kubernetes, Docker",0.010717594,0.407718121,0.984829602,-0.041855952,0.008586641,5.02948474,1.55151533
1424,Go,"SQL, Kubernetes",0.02584572,0.407794015,0.964703443,-0.10091298,0.022879835,8.714339028,1.609582268
1425,"SQL, JavaScript","AWS, TypeScript",0.014731178,0.407814408,0.979354674,-0.057513342,0.013829436,16.33635348,1.646504744
1426,"SQL, NoSQL","Python, Agile",0.016098443,0.407821229,0.977511881,-0.062850086,0.014044033,7.836042988,1.600793147
1427,"SQL, NoSQL","AWS, Agile",0.016098443,0.407821229,0.977511881,-0.062850086,0.014228582,8.609432706,1.608688
1428,"Java, Scala",Agile,0.0157456,0.408,0.978002378,-0.061438716,0.011995831,4.199084884,1.525060764
1429,"AWS, Scala","Python, Spark",0.012040753,0.408071749,0.983034873,-0.04697217,0.010939776,10.93641934,1.626357408
1430,"Python, Docker, Go",Open Source RDBMS,0.011070436,0.408130081,0.984369632,-0.043179112,0.01058113,22.62477588,1.659082328
1431,"Python, Terraform",Docker,0.012084859,0.408345753,0.982993489,-0.047104486,0.009144057,4.10937561,1.522224695
1432,"SQL, Agile","AWS, Docker",0.017598024,0.40839304,0.975560254,-0.068583778,0.014998088,6.768636984,1.588324649
1433,"SQL, Cloud Computing","Kubernetes, Docker",0.010717594,0.408403361,0.984871927,-0.041767741,0.008590216,5.037937656,1.553312435
1434,"Docker, JavaScript","Kubernetes, HTML/CSS",0.011026331,0.408496732,0.984453511,-0.042958585,0.010712036,35.08275153,1.670922627
1435,"SQL, Azure","Python, GCP",0.01093812,0.408566722,0.984579038,-0.042605743,0.010111571,13.23347611,1.638606262
1436,NoSQL,"SQL, Kubernetes",0.020112028,0.408602151,0.972256085,-0.078331055,0.017808669,8.731608444,1.611781735
1437,"Java, Software Engineering",Docker,0.014510651,0.408695652,0.979725701,-0.056498919,0.010982566,4.112896814,1.523125459
1438,"AWS, Go","SQL, Agile",0.015216337,0.408767773,0.978781307,-0.059233449,0.013612282,9.486173701,1.618499558
1439,"Kubernetes, JavaScript","TypeScript, HTML/CSS",0.01018833,0.408849558,0.98562699,-0.039650686,0.009813542,27.18429917,1.666174994
1440,"SQL, Data Visualization","Python, Data Analysis",0.014246019,0.408860759,0.980096322,-0.055440392,0.013138008,12.85728155,1.637854494
1441,"SQL, AWS","Java, Kubernetes",0.028844882,0.409005629,0.961066249,-0.112203943,0.025043848,7.588694448,1.600866845
1442,"Python, SQL, Data Visualization",Machine Learning,0.010011908,0.409009009,0.985879111,-0.038945001,0.008523098,6.724772488,1.58915918
1443,"AWS, Docker, Go",JavaScript,0.011202752,0.409017713,0.98424487,-0.04357606,0.008940133,4.951232576,1.552315103
1444,Hadoop,"Python, Kafka",0.013496229,0.409090909,0.981128047,-0.052485335,0.012671205,16.35858586,1.649986938
1445,"Python, Kafka","Java, AWS",0.010232435,0.409171076,0.985585198,-0.039783002,0.008199655,5.033714489,1.554957537
1446,TypeScript,"Python, JavaScript, Go",0.015701495,0.409195402,0.978167608,-0.061041768,0.015012691,22.79530063,1.662223241
1447,"Python, Docker","Kubernetes, Go",0.026639615,0.409214092,0.963890844,-0.1035593,0.024382827,11.80421261,1.633981452
1448,"AWS, Scala","SQL, Go",0.012084859,0.409566517,0.983077714,-0.046928064,0.011111417,12.41457439,1.637795359
1449,"AWS, Scala","Kubernetes, Docker",0.012084859,0.409566517,0.983077714,-0.046928064,0.0096929,5.052285987,1.556372466
1450,"SQL, AWS",Agile,0.028888987,0.409631019,0.961107449,-0.112159838,0.022036551,4.215871131,1.529274067
1451,"Python, SQL, Kubernetes",Agile,0.016098443,0.409652076,0.977677814,-0.062497243,0.012280106,4.216087847,1.529328615
1452,Power BI,Data Analysis,0.014201914,0.409669211,0.980220811,-0.055131654,0.011209681,4.746259594,1.547752378
1453,"Java, NoSQL","Python, Scala",0.014113704,0.409731114,0.980344504,-0.054778812,0.012647614,9.626770515,1.62203766
1454,"Java, Software Engineering",Kubernetes,0.014554757,0.409937888,0.979768294,-0.056454814,0.010757328,3.83279247,1.513475569
1455,"Kubernetes, DevOps","AWS, Docker",0.011246857,0.409967846,0.984245546,-0.043620165,0.009591627,6.794737547,1.592563915
1456,"Azure, GCP",Kubernetes,0.010673488,0.410169492,0.985040622,-0.041370793,0.00789028,3.834957889,1.514069852
1457,"SQL, JavaScript","Python, Kubernetes",0.014819389,0.41025641,0.979439809,-0.057425131,0.01231809,5.924677446,1.578236132
1458,"SQL, JavaScript","Python, Docker",0.014819389,0.41025641,0.979439809,-0.057425131,0.012467849,6.301994302,1.585266137
1459,Kubernetes,"Python, AWS",0.043884797,0.410309278,0.943023348,-0.170026022,0.032879329,3.987544907,1.521309811
1460,TypeScript,"Kubernetes, JavaScript",0.0157456,0.410344828,0.978210084,-0.060997662,0.014789398,16.46681111,1.653645279
1461,Hadoop,"Python, Hive",0.013540334,0.410427807,0.981170744,-0.05244123,0.013000504,25.08255978,1.668390975
1462,"Python, Tableau",Power BI,0.013496229,0.410738255,0.981253736,-0.052220703,0.012357132,11.8481787,1.638207849
1463,Microsoft Azure,JavaScript,0.011379173,0.410828025,0.984120853,-0.044017113,0.00909105,4.973146728,1.557084805
1464,"AWS, Go",JavaScript,0.015304547,0.411137441,0.978866352,-0.059145239,0.012229426,4.976892255,1.557902968
1465,"SQL, NoSQL","Java, Agile",0.016230759,0.411173184,0.977639172,-0.06271777,0.01424599,8.177657552,1.61290197
1466,"AWS, Azure",Java,0.02178803,0.411323897,0.970386194,-0.084152957,0.012632146,2.379675099,1.405104153
1467,"SQL, Data Visualization","Python, Tableau",0.01433423,0.411392405,0.980181562,-0.055352181,0.013189336,12.52013423,1.643100671
1468,"Python, NoSQL","Java, Docker",0.015172231,0.411483254,0.979071845,-0.05857187,0.013215848,7.755245061,1.609030332
1469,"SQL, AWS","Java, Docker",0.029021303,0.411507192,0.961231048,-0.112027522,0.025279369,7.75569623,1.609095783
1470,Cloud Computing,"Python, AWS",0.022052662,0.411522634,0.970068654,-0.085123274,0.016538582,3.999336766,1.524446532
1471,"Kubernetes, Docker","SQL, Java",0.03338773,0.411860718,0.955897352,-0.128743439,0.026830403,5.091667428,1.562743495
1472,"SQL, Java, Agile",Scala,0.012481807,0.411935953,0.982705479,-0.048118908,0.011049178,8.712522269,1.620094102
1473,"Python, Java, NoSQL",RDBMS,0.011467384,0.412044374,0.984079986,-0.044193534,0.010957983,22.51152311,1.669677519
1474,"Communication, Problem Solving",Teamwork,0.020685397,0.412126538,0.971903742,-0.07969832,0.015368022,3.890151953,1.52083581
1475,"AWS, JavaScript","Python, Go",0.014201914,0.412291933,0.980429777,-0.054690601,0.012298277,7.460411019,1.607492024
1476,"AWS, JavaScript","Java, Kubernetes",0.014201914,0.412291933,0.980429777,-0.054690601,0.012345374,7.649668581,1.60981846
1477,"Kubernetes, JavaScript","Java, HTML/CSS",0.01027654,0.412389381,0.985713056,-0.039562475,0.009889663,26.56279666,1.675386546
1478,Microsoft Azure,"SQL, AWS",0.011423279,0.412420382,0.98416377,-0.043973008,0.009469884,5.847909521,1.581871732
1479,"Java, Software Engineering","Python, AWS",0.014642967,0.41242236,0.97985348,-0.056366603,0.010989606,4.008080657,1.526780836
1480,"AWS, Agile","Kubernetes, Docker",0.019538658,0.412476723,0.973428223,-0.075199577,0.015698653,5.088185381,1.564081715
1481,TypeScript,"JavaScript, Go",0.015833811,0.412643678,0.978295035,-0.060909452,0.015084081,21.11934563,1.669278605
1482,"Java, Cloud Computing","AWS, Software Engineering",0.010629383,0.412671233,0.985251752,-0.040885635,0.009837561,13.42395246,1.650282846
1483,"Python, Kafka","Spark, Snowflake",0.010320646,0.412698413,0.985671256,-0.039694791,0.009995269,31.71902072,1.680548718
1484,"SQL, Java","Kubernetes, Docker",0.03338773,0.412758997,0.956053373,-0.128390597,0.026830403,5.091667428,1.564833536
1485,Terraform,Docker,0.018171393,0.412825651,0.975243969,-0.069862832,0.013797444,4.15445894,1.533838643
1486,"Java, Go",Agile,0.016274864,0.413213886,0.977764576,-0.062497243,0.012447957,4.252745543,1.538611686
1487,"Python, Git",Docker,0.013231597,0.41322314,0.981794094,-0.050809333,0.010049746,4.158459061,1.534877682
1488,Business Intelligence,"Python, SQL",0.012614123,0.413294798,0.982623582,-0.048427645,0.008517838,3.079406161,1.475677218
1489,"SQL, Power BI","Python, R",0.010100119,0.413357401,0.986007663,-0.038768579,0.009194864,11.15720517,1.64146199
1490,"Docker, JavaScript",HTML/CSS,0.011158647,0.413398693,0.984582349,-0.042826269,0.010688395,23.72908497,1.675036153
1491,"SQL, Docker",Agile,0.019185816,0.413498099,0.973993678,-0.073611785,0.014677521,4.255670629,1.539357282
1492,"SQL, Scala","Java, Kubernetes",0.012878754,0.413597734,0.9822918,-0.049397962,0.0112005,7.673896413,1.613403203
1493,Project Management,Communication,0.026639615,0.41369863,0.964529897,-0.102147929,0.014716841,2.23434708,1.389807177
1494,"AWS, Kubernetes, Go",NoSQL,0.011776121,0.413953488,0.983789347,-0.045119746,0.01037587,8.410006668,1.622360069
1495,"Java, Kubernetes, Go",NoSQL,0.011687911,0.4140625,0.983914554,-0.044766903,0.010298514,8.412221382,1.622661903
1496,"Python, GCP","Kubernetes, Docker",0.012790544,0.414285714,0.982458392,-0.048956909,0.010287747,5.110500544,1.568912417
1497,"AWS, Azure, GCP",Kubernetes,0.010232435,0.414285714,0.98588215,-0.039165527,0.007590745,3.873443299,1.524710276
1498,"SQL, Machine Learning",Data Science,0.010894015,0.41442953,0.985001504,-0.041679531,0.010026794,12.5619796,1.651396831
1499,"SQL, Go","AWS, JavaScript",0.01367265,0.414438503,0.981298834,-0.052308914,0.012536241,12.0314522,1.648936528
1500,"Python, Docker, Go",NoSQL,0.011246857,0.414634146,0.984541395,-0.04300269,0.009911734,8.423835125,1.624246534
1501,"Python, Docker, Go",Scala,0.011246857,0.414634146,0.984541395,-0.04300269,0.009964374,8.769589552,1.627561784
1502,"Docker, JavaScript","AWS, Go",0.011202752,0.41503268,0.984625295,-0.042782164,0.010197961,11.14933169,1.645861356
1503,"SQL, Spark",Kafka,0.011114542,0.415156507,0.984750859,-0.042429321,0.010139213,11.3956943,1.647567281
1504,"AWS, TypeScript","SQL, HTML/CSS",0.010364751,0.415194346,0.985756702,-0.039562475,0.010000311,28.44018554,1.685006175
1505,Snowflake,"Python, Java",0.012217175,0.415292354,0.983290488,-0.046619327,0.009039594,3.844803405,1.525524882
1506,"Docker, Go","Kubernetes, Agile",0.013099281,0.415384615,0.982127587,-0.049971332,0.012261974,15.64454383,1.665109439
1507,"Python, Ansible",Docker,0.01093812,0.415410385,0.985002149,-0.041723636,0.008321639,4.180470335,1.540620434
1508,"Java, Go","Python, JavaScript",0.016363075,0.415453527,0.977849444,-0.062409033,0.014813551,10.56006483,1.643424598
1509,"SQL, NoSQL","Python, Docker",0.01640718,0.415642458,0.977808893,-0.062541349,0.013837427,6.384729981,1.599877601
1510,"Java, JavaScript",Docker,0.020112028,0.415679125,0.973033235,-0.076655052,0.015304189,4.183174789,1.541328993
1511,"Python, AWS, Go",TypeScript,0.013628545,0.415881561,0.981465665,-0.051911966,0.012371097,10.83825591,1.646290041
1512,"Python, JavaScript","SQL, TypeScript",0.016363075,0.415919283,0.97789094,-0.062320822,0.015570093,20.63487504,1.677582974
1513,"Python, JavaScript","Java, Go",0.016363075,0.415919283,0.97789094,-0.062320822,0.014813551,10.56006483,1.644659578
1514,"AWS, Software Engineering",Agile,0.012790544,0.416068867,0.98258451,-0.048692277,0.009803585,4.282128648,1.546134331
1515,Go,"Python, SQL, AWS",0.026374983,0.416144746,0.965201161,-0.100383716,0.022713053,7.202480783,1.613793864
1516,"SQL, Java, NoSQL",Scala,0.011820227,0.416149068,0.983874426,-0.04498743,0.010477268,8.801630435,1.63178483
1517,"Java, AWS",Agile,0.033828783,0.416169289,0.956110295,-0.128743439,0.025930697,4.283162185,1.546400276
1518,"Kubernetes, DevOps",Terraform,0.011423279,0.416398714,0.984417257,-0.043443744,0.010215735,9.459927894,1.63807536
1519,"SQL, Scala","Python, Docker",0.012966965,0.416430595,0.982377347,-0.049309752,0.010939875,6.396836638,1.602038308
1520,"SQL, AWS","Python, Kubernetes",0.029374145,0.416510319,0.961560646,-0.111674679,0.024490657,6.014992651,1.595151846
1521,"Python, Docker",Go,0.027124774,0.416666667,0.96434635,-0.103074141,0.022998813,6.574170726,1.6056354
1522,"Python, Java, Scala",Go,0.014775283,0.416666667,0.980023001,-0.056146077,0.012527809,6.574170726,1.6056354
1523,"Python, Java, Scala",Spark,0.014775283,0.416666667,0.980023001,-0.056146077,0.013275403,9.850973236,1.641776562
1524,"SQL, Tableau","Python, R",0.016892339,0.416757345,0.977280434,-0.064173246,0.015390661,11.24897534,1.651030699
1525,JavaScript,AWS,0.034446258,0.41697811,0.9555121,-0.130772284,0.02071023,2.507730686,1.430002792
1526,"AWS, Cloud Computing",Agile,0.012525912,0.417033774,0.983000771,-0.047545539,0.00960752,4.292059353,1.548693444
1527,"Python, Ansible",Puppet,0.010982226,0.417085427,0.985045122,-0.041679531,0.010517693,23.64144472,1.685251864
1528,"SQL, Docker",NoSQL,0.019362237,0.41730038,0.974162276,-0.073435364,0.017078417,8.478003155,1.63167853
1529,"Java, NoSQL",Scala,0.014378335,0.417413572,0.980600324,-0.05451418,0.012749685,8.828374931,1.635326619
1530,"SQL, Data Visualization","Python, R",0.014554757,0.417721519,0.980394664,-0.055131654,0.013263869,11.275,1.653764581
1531,Node.js,"Python, Java",0.012878754,0.417739628,0.982586,-0.048780488,0.009548726,3.867460427,1.531936751
1532,"SQL, Scala","Python, Kubernetes",0.01301107,0.417847025,0.982420121,-0.049265646,0.010854884,6.034296566,1.598814543
1533,"SQL, Scala","Java, Docker",0.01301107,0.417847025,0.982420121,-0.049265646,0.011358909,7.875183382,1.626619355
1534,"Python, Kafka","SQL, Spark",0.010452962,0.417989418,0.985800344,-0.039562475,0.009783457,15.61297212,1.672182772
1535,"Python, Kafka","Scala, Spark",0.010452962,0.417989418,0.985800344,-0.039562475,0.009920225,19.62127137,1.681579612
1536,"SQL, Kubernetes, Go",Scala,0.010805804,0.418088737,0.985339009,-0.040885635,0.009583795,8.842654793,1.637224014
1537,"Docker, Go","Kubernetes, JavaScript",0.013187492,0.418181818,0.982213101,-0.049883121,0.012401647,16.7813033,1.675919596
1538,"Java, Scala",Spark,0.016142548,0.418285714,0.978384576,-0.061041768,0.014510216,9.889251303,1.646346013
1539,"SQL, Cloud Computing",Agile,0.010982226,0.418487395,0.985129792,-0.041503109,0.008432382,4.307019839,1.55256475
1540,"Java, AWS, Kubernetes",NoSQL,0.016274864,0.418842225,0.978262715,-0.061438716,0.014362273,8.509327743,1.636007466
1541,"Python, SQL, Docker",NoSQL,0.01640718,0.418918919,0.978099402,-0.061923874,0.014479393,8.510885886,1.636223394
1542,Go,"SQL, Java, AWS",0.026551405,0.418928323,0.965367068,-0.100207295,0.023551976,8.852154581,1.639513722
1543,"Java, TypeScript",Agile,0.01027654,0.419064748,0.986094967,-0.038768579,0.00789383,4.312961887,1.554107742
1544,Business Intelligence,"SQL, Data Visualization",0.012790544,0.419075145,0.982794779,-0.048251224,0.011727098,12.02745665,1.661414183
1545,"AWS, GCP",Docker,0.015436863,0.419161677,0.979368726,-0.058219027,0.011777296,4.218221347,1.550570391
1546,"SQL, Kubernetes, Docker",Agile,0.017509813,0.419218585,0.976714649,-0.066025669,0.013451491,4.314545156,1.554519392
1547,"Python, JavaScript","Java, TypeScript",0.016495391,0.419282511,0.978018247,-0.062188506,0.015530626,17.09782802,1.679779685
1548,Engineering,Computer Science,0.01640718,0.419391206,0.978140917,-0.061835664,0.013473893,5.593445189,1.593191423
1549,"SQL, AWS","Python, Docker",0.029594672,0.419637273,0.961766645,-0.111454153,0.025003571,6.446094781,1.610890051
1550,"SQL, Go","Java, TypeScript",0.013849072,0.419786096,0.981469621,-0.052132492,0.013040053,17.1183636,1.681237616
1551,"Python, NoSQL","Java, Kubernetes",0.015480969,0.419856459,0.979369603,-0.058263132,0.013493687,7.790020869,1.630808978
1552,"Python, NoSQL","AWS, Docker",0.015480969,0.419856459,0.979369603,-0.058263132,0.013256253,6.958629753,1.61970935
1553,"JavaScript, TypeScript","AWS, Kubernetes",0.012481807,0.419881306,0.983252666,-0.04697217,0.010625263,6.723141838,1.616129373
1554,"AWS, Cloud Computing","Kubernetes, Docker",0.012614123,0.419970631,0.983086409,-0.047457328,0.010179259,5.180627925,1.58428946
1555,"AWS, Scala",Spark,0.012393596,0.420029895,0.983377603,-0.046619327,0.011145561,9.930487818,1.651297174
1556,"AWS, Scala","Java, Kubernetes",0.012393596,0.420029895,0.983377603,-0.046619327,0.010803295,7.793238803,1.63129666
1557,Data Visualization,"SQL, Data Analysis",0.021082345,0.420035149,0.972281719,-0.079301372,0.01916747,11.00977681,1.658460671
1558,"SQL, Cloud Computing",NoSQL,0.011026331,0.420168067,0.985172769,-0.041459004,0.009734626,8.536263968,1.639748357
1559,"Java, JavaScript","Python, SQL",0.020332554,0.42023701,0.973243584,-0.076434526,0.013838878,3.131131689,1.493347308
1560,Jenkins,Git,0.020685397,0.420250896,0.972802556,-0.077757685,0.017630895,6.772102748,1.617844346
1561,Go,"Python, Kubernetes, Docker",0.026639615,0.420320111,0.965450021,-0.100119084,0.023120249,7.56943438,1.629298197
1562,Docker,"SQL, Kubernetes",0.041767741,0.420328451,0.947604911,-0.156970846,0.037117681,8.982193184,1.644386814
1563,R,"Python, Data Visualization",0.01640718,0.420338983,0.978223958,-0.061659242,0.015258892,14.28837446,1.674395415
1564,"Azure, GCP","Python, SQL",0.01093812,0.420338983,0.985298543,-0.041106162,0.007445624,3.131891476,1.493610016
1565,"Java, Docker, Go",NoSQL,0.011643805,0.420382166,0.984378353,-0.043752481,0.01028046,8.540613657,1.640354045
1566,"Python, AWS, Docker",Agile,0.017642129,0.420609884,0.976676261,-0.066246196,0.013566666,4.328864234,1.558252286
1567,"AWS, Go","Java, Agile",0.01565739,0.420616114,0.979206531,-0.058792396,0.01378572,8.365464164,1.639189411
1568,"SQL, Scala",Agile,0.013099281,0.420679887,0.982505667,-0.049177436,0.010073753,4.329584689,1.558440578
1569,Hadoop,"Scala, Spark",0.013893177,0.421122995,0.981512318,-0.052088387,0.013190379,19.76836782,1.690682338
1570,"Python, Kubernetes, Go",JavaScript,0.012481807,0.421130952,0.983336903,-0.046795748,0.010033369,5.097865501,1.58479838
1571,GCP,"Python, Java, AWS",0.017818551,0.421272158,0.976514895,-0.06677546,0.01530196,7.080432654,1.625119531
1572,"Python, AWS, Scala",Spark,0.012040753,0.421296296,0.983920072,-0.045119746,0.010831894,9.960428494,1.654910775
1573,Data Modeling,Data Warehousing,0.010982226,0.421319797,0.985299175,-0.041150267,0.010211953,14.2575877,1.677004722
1574,Scrum,Java,0.013363913,0.421418637,0.982216142,-0.050059542,0.00788258,2.438077254,1.429619566
1575,"AWS, Scala","Python, Kubernetes",0.012437701,0.421524664,0.983420444,-0.046575222,0.010394516,6.087406815,1.608978955
1576,"AWS, Docker, Go",NoSQL,0.011555595,0.421900161,0.984588306,-0.043223217,0.010207446,8.57145372,1.644661345
1577,"Kubernetes, Agile","Python, NoSQL",0.011202752,0.42192691,0.985048335,-0.041900057,0.010223747,11.443001,1.666100648
1578,"SQL, Data Analysis",Tableau,0.016098443,0.421965318,0.978757753,-0.060203767,0.014129723,8.177110815,1.640726415
1579,Docker,"Python, AWS",0.041944163,0.422103862,0.947765386,-0.156794425,0.031719289,4.102169247,1.552359015
1580,"SQL, NoSQL","Java, Docker",0.016671812,0.422346369,0.978063476,-0.062276717,0.014577359,7.959982725,1.63928909
1581,"Docker, Go",JavaScript,0.013319808,0.422377622,0.982341372,-0.049750805,0.010714699,5.112956664,1.588218817
1582,"SQL, Power BI",R,0.010320646,0.422382671,0.98622293,-0.038548053,0.009366895,10.82110996,1.663673753
1583,Hadoop,"Python, Java, Spark",0.013937282,0.422459893,0.981555015,-0.052044282,0.01326213,20.6431749,1.696046938
1584,"Kubernetes, DevOps","Python, Docker",0.0115997,0.422829582,0.984588968,-0.043267322,0.009813793,6.49513219,1.619799826
1585,"AWS, Scala","Python, Docker",0.012481807,0.423019432,0.983463285,-0.046531116,0.010560952,6.498048497,1.620332806
1586,"Python, Java, NoSQL",Go,0.011776121,0.423137876,0.984380364,-0.043884797,0.010012245,6.676273536,1.623647336
1587,"Python, Jenkins",Git,0.011423279,0.423202614,0.984840026,-0.042561637,0.00974823,6.819668,1.626123546
1588,"Python, Kafka","Java, Scala",0.010585278,0.423280423,0.985929432,-0.039430159,0.009620176,10.96804233,1.667028276
1589,"Java, AWS, Docker",NoSQL,0.016186654,0.423298731,0.978759558,-0.060291977,0.014304456,8.599867503,1.648649848
1590,"Python, SQL, AWS",Agile,0.024478455,0.423664122,0.968519368,-0.091077493,0.018864514,4.360298067,1.566510098
1591,"AWS, JavaScript","Java, Docker",0.014598862,0.423815621,0.980813507,-0.054293653,0.012771188,7.987673795,1.643469227
1592,"Docker, Agile","Python, NoSQL",0.011335068,0.424092409,0.985007947,-0.042120584,0.010349558,11.50173109,1.672365437
1593,AWS,SQL,0.070524412,0.424137931,0.917898877,-0.262029727,0.034823941,1.975447681,1.363686423
1594,TypeScript,"Python, Go",0.016274864,0.424137931,0.978719789,-0.060468399,0.014154296,7.674764015,1.640559572
1595,"AWS, Go","Python, Agile",0.015789706,0.424170616,0.979334099,-0.05866008,0.013852363,8.150186762,1.646244087
1596,"Python, Kubernetes","SQL, AWS",0.029374145,0.424203822,0.962710886,-0.10911657,0.024490657,6.014992651,1.614244107
1597,"Python, Java, Go",Scala,0.014775283,0.424588086,0.980649561,-0.054822917,0.01312995,8.980117237,1.655716662
1598,"Python, SQL, Scala",NoSQL,0.012173069,0.424615385,0.983964327,-0.045163851,0.010761963,8.626617039,1.652422455
1599,"AWS, Software Engineering","Python, SQL",0.013055176,0.424677188,0.982841249,-0.048427645,0.008929294,3.164214881,1.504872538
1600,"Python, Java, AWS",Scala,0.02527235,0.424759081,0.967696278,-0.093723812,0.022459227,8.983733805,1.656208836
1601,"Kubernetes, JavaScript","SQL, HTML/CSS",0.010585278,0.424778761,0.986014287,-0.039253738,0.010221481,29.09670347,1.713081978
1602,"SQL, Scala","Python, Go",0.013231597,0.424929178,0.982633988,-0.04904512,0.011510768,7.689081615,1.64281684
1603,Power BI,Data Visualization,0.014731178,0.424936387,0.980732342,-0.054602391,0.012991188,8.466241386,1.651657521
1604,"AWS, JavaScript","Python, TypeScript",0.014642967,0.425096031,0.980856144,-0.054249548,0.013887894,19.39276118,1.701292227
1605,"Docker, Go",Agile,0.013408018,0.425174825,0.982426886,-0.049662594,0.010343921,4.375846033,1.570627056
1606,"SQL, Cloud Computing",Docker,0.011158647,0.425210084,0.985301702,-0.041326688,0.008550932,4.279089319,1.566886755
1607,"Kubernetes, Docker, Go",Agile,0.013099281,0.425501433,0.982841984,-0.048471751,0.010108036,4.379207437,1.571519972
1608,Jenkins,AWS,0.020950029,0.42562724,0.973054773,-0.077493053,0.012765615,2.55974706,1.451536334
1609,"Communication, Problemsolving",Teamwork,0.012878754,0.425655977,0.98313284,-0.047633749,0.009673377,4.017859267,1.556661124
1610,"JavaScript, TypeScript","SQL, HTML/CSS",0.012658228,0.425816024,0.983423995,-0.046795748,0.012224248,29.1677544,1.716176659
1611,Go,"AWS, Kubernetes, Docker",0.026992458,0.425887265,0.965781833,-0.099766242,0.023643609,8.060218666,1.649783683
1612,"AWS, Scala","Java, Docker",0.012570017,0.426008969,0.983548968,-0.046442906,0.011004443,8.029011925,1.649749289
1613,"Python, SQL, Tableau",Power BI,0.011952543,0.426100629,0.984340813,-0.044149429,0.010980105,12.2913226,1.682060069
1614,TypeScript,"Python, SQL, JavaScript",0.016363075,0.426436782,0.97880474,-0.060380188,0.015410258,17.17335906,1.700193931
1615,"Docker, JavaScript","Go, TypeScript",0.011511489,0.426470588,0.984925918,-0.042473427,0.011056714,25.31248075,1.714213336
1616,"Python, AWS",Kubernetes,0.043884797,0.426489498,0.946492842,-0.161910643,0.032879329,3.987544907,1.557154731
1617,"Python, Java, Scala",Agile,0.015128126,0.426616915,0.98036376,-0.055793234,0.011682623,4.390687845,1.574577271
1618,"JavaScript, CSS","Java, HTML",0.011290963,0.426666667,0.985218923,-0.041635425,0.010845105,25.32411867,1.714799593
1619,"SQL, Agile",Kubernetes,0.01839192,0.426816786,0.976321353,-0.067789882,0.013783115,3.990604945,1.558043866
1620,"Python, Kubernetes, Go",Agile,0.012658228,0.427083333,0.983508246,-0.046619327,0.009778405,4.39548816,1.575859152
1621,"Python, GCP","AWS, Go",0.013187492,0.427142857,0.982843452,-0.048559961,0.012038221,11.4746564,1.6806548
1622,Snowflake,"Python, AWS",0.012570017,0.427286357,0.983633248,-0.046266484,0.009542946,4.152534748,1.566406337
1623,"Data Analysis, Data Visualization","SQL, Tableau",0.012570017,0.427286357,0.983633248,-0.046266484,0.011377613,10.54174491,1.675300072
1624,"SQL, JavaScript","Python, Go",0.015436863,0.427350427,0.980035757,-0.056807657,0.013440604,7.732894046,1.649762917
1625,"SQL, Docker, Go",Scala,0.011026331,0.427350427,0.985596354,-0.040576898,0.009806407,9.038541268,1.663703491
1626,"AWS, JavaScript","SQL, TypeScript",0.014731178,0.42765685,0.980941417,-0.054161337,0.014036875,21.21720736,1.711986712
1627,"SQL, Scala",Docker,0.013319808,0.42776204,0.982719535,-0.048956909,0.010225611,4.30477085,1.573874452
1628,"SQL, Scala",Go,0.013319808,0.42776204,0.982719535,-0.048956909,0.011346279,6.749233629,1.63676777
1629,"SQL, Scala","Java, Go",0.013319808,0.42776204,0.982719535,-0.048956909,0.012093391,10.86074885,1.678696648
1630,"SQL, Data Visualization",R,0.014907599,0.427848101,0.980735626,-0.054778812,0.013547557,10.96112994,1.679565847
1631,Go,"Python, Docker",0.027124774,0.427974948,0.965906263,-0.099633926,0.022998813,6.574170726,1.634369926
1632,"Python, Kubernetes",Go,0.029638777,0.428025478,0.96295838,-0.108851938,0.025250052,6.753390157,1.637521627
1633,"Python, Java, Docker",Agile,0.016539496,0.428082192,0.978725211,-0.06073303,0.012785441,4.405768286,1.578611401
1634,"Python, JavaScript","SQL, AWS",0.016848234,0.428251121,0.978357734,-0.061835664,0.014073666,6.072381281,1.625671028
1635,"Kubernetes, Docker, Go",JavaScript,0.013187492,0.428366762,0.98292756,-0.04838354,0.010644323,5.185456273,1.60485897
1636,Angular,"Java, JavaScript",0.014246019,0.428381963,0.981602425,-0.052264808,0.012637005,8.853878071,1.664776823
1637,Spark,Kafka,0.018127288,0.428571429,0.976811104,-0.066466723,0.016586366,11.76392252,1.686245755
1638,Kafka,"Python, Java",0.015613285,0.428571429,0.979914039,-0.05724871,0.011678229,3.967741935,1.56097561
1639,"Python, DevOps",Kubernetes,0.01706876,0.428571429,0.978113336,-0.062585454,0.012809036,4.007010309,1.562828033
1640,"Python, SQL, Go",Scala,0.013231597,0.428571429,0.982886236,-0.048515856,0.011771859,9.064365672,1.667258413
1641,"Python, SQL, Spark",Scala,0.010452962,0.428571429,0.986394558,-0.038327526,0.009299769,9.064365672,1.667258413
1642,"Python, SQL, Spark",Kafka,0.010452962,0.428571429,0.986394558,-0.038327526,0.009564401,11.76392252,1.686245755
1643,"Python, Go","AWS, Docker",0.023684559,0.428571429,0.970074396,-0.086843382,0.020350147,7.103070175,1.644411856
1644,TypeScript,"Python, AWS",0.016451286,0.428735632,0.978889691,-0.060291977,0.012502932,4.166619369,1.570380249
1645,"Python, Data Visualization",Machine Learning,0.012614123,0.428785607,0.983676093,-0.046222379,0.010824868,7.049931887,1.644179087
1646,Snowflake,"Python, Spark",0.012614123,0.428785607,0.983676093,-0.046222379,0.011516436,11.49155564,1.685333753
1647,"Python, Cloud Computing",Kubernetes,0.013981388,0.428958051,0.981975056,-0.051206281,0.010495301,4.010625113,1.563886143
1648,"SQL, Java, Go",Scala,0.013319808,0.428977273,0.98280361,-0.048780488,0.011851729,9.072949351,1.668443387
1649,"AWS, Scala",Go,0.012658228,0.428998505,0.98363465,-0.046354695,0.010788128,6.768742595,1.640312081
1650,"AWS, Scala","Python, Go",0.012658228,0.428998505,0.98363465,-0.046354695,0.011027584,7.762715969,1.654524617
1651,"AWS, Scala","Java, Go",0.012658228,0.428998505,0.98363465,-0.046354695,0.011496085,10.89214234,1.682331754
1652,"Python, SQL, Docker",Agile,0.016804128,0.429054054,0.978481389,-0.061526926,0.012998648,4.415770571,1.581298508
1653,"SQL, Scala",Kubernetes,0.013363913,0.42917847,0.982762308,-0.048912804,0.010033497,4.012685961,1.564490027
1654,"Python, NoSQL",Scala,0.015833811,0.429425837,0.979709898,-0.05791029,0.014090467,9.082436576,1.669755056
1655,"Python, NoSQL","AWS, Kubernetes",0.015833811,0.429425837,0.979709898,-0.05791029,0.013531036,6.875968933,1.643163892
1656,"Python, Java, Go",TypeScript,0.014951705,0.429657795,0.980820049,-0.054646496,0.013616406,11.19727722,1.686055073
1657,Kubernetes,"Java, Docker",0.045957747,0.429690722,0.944896008,-0.167953072,0.040282832,8.098402105,1.660399597
1658,Cloud computing,"Python, Java",0.011335068,0.429765886,0.985346569,-0.041414899,0.008486202,3.978800302,1.564245353
1659,Data Modeling,Data Visualization,0.011202752,0.429780034,0.985514099,-0.04092974,0.009894439,8.562744031,1.665687275
1660,"SQL, Kubernetes",NoSQL,0.020112028,0.429783223,0.974509143,-0.073479469,0.017808669,8.731608444,1.667398256
1661,TypeScript,"Docker, JavaScript",0.016495391,0.429885057,0.978932167,-0.060247872,0.015459646,15.9261175,1.706686616
1662,TypeScript,"Python, Java, JavaScript",0.016495391,0.429885057,0.978932167,-0.060247872,0.015400413,15.064581,1.70397894
1663,"SQL, Spark","Python, AWS",0.011511489,0.429983526,0.985137457,-0.042032373,0.008756719,4.178746881,1.573818162
1664,"SQL, NoSQL","Python, Kubernetes",0.01698055,0.430167598,0.978360489,-0.06196798,0.01424714,6.212222894,1.633383146
1665,"AWS, Scala",Kubernetes,0.012702333,0.430493274,0.983677491,-0.04631059,0.009546458,4.024978965,1.568101919
1666,"AWS, Scala","Python, NoSQL",0.012702333,0.430493274,0.983677491,-0.04631059,0.011614369,11.67532774,1.691161675
1667,"Python, SQL",AWS,0.057777974,0.430496221,0.932610048,-0.210647025,0.035461513,2.589029394,1.463946265
1668,"Python, Azure","SQL, AWS",0.017112866,0.43063263,0.978238738,-0.062364927,0.014310303,6.106149862,1.632470769
1669,Reporting,Communication,0.016054338,0.430769231,0.979547581,-0.058483659,0.009153828,2.326543775,1.431485956
1670,"Kubernetes, Docker","Python, Java",0.034931416,0.430903156,0.957325283,-0.127199753,0.026175203,3.989329215,1.567371303
1671,"Python, Java, Agile",Scala,0.015128126,0.430904523,0.980697942,-0.055087549,0.013468196,9.113711046,1.674093594
1672,Mentoring,Communication,0.017201076,0.430939227,0.978157605,-0.062629559,0.00981059,2.327461906,1.431913584
1673,Scala,"Python, SQL, AWS",0.020376659,0.430970149,0.974310381,-0.074185154,0.017644864,7.459073431,1.655839364
1674,"JavaScript, HTML","Java, CSS",0.011290963,0.430976431,0.985472987,-0.041106162,0.010891161,28.2414122,1.730577803
1675,Angular,AWS,0.01433423,0.431034483,0.981687796,-0.052176598,0.008804617,2.592266533,1.465331211
1676,"Python, GCP","SQL, Java",0.013319808,0.431428571,0.982971805,-0.048427645,0.010822458,5.333576881,1.616526597
1677,"Python, GCP","AWS, Docker",0.013319808,0.431428571,0.982971805,-0.048427645,0.011457008,7.150423977,1.652675232
1678,Go,"Java, Kubernetes, Docker",0.027345301,0.431454419,0.966113646,-0.099413399,0.024432528,9.388067217,1.678040046
1679,"Java, TypeScript","Go, HTML/CSS",0.010585278,0.431654676,0.986396315,-0.038459842,0.010272702,33.86472829,1.737066393
1680,"JavaScript, TypeScript","AWS, Docker",0.012834649,0.431750742,0.983595323,-0.046619327,0.011041039,7.155763574,1.65361222
1681,Jenkins,Kubernetes,0.021258766,0.431899642,0.973349027,-0.077184316,0.015994256,4.038128072,1.571983853
1682,"AWS, Scala",NoSQL,0.012746438,0.431988042,0.983720332,-0.046266484,0.011294085,8.776402216,1.673870497
1683,"SQL, Tableau",R,0.017509813,0.431991295,0.977873856,-0.063555771,0.015927688,11.06727529,1.691817009
1684,"Python, SQL, Kubernetes",NoSQL,0.01698055,0.432098765,0.978526566,-0.061615137,0.015046249,8.77865171,1.674196852
1685,Go,"AWS, Docker",0.027389406,0.432150313,0.966155122,-0.099369294,0.023565344,7.162386002,1.654775796
1686,"SQL, AWS, Go",Scala,0.012084859,0.432176656,0.984553997,-0.043840692,0.010762753,9.140616908,1.677844181
1687,Machine Learning,SQL,0.026286773,0.432197244,0.967445535,-0.095355709,0.013228166,2.012984413,1.383042399
1688,"AWS, Kubernetes","Docker, Go",0.026992458,0.43220339,0.96662377,-0.097913818,0.025022979,13.70538106,1.705654237
1689,"SQL, JavaScript","Java, Go",0.015613285,0.432234432,0.980206028,-0.056631235,0.014190571,10.97430155,1.691920047
1690,"Python, JavaScript","Kubernetes, Docker",0.017024655,0.432735426,0.978527477,-0.061659242,0.013835377,5.338090486,1.61993972
1691,GCP,"Python, SQL",0.018303709,0.43274244,0.976980366,-0.066290301,0.012626922,3.224308033,1.526268774
1692,R,"Python, SQL, Tableau",0.016892339,0.432768362,0.978690891,-0.061174084,0.015797419,15.42791991,1.713495772
1693,"Java, Kubernetes, Go",JavaScript,0.012217175,0.4328125,0.984429288,-0.044237639,0.009885329,5.239272724,1.6174382
1694,"AWS, DevOps",Docker,0.012790544,0.432835821,0.98372103,-0.04631059,0.009854125,4.3558307,1.58795414
1695,"AWS, TypeScript",Agile,0.010805804,0.432862191,0.986187013,-0.039121422,0.008380239,4.454963437,1.591916387
1696,Microservices,Docker,0.017112866,0.433035714,0.978446264,-0.061923874,0.013185953,4.357842321,1.588514001
1697,"Java, Cloud Computing","Kubernetes, Docker",0.011158647,0.433219178,0.985767726,-0.040356371,0.009070599,5.344057902,1.621322352
1698,"Python, AWS, Go",JavaScript,0.014201914,0.433378197,0.98202084,-0.051338597,0.011494787,5.246120582,1.619052997
1699,"SQL, JavaScript","Java, Docker",0.01565739,0.433455433,0.980248595,-0.05658713,0.01374079,8.169355813,1.67143302
1700,NoSQL,Docker,0.021346977,0.433691756,0.973433099,-0.077096105,0.016455867,4.364444381,1.590354222
1701,"SQL, AWS, Go",NoSQL,0.012128964,0.433753943,0.984596902,-0.043796586,0.010752593,8.812278812,1.679090649
1702,"Python, Kubernetes","Java, AWS",0.030035725,0.433757962,0.963329621,-0.108454991,0.024407039,5.336187883,1.622475597
1703,"Python, SQL, Scala",Agile,0.012437701,0.433846154,0.984221584,-0.044899219,0.009652158,4.465090262,1.594683103
1704,TypeScript,"SQL, Java, JavaScript",0.016671812,0.434482759,0.979102069,-0.060071451,0.015590373,15.4163186,1.718456357
1705,"Java, AWS","Kubernetes, Docker",0.035328364,0.434617472,0.957497145,-0.127243858,0.028738858,5.361306818,1.625332176
1706,"SQL, NoSQL","Java, Kubernetes",0.017156971,0.434636872,0.97853021,-0.061791558,0.015029438,8.064256782,1.673443575
1707,"JavaScript, TypeScript","Python, Kubernetes",0.01292286,0.434718101,0.983680987,-0.046531116,0.010864404,6.277938536,1.646531834
1708,Software engineering,Java,0.012658228,0.434848485,0.984014057,-0.045560799,0.007626684,2.515774355,1.463592001
1709,"AWS, Scala",Docker,0.012834649,0.434977578,0.983806015,-0.046178274,0.009902613,4.377384215,1.593973393
1710,"AWS, Scala","Java, Agile",0.012834649,0.434977578,0.983806015,-0.046178274,0.011351062,8.651093541,1.680853529
1711,"Python, AWS, Scala",Kubernetes,0.012437701,0.435185185,0.98430599,-0.044722798,0.009380889,4.068846888,1.581128127
1712,CSS,Java,0.015260442,0.435220126,0.980867564,-0.054867022,0.009199719,2.517924448,1.464555086
1713,"Python, Snowflake",Hadoop,0.010011908,0.435700576,0.987324308,-0.035945839,0.009253817,13.20673684,1.713645587
1714,"Python, SQL, Machine Learning",Data Visualization,0.010011908,0.435700576,0.987324308,-0.035945839,0.008858556,8.680702246,1.683163408
1715,"Python, Docker, Go",TypeScript,0.011820227,0.435772358,0.985099622,-0.042429321,0.010779405,11.35662835,1.704326936
1716,"Kubernetes, Docker","Java, AWS",0.035328364,0.435799782,0.957692465,-0.126802805,0.028738858,5.361306818,1.628347278
1717,"Python, Java, Agile",Go,0.015304547,0.435929648,0.98086838,-0.054911128,0.013079435,6.878102237,1.66046779
1718,"Java, Kubernetes, Go",Agile,0.012305385,0.4359375,0.984515077,-0.044149429,0.009562697,4.486614134,1.60059563
1719,"Python, Tableau","SQL, Data Visualization",0.01433423,0.436241611,0.982065078,-0.051382702,0.013189336,12.52013423,1.712004314
1720,Software Engineering,Python,0.038503947,0.436281859,0.954283862,-0.138005557,0.01206995,1.456607067,1.242608135
1721,Power BI,"Python, SQL",0.015128126,0.436386768,0.98111599,-0.054205443,0.01047541,3.251461453,1.536137642
1722,"Python, Data Science",R,0.011070436,0.436521739,0.986063317,-0.039650686,0.010080532,11.18334169,1.705419455
1723,"Python, NoSQL","SQL, Agile",0.016098443,0.436602871,0.97996512,-0.057645658,0.014509593,10.13213602,1.698462859
1724,"Java, Cloud Computing",Agile,0.011246857,0.436643836,0.985853721,-0.04026816,0.008744154,4.493883652,1.602602455
1725,"Python, AWS, Scala",Docker,0.012481807,0.436728395,0.98434887,-0.044678693,0.009641807,4.395003507,1.598927939
1726,"Python, Data Analysis",R,0.013893177,0.436893204,0.982645123,-0.0497067,0.012651923,11.19285832,1.70654447
1727,GCP,Kubernetes,0.018480131,0.436913452,0.977149628,-0.06611388,0.013956237,4.085005644,1.585981041
1728,Go,"Java, Docker",0.027698143,0.437021573,0.966445458,-0.099060557,0.024335317,8.236567014,1.682020571
1729,"Python, GCP",Go,0.013496229,0.437142857,0.983142943,-0.048251224,0.011539472,6.897244259,1.66404684
1730,Hadoop,"Python, Scala",0.014422441,0.437165775,0.982024679,-0.051559123,0.013018299,10.27135713,1.701101889
1731,JavaScript,SQL,0.03612226,0.437266418,0.957060213,-0.129096282,0.01838566,2.036594389,1.395501014
1732,R,Data Visualization,0.01706876,0.437288136,0.978860684,-0.060997662,0.015109611,8.712332072,1.687912059
1733,Kubernetes,SQL,0.046795748,0.437525773,0.94565304,-0.167115071,0.023831918,2.037802353,1.396144477
1734,"Java, Docker, Go",JavaScript,0.012128964,0.437898089,0.984850436,-0.043267322,0.009840841,5.300834691,1.632071892
1735,"SQL, Agile",NoSQL,0.018877078,0.438075742,0.976786469,-0.067304724,0.016756078,8.90008181,1.692004653
1736,"Java, Jenkins",AWS,0.010144224,0.438095238,0.987283386,-0.036166365,0.00629403,2.634730327,1.483744198
1737,"Python, Cloud Computing","SQL, Java",0.014290125,0.438430311,0.982274047,-0.050897543,0.011653637,5.420136558,1.636681707
1738,Hadoop,Kafka,0.014466546,0.438502674,0.982067375,-0.051515018,0.013264659,12.03652678,1.71607051
1739,"Python, Spark",Kafka,0.016363075,0.438534279,0.979803563,-0.058263132,0.015003721,12.03739432,1.716167108
1740,"AWS, Agile",Kubernetes,0.020773607,0.438547486,0.974607319,-0.073964628,0.015707224,4.100283361,1.590596833
1741,"SQL, Cloud Computing",Kubernetes,0.011511489,0.438655462,0.985645522,-0.040973846,0.008704694,4.101292905,1.590902788
1742,"Java, TypeScript","Kubernetes, Go",0.010761699,0.438848921,0.986568513,-0.038283421,0.009911581,12.65906054,1.720273295
1743,"AWS, Software Engineering","SQL, Java",0.013496229,0.43902439,0.983269148,-0.047986592,0.011009582,5.427480916,1.63841497
1744,"AWS, Cloud Computing",Docker,0.013187492,0.439060206,0.983643059,-0.046883959,0.010202863,4.418469614,1.605574636
1745,TypeScript,Go,0.016848234,0.43908046,0.97927197,-0.059895029,0.014416265,6.927815772,1.669795011
1746,"SQL, NoSQL","AWS, Docker",0.017333392,0.439106145,0.978699932,-0.061615137,0.01495167,7.277670783,1.675297223
1747,"Python, AWS, NoSQL",Go,0.011643805,0.439267887,0.985520323,-0.041370793,0.00996379,6.930772998,1.670353148
1748,"SQL, Kubernetes, Docker",NoSQL,0.018347815,0.439281943,0.977519052,-0.065187668,0.016291942,8.924587359,1.695644446
1749,MySQL,SQL,0.014201914,0.439290587,0.9824404,-0.05045649,0.007260682,2.046022077,1.400538793
1750,"Java, Linux",SQL,0.011820227,0.439344262,0.985311171,-0.041988268,0.006043758,2.046272075,1.400672877
1751,"SQL, Java, Docker",JavaScript,0.01565739,0.439356436,0.980707806,-0.055616813,0.012713435,5.318488236,1.636317239
1752,"SQL, Java, NoSQL",Go,0.012481807,0.439440994,0.984517734,-0.04432585,0.01068159,6.933504281,1.670868971
1753,"SQL, JavaScript","Java, Kubernetes",0.015877916,0.43956044,0.980461434,-0.056366603,0.013931046,8.155608712,1.688145094
1754,"Python, Go","SQL, Docker",0.024302033,0.439744613,0.970659534,-0.086225907,0.021737851,9.477499628,1.702083053
1755,"Python, Go","Java, Docker",0.024302033,0.439744613,0.970659534,-0.086225907,0.021369799,8.287888287,1.690195789
1756,"Python, Java, Go",Agile,0.015304547,0.439797212,0.981161026,-0.054293653,0.011923327,4.526337803,1.611623489
1757,"SQL, Go","JavaScript, TypeScript",0.014510651,0.439839572,0.982110072,-0.051470913,0.013529935,14.79596828,1.73213416
1758,NoSQL,"SQL, Java, AWS",0.021655714,0.439964158,0.973727353,-0.076787368,0.019326304,9.296651769,1.701096458
1759,"Python, NoSQL","Java, Agile",0.016230759,0.440191388,0.98009273,-0.057513342,0.01437683,8.754788886,1.696508253
1760,"SQL, NoSQL","AWS, Kubernetes",0.017377497,0.440223464,0.978742363,-0.061571032,0.014912206,7.048860588,1.674859164
1761,"Tableau, Data Visualization","SQL, R",0.010100119,0.440384615,0.987453111,-0.035769417,0.009374841,13.92585828,1.730432203
1762,"Java, NoSQL","Python, Docker",0.015172231,0.440460948,0.981367784,-0.053720284,0.012929799,6.765969555,1.670840558
1763,"SQL, Java",Docker,0.035637101,0.440567067,0.958134411,-0.126141225,0.027599202,4.433633866,1.609899332
1764,"Java, TypeScript","Docker, Go",0.010805804,0.440647482,0.986611563,-0.038239315,0.010032478,13.97314736,1.731403118
1765,GCP,"Python, Java",0.018656552,0.441084463,0.97731889,-0.065937459,0.014087886,4.083588415,1.595922825
1766,"SQL, Java, Kubernetes",JavaScript,0.015877916,0.441176471,0.980586658,-0.056101972,0.012904813,5.340520084,1.641646568
1767,Go,"SQL, AWS",0.027962775,0.441196938,0.966694318,-0.098795925,0.023492984,6.255946327,1.663333026
1768,"SQL, Machine Learning",Data Visualization,0.0115997,0.441275168,0.985689114,-0.040973846,0.010280318,8.791767908,1.699956915
1769,Cloud computing,"Python, AWS",0.011643805,0.441471572,0.985647372,-0.041106162,0.00892988,4.290392177,1.606189113
1770,"Java, AWS, NoSQL",RDBMS,0.010982226,0.441489362,0.986444033,-0.038768579,0.010526913,24.12021277,1.757703835
1771,"Python, Hadoop","Spark, Hive",0.011996648,0.441558442,0.985229078,-0.042341111,0.011594022,29.79599567,1.76416063
1772,NoSQL,"Python, Java, AWS",0.021743924,0.441756272,0.973811425,-0.076699158,0.018815337,7.424714577,1.68475143
1773,"Java, Cloud Computing",Docker,0.011379173,0.441780822,0.985982715,-0.040135844,0.008819668,4.445848458,1.613399793
1774,"Kubernetes, Agile","Java, NoSQL",0.011732016,0.441860465,0.98556391,-0.041370793,0.01081742,12.82753179,1.729950455
1775,Data Analysis,SQL,0.038151105,0.442003066,0.955663825,-0.134477131,0.019619057,2.058655611,1.407346953
1776,Node.js,SQL,0.013628545,0.442060086,0.983313366,-0.048030697,0.00700928,2.058921185,1.40749078
1777,"Python, Go","SQL, Kubernetes",0.024434349,0.442138867,0.97078492,-0.086093591,0.02184823,9.448270052,1.708676577
1778,Snowflake,Spark,0.01301107,0.442278861,0.984061697,-0.045825431,0.011766767,10.45650532,1.717171767
1779,Data analysis,SQL,0.018127288,0.442411195,0.978052707,-0.063820403,0.00933001,2.060556496,1.408377065
1780,"Kubernetes, JavaScript","Docker, HTML/CSS",0.011026331,0.442477876,0.986444617,-0.038812685,0.010733975,37.71541686,1.772607654
1781,TypeScript,"Python, SQL",0.01698055,0.442528736,0.979399397,-0.059762713,0.011830597,3.297224457,1.553062114
1782,"Java, AWS, Scala",NoSQL,0.011379173,0.442538593,0.986025112,-0.040047634,0.01011352,8.990750475,1.705550282
1783,Go,"Python, Java, AWS",0.028050986,0.442588727,0.966777271,-0.098707714,0.024280036,7.438705853,1.687267487
1784,"Java, AWS, Kubernetes",Agile,0.017201076,0.442678774,0.979154284,-0.060512504,0.013425594,4.555994483,1.619956195
1785,"Python, R",Data Visualization,0.01640718,0.442857143,0.980096117,-0.057689763,0.014547649,8.823286467,1.704783844
1786,"Python, AWS, Scala",Go,0.012658228,0.442901235,0.984520389,-0.044502271,0.01084683,6.988099994,1.68124704
1787,"SQL, Java, Scala",NoSQL,0.011820227,0.442975207,0.985522811,-0.041547215,0.010506813,8.999620842,1.706887144
1788,Scala,"SQL, AWS",0.020950029,0.443097015,0.974857865,-0.073611785,0.017615571,6.282888442,1.66900809
1789,"SQL, Spark",Scala,0.011864332,0.443163097,0.9854811,-0.041679531,0.010598531,9.372982185,1.710948194
1790,"SQL, Azure","AWS, GCP",0.011864332,0.443163097,0.9854811,-0.041679531,0.010878377,12.03333761,1.729720229
1791,GCP,"Python, AWS, Azure",0.018744762,0.443169969,0.977403521,-0.065849248,0.017295251,12.93177954,1.734335631
1792,"Python, Hadoop","Java, Scala",0.012040753,0.443181818,0.985272017,-0.042297005,0.010992248,11.48372727,1.726610002
1793,"Python, SQL, Machine Learning",R,0.01018833,0.443378119,0.987496766,-0.035769417,0.009291391,11.35899671,1.726426541
1794,Agile,SQL,0.043090901,0.443486155,0.950715549,-0.151237154,0.022229326,2.065563188,1.411097482
1795,"Java, AWS, Go",JavaScript,0.014025493,0.443514644,0.982941428,-0.049221541,0.011413097,5.368824096,1.648544242
1796,"JavaScript, TypeScript","Python, Docker",0.013187492,0.443620178,0.983937979,-0.046266484,0.011252281,6.814498846,1.680327908
1797,"HTML, CSS",Java,0.013275702,0.443952802,0.983855081,-0.046531116,0.008106935,2.568446514,1.487555806
1798,"Kubernetes, Docker","Python, SQL",0.035989944,0.443960827,0.958304435,-0.126141225,0.025109929,3.307894785,1.557062061
1799,"Kubernetes, JavaScript",HTML/CSS,0.011070436,0.444247788,0.98648765,-0.038768579,0.010636298,25.49982301,1.768015269
1800,Training,Communication,0.012305385,0.444267516,0.985022102,-0.043090901,0.007176959,2.399446734,1.466255573
1801,"AWS, JavaScript",Go,0.015304547,0.444302177,0.981495694,-0.053587968,0.013121366,7.010204073,1.685485548
1802,Tableau,Data Visualization,0.022934768,0.444444444,0.97273833,-0.080271689,0.020344706,8.85491115,1.709654655
1803,"Python, Kafka",Snowflake,0.011114542,0.444444444,0.986445783,-0.038900895,0.010378858,15.10777944,1.747047149
1804,"Python, AWS, Scala",NoSQL,0.012702333,0.444444444,0.984563269,-0.044458166,0.011295569,9.029470331,1.711401226
1805,"Java, Microservices",Docker,0.011687911,0.444630872,0.985775066,-0.040885635,0.009075813,4.474529859,1.621679459
1806,"Kubernetes, Terraform","Python, Ansible",0.01027654,0.444656489,0.987455274,-0.035945839,0.009668002,16.88726393,1.753273608
1807,"SQL, Java, Kubernetes",Agile,0.016010232,0.444852941,0.980714377,-0.055969656,0.012513305,4.578370738,1.626300559
1808,"SQL, Java",Kubernetes,0.035989944,0.444929117,0.958460848,-0.125788383,0.02733841,4.159949634,1.608883869
1809,"Python, NoSQL","SQL, Docker",0.01640718,0.444976077,0.980262878,-0.057336921,0.014696361,9.590249604,1.718126299
1810,"Python, NoSQL","AWS, Agile",0.01640718,0.444976077,0.980262878,-0.057336921,0.014660584,9.393801288,1.716378056
1811,"SQL, Agile",Docker,0.019185816,0.445240532,0.977082452,-0.066995986,0.014903903,4.480665152,1.623461623
1812,Snowflake,Java,0.013099281,0.445277361,0.984147386,-0.04573722,0.008014373,2.576109623,1.491107771
1813,Go,"Java, Kubernetes",0.028227407,0.445372303,0.966943177,-0.098531293,0.024811469,8.263442091,1.705834924
1814,"SQL, Kubernetes, Go",Open Source RDBMS,0.011511489,0.445392491,0.986026914,-0.04017995,0.011045257,24.69042533,1.770551079
1815,Software engineering,Python,0.012966965,0.445454545,0.984314062,-0.045252062,0.004248105,1.487231764,1.263162005
1816,"Docker, Agile","Java, NoSQL",0.011908437,0.445544554,0.98556639,-0.041547215,0.010987764,12.93448359,1.741445142
1817,"SQL, Java, Go",TypeScript,0.013849072,0.446022727,0.983316935,-0.048251224,0.012657627,11.62376241,1.735862491
1818,"Python, NoSQL","Kubernetes, Docker",0.016451286,0.446172249,0.980305415,-0.057292815,0.013462231,5.50384298,1.659242271
1819,Time Management,Problem Solving,0.012437701,0.446202532,0.984981764,-0.043311428,0.01010181,5.324605263,1.654395222
1820,Node.js,Docker,0.013760861,0.446351931,0.983441725,-0.047898381,0.010697343,4.491849684,1.626720578
1821,"SQL, Spark","Python, Java",0.011952543,0.44645799,0.98556701,-0.04159132,0.009060801,4.133336876,1.611415298
1822,"JavaScript, TypeScript","AWS, Go",0.013275702,0.446587537,0.984023643,-0.046178274,0.012169118,11.9970133,1.739706225
1823,"Java, Go",JavaScript,0.017598024,0.446808511,0.979037597,-0.061174084,0.014344371,5.408696936,1.658360164
1824,GCP,"SQL, AWS",0.018921184,0.44734098,0.977572783,-0.065672827,0.015938212,6.343065693,1.681824695
1825,"AWS, Docker","Kubernetes, Go",0.026992458,0.447368421,0.968553721,-0.093679707,0.0249008,12.90481452,1.746793438
1826,"Azure, GCP","Python, Java",0.011643805,0.447457627,0.98598633,-0.040400476,0.008833052,4.14259158,1.614330604
1827,"Docker, Jenkins","AWS, Kubernetes",0.010541172,0.447565543,0.987288318,-0.036563313,0.009070261,7.166422004,1.697118726
1828,"AWS, Software Engineering",Cloud Computing,0.013760861,0.447632712,0.983525888,-0.04772196,0.012113491,8.353231663,1.71337451
1829,Data Warehousing,"Python, SQL",0.013231597,0.447761194,0.984149424,-0.045869536,0.009265542,3.336210829,1.567777366
1830,"Python, Kubernetes","SQL, Java",0.031006042,0.447770701,0.964237099,-0.107484673,0.025404843,5.535608013,1.664364491
1831,"SQL, Go","Python, Agile",0.014775283,0.447860963,0.982366253,-0.051206281,0.013058302,8.605382715,1.716878637
1832,"SQL, Docker, Go",Open Source RDBMS,0.011555595,0.447863248,0.986112305,-0.040047634,0.011090157,24.82739222,1.778474117
1833,"AWS, Cloud Computing","SQL, Java",0.013452124,0.447870778,0.983899974,-0.046619327,0.011022559,5.536845232,1.66466617
1834,"Python, Software Engineering",SQL,0.017245181,0.447880871,0.979529432,-0.059762713,0.008978202,2.086031836,1.422329427
1835,"SQL, AWS, Go",TypeScript,0.012525912,0.447949527,0.984983052,-0.043399638,0.011452935,11.67397658,1.741921102
1836,"Python, Data Analysis","SQL, Data Visualization",0.014246019,0.447988904,0.982987091,-0.049353857,0.013138008,12.85728155,1.748437308
1837,"Python, Hadoop",NoSQL,0.012173069,0.448051948,0.985400833,-0.042164689,0.010835775,9.102761486,1.722586855
1838,"Spark, Hadoop","Python, NoSQL",0.01084991,0.448087432,0.986952028,-0.037577736,0.009957096,12.15249562,1.745073414
1839,Python,SQL,0.134212499,0.448093064,0.872793918,-0.464826004,0.069904304,2.087020141,1.422876276
1840,"SQL, AWS","Kubernetes, Docker",0.031623517,0.448405253,0.963661833,-0.109425308,0.025906414,5.531388633,1.665959331
1841,"Python, Java, Agile",Kubernetes,0.0157456,0.448492462,0.981294474,-0.054470075,0.011990627,4.193265814,1.61927903
1842,"Python, Go","AWS, Kubernetes",0.024787192,0.448523543,0.971119284,-0.085740749,0.021335783,7.181761512,1.700066886
1843,"Python, GCP",Docker,0.013849072,0.448571429,0.983485218,-0.047898381,0.010781171,4.51418553,1.63326812
1844,R,"SQL, Tableau",0.017509813,0.448587571,0.979285169,-0.060556609,0.015927688,11.06727529,1.740017375
1845,"AWS, TypeScript","Java, HTML/CSS",0.011202752,0.448763251,0.986574293,-0.038724474,0.01081519,28.90570792,1.785938488
1846,Go,"AWS, Kubernetes",0.028447934,0.448851775,0.96715056,-0.098310766,0.024489694,7.18701715,1.701079344
1847,"Java, Docker, Go",Agile,0.012437701,0.449044586,0.985150852,-0.042958585,0.009746438,4.621510621,1.638673383
1848,"AWS, Go",Agile,0.016715918,0.449052133,0.98022707,-0.057733868,0.013098997,4.621588291,1.638695829
1849,"Python, Snowflake","Spark, Kafka",0.010320646,0.449136276,0.98762611,-0.035637101,0.009904101,24.77680485,1.782423982
1850,Kafka,"Python, Spark",0.016363075,0.449152542,0.980637474,-0.056498919,0.015003721,12.03739432,1.747646981
1851,"Python, Go","Java, Kubernetes",0.024831297,0.449321628,0.97116108,-0.085696644,0.021852751,8.3367179,1.718068737
1852,"Python, Jenkins","Kubernetes, Docker",0.012128964,0.449346405,0.985527163,-0.041855952,0.009940805,5.542998393,1.668806713
1853,"Docker, JavaScript","Java, Go",0.012128964,0.449346405,0.985527163,-0.041855952,0.011065838,11.40876937,1.74449773
1854,"Java, NoSQL","Python, Kubernetes",0.015480969,0.449423816,0.98166624,-0.053411547,0.013095725,6.490309663,1.690510176
1855,TypeScript,"Kubernetes, Docker",0.017245181,0.449425287,0.97965425,-0.059498081,0.014134563,5.543971458,1.669045807
1856,"JavaScript, TypeScript","Java, Kubernetes",0.013363913,0.449554896,0.984109307,-0.046090063,0.011761726,8.341045958,1.718796821
1857,"Kubernetes, JavaScript","AWS, Go",0.011202752,0.449557522,0.986616748,-0.038636263,0.010275126,12.07679822,1.74909304
1858,"Python, Scala",Spark,0.01914171,0.449740933,0.977536171,-0.065981564,0.017341481,10.63292614,1.740458361
1859,"Python, GCP","AWS, Kubernetes",0.013893177,0.45,0.983528002,-0.047854276,0.011965016,7.205402542,1.704630658
1860,"SQL, Kubernetes, Go",TypeScript,0.011643805,0.450511945,0.986155897,-0.040047634,0.010652063,11.74075556,1.750044174
1861,"AWS, TypeScript","Python, Kubernetes",0.011246857,0.450530035,0.986617324,-0.038680369,0.009518243,6.506285026,1.693913593
1862,Hadoop,"Python, AWS",0.014863494,0.450534759,0.982451646,-0.05111807,0.011468818,4.378471753,1.632682495
1863,Scala,Spark,0.021302871,0.450559701,0.975194778,-0.073258942,0.01930303,10.65228375,1.74305197
1864,"Python, Azure","Java, AWS",0.017906761,0.450610433,0.979002291,-0.061571032,0.014676541,5.543510767,1.672244876
1865,"Python, JavaScript","Java, AWS",0.01773034,0.450672646,0.97920645,-0.060953557,0.014532386,5.544276124,1.672434263
1866,"Python, DevOps",AWS,0.017950867,0.450719823,0.978961656,-0.061703348,0.011328532,2.710655316,1.517846383
1867,"AWS, Kubernetes, Go",Agile,0.012834649,0.451162791,0.984818595,-0.044061218,0.010070533,4.643310919,1.644997746
1868,"Java, Kafka","Python, Hadoop",0.01018833,0.451171875,0.987880095,-0.034975522,0.009574804,16.60620117,1.772560619
1869,"SQL, Docker, Go",TypeScript,0.011643805,0.451282051,0.986198297,-0.039959423,0.010653755,11.76082523,1.752500298
1870,NoSQL,Kubernetes,0.022229083,0.451612903,0.974273824,-0.076213999,0.016964573,4.222440971,1.628493077
1871,"SQL, Go",TypeScript,0.014907599,0.451871658,0.982494343,-0.051073965,0.013641689,11.77619092,1.754385414
1872,"SQL, Go","Python, TypeScript",0.014907599,0.451871658,0.982494343,-0.051073965,0.01418443,20.61425774,1.784398979
1873,"Python, SQL, Scala",Docker,0.012966965,0.452307692,0.984736097,-0.044369955,0.0101182,4.551785312,1.644409997
1874,"Java, Kubernetes","SQL, Go",0.024390244,0.452536825,0.972002511,-0.083403167,0.022612149,13.71706876,1.766345687
1875,Spark,"Python, Scala",0.01914171,0.452554745,0.97778436,-0.0654523,0.017341481,10.63292614,1.748920743
1876,"SQL, JavaScript","Python, TypeScript",0.016363075,0.452991453,0.980929678,-0.055881445,0.015571263,20.66534248,1.788051868
1877,"SQL, Azure","Python, Java",0.012128964,0.453047776,0.985738832,-0.041414899,0.009237222,4.194345539,1.63082994
1878,"Java, Kafka","Python, AWS",0.010232435,0.453125,0.987923226,-0.034931416,0.007908806,4.403644717,1.640415598
1879,Cloud computing,"Java, AWS",0.011952543,0.453177258,0.985948176,-0.040797424,0.009808623,5.575088421,1.680094512
1880,Scrum,Python,0.014378335,0.45340751,0.983199384,-0.04904512,0.004880063,1.513784197,1.281541114
1881,Data visualization,"Python, SQL",0.010320646,0.453488372,0.987839062,-0.035196048,0.007266191,3.378883293,1.584206916
1882,"Python, Docker, Go",JavaScript,0.012305385,0.453658537,0.985571968,-0.041944163,0.010064627,5.491617726,1.679152674
1883,"AWS, Cloud Computing",Kubernetes,0.013628545,0.453744493,0.984071251,-0.046442906,0.010416062,4.24237068,1.634847758
1884,Microsoft Azure,"Python, SQL",0.012570017,0.453821656,0.985279602,-0.042826269,0.00885258,3.381366549,1.585173616
1885,"Python, SQL, Scala",Kubernetes,0.01301107,0.453846154,0.984778974,-0.04432585,0.009944824,4.243321174,1.635152067
1886,"AWS, Docker",Go,0.027389406,0.453947368,0.968928081,-0.093282759,0.023565344,7.162386002,1.715257094
1887,Ansible,Kubernetes,0.019362237,0.453981386,0.977664975,-0.065937459,0.014800605,4.24458555,1.635557044
1888,"AWS, TypeScript","Python, Docker",0.011335068,0.454063604,0.986703387,-0.038592158,0.00970995,6.974921476,1.712471544
1889,"AWS, Agile",Docker,0.021523398,0.454376164,0.975323199,-0.073214837,0.016816362,4.572601315,1.65064399
1890,"Python, Docker","SQL, AWS",0.029594672,0.454607046,0.966665286,-0.100604243,0.025003571,6.446094781,1.704231015
1891,"AWS, Software Engineering","Kubernetes, Docker",0.013981388,0.454806313,0.983739837,-0.047501433,0.011489317,5.610350125,1.685519178
1892,"Java, AWS, JavaScript",HTML/CSS,0.011996648,0.454849498,0.985991148,-0.040753319,0.011537154,26.1083612,1.80239841
1893,"Python, Java, AWS",Agile,0.027080669,0.455151964,0.969403047,-0.091915494,0.021299595,4.684366995,1.657041805
1894,"Python, JavaScript",Kubernetes,0.017906761,0.455156951,0.979376194,-0.060777136,0.013698927,4.255576719,1.639085956
1895,"Python, Docker","Java, AWS",0.029638777,0.455284553,0.966706696,-0.100560138,0.024347096,5.601012841,1.686594154
1896,"Python, AWS, Agile",Go,0.015789706,0.455470738,0.981755403,-0.053543863,0.013592548,7.18642174,1.72005568
1897,"JavaScript, TypeScript","SQL, Kubernetes",0.013540334,0.455489614,0.984280636,-0.045913642,0.012149238,9.733568354,1.750571296
1898,"AWS, Kubernetes",Go,0.028447934,0.455508475,0.96799369,-0.096458343,0.024489694,7.18701715,1.72017489
1899,"Python, C++",Java,0.01631897,0.455665025,0.981179476,-0.055308076,0.010128647,2.636206457,1.519562906
1900,Spark,"Python, AWS",0.019274026,0.455683003,0.977911307,-0.065319984,0.014921761,4.428504385,1.648124687
1901,Hadoop,"Python, SQL, Spark",0.015039915,0.455882353,0.982622433,-0.050941649,0.014235262,18.69117647,1.793012525
1902,"Docker, JavaScript","Python, Go",0.012305385,0.455882353,0.985698948,-0.041679531,0.010813675,8.249178442,1.736271622
1903,"Azure, GCP","SQL, AWS",0.011864332,0.455932203,0.986201264,-0.04017995,0.010029136,6.464884833,1.708381921
1904,"Python, R","SQL, Tableau",0.016892339,0.455952381,0.980563943,-0.057204605,0.015390661,11.24897534,1.76357211
1905,"Python, Cloud Computing","SQL, AWS",0.014863494,0.456021651,0.982829318,-0.050324174,0.012564833,6.466153152,1.708662834
1906,"Python, Hadoop","Spark, Kafka",0.012393596,0.456168831,0.985615527,-0.041944163,0.011901098,25.1647589,1.805473405
1907,"Python, JavaScript",Go,0.017950867,0.456278027,0.979418629,-0.06073303,0.0154574,7.199159154,1.722609526
1908,"AWS, GCP",Kubernetes,0.016804128,0.456287425,0.980687426,-0.056851762,0.01286518,4.266146305,1.642493905
1909,TypeScript,"SQL, Java",0.017509813,0.456321839,0.979909102,-0.059233449,0.014405964,5.641322278,1.690542131
1910,"SQL, Spark",AWS,0.012217175,0.456342669,0.985824742,-0.041326688,0.007765616,2.744471441,1.533544905
1911,Microservices,Python,0.018039077,0.456473214,0.979337265,-0.060997662,0.006202565,1.524019612,1.288769508
1912,"SQL, Software Engineering","Python, Go",0.010408856,0.456479691,0.987882708,-0.035196048,0.009148702,8.259987249,1.738179813
1913,"Python, SQL, AWS",Go,0.026374983,0.45648855,0.970312305,-0.089180964,0.022713053,7.202480783,1.723276758
1914,"Java, TypeScript","AWS, HTML/CSS",0.011202752,0.456834532,0.98699901,-0.037842368,0.010875035,34.18418928,1.816455842
1915,Data Visualization,Tableau,0.022934768,0.456942004,0.974045609,-0.077448948,0.020344706,8.85491115,1.746400527
1916,"Communication, Project Management",Problem Solving,0.012173069,0.456953642,0.985908837,-0.041106162,0.009940666,5.452899965,1.687148569
1917,NoSQL,"Python, SQL, AWS",0.022493715,0.456989247,0.974526041,-0.075949367,0.019649794,7.909402446,1.735181157
1918,"Java, GCP","Kubernetes, Docker",0.01018833,0.457425743,0.988178445,-0.034358047,0.008382741,5.642662601,1.693656496
1919,"Java, AWS, NoSQL",Scala,0.011379173,0.457446809,0.986831347,-0.038371631,0.010203042,9.675085345,1.755992054
1920,"SQL, Java, AWS",NoSQL,0.021655714,0.457595527,0.975490609,-0.07299431,0.019326304,9.296651769,1.752895681
1921,GCP,"Python, Azure",0.019362237,0.457768509,0.977995938,-0.065231773,0.017681401,11.51940666,1.770943074
1922,"Java, Docker","Python, Go",0.024302033,0.458021613,0.972692243,-0.081815375,0.021369799,8.287888287,1.743124914
1923,Attention to Detail,Problem Solving,0.016848234,0.458033573,0.980771685,-0.056719446,0.013765744,5.465786949,1.690510408
1924,"AWS, Cloud Computing",Software Engineering,0.013760861,0.45814978,0.984199709,-0.04631059,0.011110065,5.191219368,1.682651799
1925,"Java, Kubernetes","AWS, Go",0.024698981,0.458265139,0.972295459,-0.083094429,0.022692682,12.31071742,1.777207222
1926,"SQL, Go","Java, Agile",0.015128126,0.45855615,0.982707826,-0.050853438,0.013469347,9.120038231,1.754050638
1927,NoSQL,Agile,0.022581926,0.458781362,0.974610114,-0.075861156,0.017799362,4.7217203,1.668153883
1928,Bash,Kubernetes,0.010320646,0.458823529,0.988094725,-0.034666784,0.007914821,4.289858096,1.650191091
1929,"Spark, Hadoop",NoSQL,0.011114542,0.459016393,0.987210404,-0.037313104,0.0099227,9.325518538,1.757499576
1930,"AWS, TypeScript","SQL, Kubernetes",0.011467384,0.459363958,0.98683248,-0.038459842,0.010299193,9.81636099,1.763116361
1931,"Java, Docker","SQL, Go",0.024390244,0.459684123,0.972776009,-0.081727164,0.022639796,13.93371407,1.789710907
1932,"JavaScript, TypeScript","SQL, Docker",0.01367265,0.459940653,0.984409132,-0.045781326,0.012293354,9.912770363,1.765734089
1933,"Python, AWS, Cloud Computing",Software Engineering,0.010144224,0.46,0.988348509,-0.033961099,0.008197972,5.212183908,1.688417125
1934,"Terraform, Ansible",Docker,0.01018833,0.460159363,0.988306365,-0.034093415,0.007988207,4.630800367,1.668326991
1935,"Kubernetes, JavaScript","Go, TypeScript",0.011467384,0.460176991,0.986874946,-0.038371631,0.011047534,27.31307047,1.821248354
1936,"SQL, R","Python, Data Visualization",0.014554757,0.460251046,0.983454468,-0.048692277,0.013624448,15.64508541,1.798209597
1937,"SQL, Power BI",Data Analysis,0.011246857,0.460288809,0.98712705,-0.037621841,0.009137828,5.332717506,1.692916316
1938,"SQL, JavaScript",Go,0.016627707,0.46031746,0.981185084,-0.055616813,0.014338302,7.262893374,1.735502969
1939,"Python, Kafka","Java, Spark",0.011511489,0.46031746,0.986833046,-0.038503947,0.010939046,20.10939842,1.810526125
1940,"Java, JavaScript",TypeScript,0.022273188,0.460346399,0.975094657,-0.074493891,0.020416633,11.99705047,1.781936352
1941,"Python, NoSQL","SQL, Kubernetes",0.01698055,0.460526316,0.980815858,-0.056763551,0.015255094,9.84119996,1.766915198
1942,"Python, Snowflake",Redshift,0.010585278,0.460652591,0.987884798,-0.035372469,0.010226502,29.50388757,1.825144053
1943,Go,"Python, SQL, Java",0.029197724,0.460681976,0.967855662,-0.097560976,0.025275825,7.444791482,1.73945648
1944,"Python, AWS, GCP",Go,0.013187492,0.460708783,0.984992711,-0.044061218,0.011373299,7.269067663,1.736762291
1945,"Java, Kubernetes","Python, Go",0.024831297,0.460720131,0.972421009,-0.082962114,0.021852751,8.3367179,1.751847387
1946,Bash,Linux,0.010364751,0.460784314,0.98813786,-0.034622679,0.008163298,4.708140038,1.673041623
1947,"AWS, JavaScript","Kubernetes, Docker",0.015877916,0.460947503,0.98204997,-0.053014599,0.01308551,5.686105952,1.704721564
1948,Business Intelligence,Python,0.014069598,0.460982659,0.984035951,-0.04697217,0.004928006,1.539075221,1.299551415
1949,"Python, Hadoop","AWS, Spark",0.012525912,0.461038961,0.985744343,-0.041811847,0.011963913,22.28813724,1.817041553
1950,"Python, SQL",Java,0.061879769,0.461058166,0.936226474,-0.20654523,0.038681304,2.667407962,1.534769033
1951,Hadoop,"Java, Spark",0.015216337,0.461229947,0.98279322,-0.050765227,0.014461156,20.14926123,1.813592516
1952,"SQL, Go","AWS, Agile",0.015216337,0.461229947,0.98279322,-0.050765227,0.013653592,9.736933499,1.768158561
1953,"Java, Docker","AWS, Go",0.024478455,0.461346633,0.972859776,-0.081638954,0.02250335,12.39349789,1.787374157
1954,HTML,Java,0.016848234,0.461352657,0.981022084,-0.056190182,0.010535934,2.66911171,1.535608126
1955,"JavaScript, TypeScript","Java, Docker",0.013716756,0.461424332,0.984451964,-0.04573722,0.01213948,8.696487022,1.758232599
1956,"Python, SQL, Scala",Go,0.013231597,0.461538462,0.984993354,-0.044105324,0.011414609,7.282158343,1.73943835
1957,"SQL, JavaScript","Java, TypeScript",0.016671812,0.461538462,0.981227652,-0.055572708,0.015786002,18.82097399,1.81160096
1958,"SQL, Docker, Go",NoSQL,0.011908437,0.461538462,0.986456273,-0.039694791,0.010638442,9.376757651,1.765731424
1959,"SQL, Java, JavaScript",HTML/CSS,0.01301107,0.461658842,0.985243651,-0.043355533,0.012520072,26.49921753,1.825196499
1960,"AWS, Linux",Kubernetes,0.010100119,0.461693548,0.988475981,-0.033652362,0.007760337,4.316691886,1.658989202
1961,"Kubernetes, Agile","AWS, NoSQL",0.01226128,0.46179402,0.986079484,-0.04084153,0.011427486,14.70541547,1.79967716
1962,"AWS, Kubernetes","SQL, Java",0.028844882,0.461864407,0.968367305,-0.096061395,0.023793099,5.7098428,1.707953996
1963,Jira,Python,0.014775283,0.462068966,0.983331909,-0.049177436,0.005197748,1.542702055,1.30217575
1964,TypeScript,"Python, Java",0.01773034,0.462068966,0.98012148,-0.059012923,0.013585669,4.277864294,1.658179219
1965,"Java, NoSQL","AWS, Agile",0.015922022,0.462227913,0.982092607,-0.052970494,0.014290333,9.758001369,1.771439808
1966,"Java, TypeScript","Python, HTML/CSS",0.011335068,0.462230216,0.987128159,-0.037710052,0.011019248,35.89090987,1.835583319
1967,"Python, Java, Agile",NoSQL,0.016230759,0.462311558,0.981763177,-0.053984916,0.014502697,9.392464113,1.768270218
1968,Docker,"Java, Kubernetes",0.045957747,0.462494452,0.951416192,-0.152780841,0.04060207,8.581126601,1.760174007
1969,Hadoop,Hive,0.015260442,0.462566845,0.982835916,-0.050721122,0.014642038,24.67712488,1.825818203
1970,"Kubernetes, Software Engineering",Go,0.010100119,0.462626263,0.988518646,-0.033564151,0.008716413,7.299321679,1.74295948
1971,"Python, Hadoop","Scala, Spark",0.012570017,0.462662338,0.985787282,-0.041767741,0.011991242,21.71830887,1.821381968
1972,"Java, AWS, Agile",Go,0.01565739,0.462842243,0.982423208,-0.052000176,0.013513344,7.302729411,1.743660288
1973,"JavaScript, TypeScript","Java, HTML/CSS",0.013760861,0.462908012,0.984494796,-0.045693115,0.013299347,29.8167993,1.832972653
1974,"SQL, Azure",GCP,0.012393596,0.462932455,0.985996564,-0.041150267,0.011261223,10.94480453,1.783207723
1975,React,AWS,0.021523398,0.462998102,0.97614532,-0.071450624,0.013793674,2.784497607,1.552551181
1976,"Java, AWS, JavaScript",Agile,0.012217175,0.463210702,0.986206007,-0.040532792,0.009654475,4.767306516,1.681918727
1977,"Python, SQL, Agile",Go,0.014775283,0.463347165,0.983415969,-0.049001014,0.012754233,7.310696077,1.745300851
1978,"Kubernetes, Agile","Java, Go",0.012305385,0.46345515,0.986122449,-0.040797424,0.01125963,11.76698612,1.790370265
1979,"SQL, AWS, NoSQL",Go,0.012128964,0.463743676,0.986331987,-0.04017995,0.010471311,7.316952241,1.746591338
1980,"Python, Cloud Computing","Java, AWS",0.015128126,0.464140731,0.983085597,-0.050059542,0.0124787,5.709963531,1.714468595
1981,"Terraform, Ansible","Python, Kubernetes",0.01027654,0.464143426,0.988392665,-0.034005204,0.008743388,6.702881468,1.736947325
1982,"SQL, Software Engineering","Java, Go",0.010585278,0.464216634,0.988055196,-0.035019627,0.009687179,11.78631999,1.792914838
1983,Azure,"Python, AWS",0.034269836,0.464435146,0.96319724,-0.113306576,0.026677198,4.513561112,1.675058164
1984,"SQL, NoSQL","Kubernetes, Docker",0.018347815,0.464804469,0.979675832,-0.060600715,0.01514781,5.733684294,1.717006893
1985,"Python, Docker, Go",Agile,0.012614123,0.46504065,0.985872552,-0.041635425,0.00997857,4.786140112,1.687672106
1986,"Python, AWS, GCP",Docker,0.013319808,0.465331279,0.985121345,-0.043928902,0.010475426,4.682847797,1.684464923
1987,"Docker, Agile","Java, Go",0.012437701,0.465346535,0.986081876,-0.041017951,0.011384998,11.81500782,1.796703862
1988,"Tableau, Data Visualization",Power BI,0.010673488,0.465384615,0.988013625,-0.035196048,0.009878414,13.42451067,1.805659252
1989,"Tableau, Data Visualization","Python, R",0.010673488,0.465384615,0.988013625,-0.035196048,0.00982379,12.56150641,1.801204297
1990,"AWS, GCP","Python, SQL",0.017156971,0.465868263,0.981027735,-0.056498919,0.0122142,3.471124265,1.620925029
1991,"SQL, Kubernetes, Go",NoSQL,0.012040753,0.465870307,0.986542844,-0.039650686,0.010768587,9.464764762,1.780051684
1992,"Java, AWS, Docker",Agile,0.017818551,0.465974625,0.980331351,-0.05866008,0.014103065,4.795752463,1.690623732
1993,"AWS, Azure",GCP,0.024698981,0.466278102,0.973150708,-0.081242006,0.022458488,11.02390344,1.794385798
1994,"Python, Snowflake",Scala,0.010717594,0.466410749,0.988014142,-0.035240153,0.009631132,9.864674349,1.785491538
1995,"SQL, JavaScript","Python, AWS",0.016848234,0.466422466,0.981397923,-0.055396286,0.013131335,4.53287466,1.681296951
1996,"AWS, TypeScript","SQL, Docker",0.011643805,0.466431095,0.987004604,-0.038283421,0.010485524,10.05265421,1.787212844
1997,"Java, Angular",SQL,0.01018833,0.466666667,0.988604972,-0.033475941,0.005500867,2.173527801,1.47242866
1998,"SQL, Business Intelligence",Tableau,0.01018833,0.466666667,0.988604972,-0.033475941,0.009061721,9.043361823,1.778243947
1999,"JavaScript, CSS",Java,0.012349491,0.466666667,0.986250161,-0.040576898,0.00777536,2.699855405,1.55090857
2000,TypeScript,"Java, AWS, JavaScript",0.017906761,0.466666667,0.980291382,-0.058836502,0.01689471,17.693534,1.825546906
2001,"Kubernetes, Agile","SQL, NoSQL",0.012393596,0.466777409,0.986208378,-0.040709214,0.011345499,11.82485384,1.80135979
2002,React,Java,0.021699819,0.466793169,0.976313904,-0.071274203,0.013664597,2.700587272,1.55127652
2003,Power BI,"SQL, Tableau",0.016186654,0.46692112,0.982139051,-0.053146915,0.014781512,11.51958928,1.799859726
2004,Docker,SQL,0.0463988,0.466932978,0.951817379,-0.152339787,0.025063744,2.174768163,1.473164261
2005,"Docker, Agile","SQL, NoSQL",0.012481807,0.4669967,0.986124834,-0.040973846,0.011426745,11.83040913,1.802100915
2006,"Docker, Agile","AWS, NoSQL",0.012481807,0.4669967,0.986124834,-0.040973846,0.011642473,14.87109013,1.817243925
2007,"Docker, Agile","Kubernetes, NoSQL",0.012481807,0.4669967,0.986124834,-0.040973846,0.011887671,21.00836542,1.834455652
2008,"Kubernetes, Terraform","Python, Docker",0.010805804,0.467557252,0.987972583,-0.035416575,0.009301278,7.182198897,1.755870553
2009,Go,"Python, Kubernetes",0.029638777,0.467640919,0.968270427,-0.097119922,0.025250052,6.753390157,1.74835872
2010,"Python, NoSQL",Docker,0.017245181,0.467703349,0.981071079,-0.056498919,0.013581232,4.706719058,1.691971394
2011,"SQL, Java, Scala",Agile,0.012481807,0.467768595,0.986167196,-0.040885635,0.009889109,4.814215776,1.696322246
2012,"Python, Agile","SQL, Java",0.024346139,0.46779661,0.973672075,-0.079742425,0.02013632,5.78318023,1.726991699
2013,"SQL, Java, Docker",NoSQL,0.016671812,0.467821782,0.981687322,-0.054602391,0.014917699,9.50441153,1.786579058
2014,"SQL, Go","Python, JavaScript",0.015436863,0.467914439,0.983006703,-0.050544701,0.014138942,11.89352474,1.805457845
2015,Java,SQL,0.080889163,0.467976525,0.92159296,-0.264808362,0.043777719,2.179628542,1.476053824
2016,"SQL, Software Engineering",Cloud Computing,0.010673488,0.468085106,0.98814144,-0.034931416,0.009451551,8.734891866,1.77925462
2017,"Docker, Jenkins",Java,0.011026331,0.468164794,0.987762313,-0.036078155,0.006955355,2.708522678,1.555277326
2018,"AWS, Docker, Go",Agile,0.012834649,0.468599034,0.985833262,-0.041944163,0.010173384,4.822762548,1.698973148
2019,"Java, Kafka",Hadoop,0.010585278,0.46875,0.988268277,-0.034578574,0.009840282,14.20851437,1.820252646
2020,"Java, Kafka","Python, Scala",0.010585278,0.46875,0.988268277,-0.034578574,0.009624154,11.01343912,1.802236918
2021,"Docker, JavaScript","SQL, Go",0.012658228,0.468954248,0.986042517,-0.041326688,0.011767726,14.21470545,1.820952743
2022,Data Science,"Python, Machine Learning",0.015480969,0.469251337,0.9830494,-0.050500595,0.013967697,10.23013035,1.797706768
2023,Agile Development,Python,0.012658228,0.469721768,0.986084865,-0.041238477,0.004586677,1.568252339,1.320968324
2024,"Java, NoSQL","AWS, Docker",0.016186654,0.469910371,0.982348427,-0.052705862,0.014108301,7.788214802,1.772651013
2025,"AWS, TypeScript","Java, Kubernetes",0.011732016,0.469964664,0.987090667,-0.03819521,0.01038656,8.719728997,1.784981549
2026,"Kubernetes, Docker","Python, AWS",0.038107,0.47007617,0.960262739,-0.12402417,0.029765536,4.568382768,1.692889108
2027,"Kubernetes, Agile","Docker, NoSQL",0.012481807,0.470099668,0.986294307,-0.040621003,0.011915014,22.02183836,1.846862445
2028,"Python, Java, Go",JavaScript,0.016363075,0.470215463,0.982183957,-0.053235125,0.013488347,5.692042276,1.731629869
2029,Java,AWS,0.081286111,0.470273029,0.921931408,-0.264411414,0.052545325,2.828249438,1.573872911
2030,"AWS, Kubernetes","Python, SQL",0.029374145,0.470338983,0.968865457,-0.095532131,0.020992154,3.504435019,1.634606801
2031,"Python, Agile","SQL, AWS",0.024478455,0.470338983,0.973797845,-0.079610109,0.020808062,6.66916558,1.75484991
2032,"Java, AWS",Docker,0.038239315,0.470428649,0.960189264,-0.124332907,0.030161972,4.734145032,1.70067868
2033,Jenkins,Java,0.023155295,0.470430108,0.975156585,-0.075287787,0.014647412,2.721628433,1.561930255
2034,"Java, AWS, Agile",NoSQL,0.015922022,0.470664928,0.982679181,-0.051735544,0.014256917,9.562173763,1.796175069
2035,Adaptability,Teamwork,0.012437701,0.470784641,0.986378481,-0.040400476,0.009638837,4.443838537,1.689404886
2036,Machine learning,SQL,0.011026331,0.470809793,0.987890019,-0.035813523,0.005997962,2.192824658,1.483956571
2037,"AWS, Scala","Python, Agile",0.013893177,0.470852018,0.984834204,-0.045119746,0.012357534,9.047142206,1.791475637
2038,Data Management,SQL,0.011114542,0.471028037,0.987805929,-0.036078155,0.006048294,2.193841145,1.484568825
2039,"Java, Agile","SQL, AWS",0.023684559,0.471052632,0.974677697,-0.076875579,0.020138586,6.67928475,1.757217529
2040,Business Intelligence,Data Analysis,0.014378335,0.471098266,0.984335545,-0.046663432,0.011743952,5.457951447,1.727515383
2041,"Python, Java, Agile",Docker,0.016539496,0.471105528,0.982061443,-0.053676179,0.013050855,4.740956781,1.702855207
2042,"Java, NoSQL","Python, Agile",0.016230759,0.471190781,0.982391063,-0.052661756,0.014438028,9.053651338,1.792623283
2043,"Java, NoSQL","SQL, Agile",0.016230759,0.471190781,0.982391063,-0.052661756,0.014746439,10.93480919,1.809554495
2044,"SQL, JavaScript","Kubernetes, Docker",0.017024655,0.471306471,0.981568193,-0.055219865,0.014096383,5.813890981,1.738123063
2045,"SQL, R",Data Visualization,0.014907599,0.471408647,0.983796494,-0.048339435,0.013320356,9.392133793,1.79686659
2046,"Python, Java, AWS",Go,0.028050986,0.471460341,0.970318874,-0.090945177,0.024280036,7.438705853,1.772091525
2047,"SQL, Java, Docker",Agile,0.016804128,0.471534653,0.981815085,-0.054470075,0.013341484,4.852975578,1.708410927
2048,"Python, Azure","AWS, GCP",0.018744762,0.471698113,0.979808263,-0.06073303,0.017281261,12.80815727,1.823147104
2049,"AWS, TypeScript","Java, Docker",0.011776121,0.471731449,0.987133698,-0.038151105,0.010451584,8.89074575,1.792537704
2050,"Kubernetes, Agile","SQL, Go",0.012525912,0.471760797,0.986337272,-0.040576898,0.01164996,14.29977615,1.830627513
2051,"Python, SQL, Java",Go,0.029197724,0.471846044,0.969222462,-0.094561814,0.025275825,7.444791482,1.773385657
2052,DNS,TCP/IP,0.013319808,0.471875,0.985501651,-0.043135006,0.012616395,18.93596792,1.846306257
2053,"Docker, Agile","Python, Go",0.012614123,0.471947195,0.986253705,-0.04084153,0.011137037,8.539871306,1.789093856
2054,"Python, SQL, Spark",AWS,0.011511489,0.471971067,0.987427883,-0.037268998,0.007455951,2.838461538,1.57893418
2055,ETL,"Python, SQL",0.011952543,0.472125436,0.98696606,-0.038680369,0.008554758,3.517745646,1.640138697
2056,"Java, NoSQL","AWS, Kubernetes",0.016274864,0.472471191,0.9824337,-0.052617651,0.014123587,7.565211376,1.777242959
2057,Algorithms,Python,0.010717594,0.472762646,0.988312416,-0.034622679,0.003927451,1.57840487,1.328587101
2058,"SQL, Go","Java, JavaScript",0.015613285,0.473262032,0.98317749,-0.050368279,0.014017074,9.781467688,1.806622112
2059,"Python, AWS, Agile",NoSQL,0.01640718,0.473282443,0.982352189,-0.052926388,0.014700828,9.615351993,1.805101132
2060,"AWS, TypeScript","JavaScript, HTML/CSS",0.011820227,0.473498233,0.987176729,-0.038107,0.011416149,29.2523854,1.868585081
2061,"Java, DevOps",SQL,0.011070436,0.473584906,0.987975693,-0.035681207,0.006051537,2.205749911,1.491779574
2062,"SQL, Hadoop",AWS,0.010320646,0.473684211,0.98877714,-0.033255414,0.006697796,2.848764484,1.584073568
2063,"Python, Docker","SQL, Java",0.030873726,0.474254743,0.967866164,-0.099325189,0.025607886,5.863019508,1.748205664
2064,Automation,Python,0.021214661,0.474827246,0.977539475,-0.068142725,0.007832532,1.585297915,1.333810146
2065,"Java, AWS, NoSQL",Go,0.011820227,0.475177305,0.987261695,-0.037930578,0.01024364,7.497352147,1.78464205
2066,"Docker, JavaScript","AWS, TypeScript",0.012834649,0.475490196,0.986214301,-0.041150267,0.01216082,19.04733077,1.858947878
2067,"Docker, Jenkins",Git,0.011202752,0.475655431,0.987934675,-0.035901733,0.00974119,7.664915125,1.788792837
2068,"SQL, Software Engineering","AWS, Kubernetes",0.01084991,0.47582205,0.988313928,-0.034754995,0.009425825,7.618865358,1.788604161
2069,Problemsolving skills,Analytical skills,0.010541172,0.476095618,0.988651564,-0.033740572,0.009821469,14.64656165,1.846700293
2070,Microsoft Azure,"Python, Java, AWS",0.013187492,0.47611465,0.985880434,-0.042208795,0.011539505,8.002184916,1.795243784
2071,"Java, Jenkins",Docker,0.011026331,0.476190476,0.98814553,-0.035284259,0.008725406,4.792129013,1.719385894
2072,JavaScript,Python,0.039341949,0.476241324,0.960034221,-0.125876593,0.014598882,1.590019075,1.337411255
2073,"Azure, GCP",SQL,0.012393596,0.476271186,0.986717104,-0.039650686,0.00680652,2.218261424,1.499431127
2074,"AWS, Software Engineering","Python, Java",0.014642967,0.476327116,0.984381686,-0.046839854,0.011322467,4.409867173,1.70332681
2075,"SQL, Java, Kubernetes",NoSQL,0.017156971,0.476715686,0.981821278,-0.054822917,0.01538549,9.685102827,1.816944315
2076,"Kubernetes, Agile","Python, Go",0.012658228,0.476744186,0.986466165,-0.040444582,0.011190892,8.62667273,1.805495523
2077,"Docker, Agile","SQL, Go",0.012746438,0.47689769,0.986382577,-0.040709214,0.011864667,14.45548305,1.848604373
2078,"Java, GCP","AWS, Docker",0.010629383,0.477227723,0.988609889,-0.033916994,0.009285506,7.909491344,1.797463175
2079,"Python, Go","SQL, AWS",0.026374983,0.477254589,0.972623924,-0.084152957,0.022477524,6.767225326,1.778065514
2080,"SQL, Go",Agile,0.0157456,0.477272727,0.98330558,-0.050235963,0.012540083,4.912031115,1.727164469
2081,"Python, SQL, R",Data Visualization,0.014554757,0.477568741,0.984548879,-0.0463988,0.013025071,9.514864731,1.818053812
2082,"SQL, Software Engineering","AWS, Docker",0.010894015,0.477756286,0.98835705,-0.03471089,0.009518204,7.918251666,1.79928239
2083,"Python, Tableau",Data Visualization,0.015701495,0.477852349,0.983388846,-0.050015437,0.014052268,9.52051521,1.8190413
2084,R,"Python, Tableau",0.018656552,0.477966102,0.980388828,-0.059409871,0.01737398,14.54620862,1.85264125
2085,"Java, AWS",Kubernetes,0.03885679,0.478024959,0.96076032,-0.123715432,0.030162801,4.469385527,1.710895198
2086,Kafka,AWS,0.017421603,0.478208232,0.981658794,-0.055440392,0.011363963,2.875972216,1.597807751
2087,"SQL, NoSQL",Agile,0.018877078,0.478212291,0.980184997,-0.060071451,0.0150416,4.921700982,1.730274508
2088,"AWS, Scala",Agile,0.014113704,0.478325859,0.985048411,-0.044899219,0.011246737,4.922869819,1.73065119
2089,"Python, Terraform",AWS,0.014157809,0.478390462,0.985006854,-0.045031535,0.009236893,2.877068155,1.598365961
2090,"Java, TypeScript","AWS, Kubernetes",0.011732016,0.478417266,0.987515605,-0.037313104,0.010200505,7.660419969,1.797503639
2091,"SQL, AWS",Kubernetes,0.033740572,0.478424015,0.96563942,-0.107308252,0.026197605,4.473116574,1.712204197
2092,Jenkins,Docker,0.023552243,0.478494624,0.975534911,-0.074890839,0.018661133,4.815316734,1.726982591
2093,"Python, GCP",Kubernetes,0.014775283,0.478571429,0.984383691,-0.04697217,0.011473171,4.474494845,1.712688256
2094,"Python, SQL, Go",Agile,0.014775283,0.478571429,0.984383691,-0.04697217,0.011775468,4.925397186,1.731466248
2095,"Python, JavaScript",TypeScript,0.018832973,0.478699552,0.980267346,-0.059850924,0.017323358,12.4753505,1.844672053
2096,"Python, Scala","SQL, AWS",0.020376659,0.478756477,0.978720704,-0.064746615,0.017375025,6.788521323,1.783188752
2097,"Linux, Windows",Python,0.014422441,0.478770132,0.984757664,-0.045825431,0.005399742,1.598461964,1.343899862
2098,MySQL,AWS,0.015480969,0.478854025,0.983679398,-0.049177436,0.010105364,2.879856047,1.599787717
2099,"Python, CI/CD",DevOps,0.011070436,0.479007634,0.988231237,-0.035151943,0.009329427,6.358630021,1.774820836
2100,"Python, AWS, NoSQL",Scala,0.012702333,0.479201331,0.986551517,-0.040312266,0.011449044,10.13519756,1.829342412
2101,TypeScript,Kubernetes,0.01839192,0.479310345,0.980758612,-0.058351343,0.014287866,4.481403484,1.71511875
2102,"JavaScript, HTML, CSS",Java,0.011290963,0.479400749,0.988020856,-0.035813523,0.007219987,2.773527222,1.588844463
2103,"Python, Kubernetes, Docker",Go,0.026639615,0.47974583,0.972630787,-0.084417589,0.023120249,7.56943438,1.800313585
2104,"Docker, Agile","AWS, Go",0.012834649,0.48019802,0.986468491,-0.040621003,0.011839709,12.89991671,1.85219592
2105,"Java, TypeScript","AWS, Docker",0.011776121,0.480215827,0.987558655,-0.037268998,0.010296526,7.959015682,1.807796326
2106,"AWS, Azure, GCP",SQL,0.011864332,0.480357143,0.987474713,-0.03753363,0.006561344,2.237292009,1.511221167
2107,Cloud Computing,Java,0.025757509,0.480658436,0.973585064,-0.081418427,0.016494895,2.780803451,1.59269216
2108,"AWS, Kubernetes","Python, Java",0.030035725,0.480932203,0.969488148,-0.094870551,0.023289916,4.452501367,1.718438456
2109,"Python, JavaScript",Docker,0.018921184,0.480941704,0.980352217,-0.059762713,0.015011802,4.839942856,1.735124384
2110,"AWS, Docker","SQL, Java",0.029021303,0.480994152,0.970467119,-0.091650862,0.024140768,5.946336101,1.770906513
2111,"Python, SQL, Cloud Computing",Kubernetes,0.010100119,0.481092437,0.989329993,-0.031888149,0.007854683,4.498065494,1.721009008
2112,"Java, GCP","AWS, Kubernetes",0.010717594,0.481188119,0.988696177,-0.033828783,0.009326563,7.704786877,1.807103684
2113,"Data Analysis, Data Visualization",Tableau,0.014157809,0.48125937,0.985175664,-0.044678693,0.012639732,9.326148464,1.828267765
2114,Hadoop,AWS,0.015877916,0.481283422,0.983433671,-0.050103648,0.010392306,2.894466588,1.607280288
2115,"Kubernetes, Azure","AWS, GCP",0.010232435,0.481327801,0.989203196,-0.032285097,0.009449518,13.069635,1.856995722
2116,"Python, Azure",Java,0.01914171,0.481687014,0.98019004,-0.060336083,0.012272891,2.786754192,1.595852815
2117,"SQL, Hadoop",Scala,0.010497067,0.481781377,0.988949799,-0.033078993,0.009466909,10.189766,1.838450125
2118,"Python, AWS, Go",Agile,0.015789706,0.481830417,0.983558251,-0.049750805,0.012605616,4.958938289,1.742356175
2119,"Java, AWS, Scala",Kubernetes,0.012393596,0.481989708,0.987014104,-0.039033211,0.009643408,4.506454705,1.723990054
2120,"Python, Jenkins",Java,0.01301107,0.482026144,0.986386085,-0.040973846,0.008345457,2.788716192,1.596897657
2121,"Python, Go","Kubernetes, Docker",0.026639615,0.482043097,0.972874697,-0.083888325,0.022159609,5.946334673,1.774152269
2122,"Java, Azure","Python, GCP",0.011643805,0.482632541,0.987812231,-0.036607419,0.010898958,15.63246801,1.873187532
2123,"SQL, Java, Scala",Kubernetes,0.012878754,0.482644628,0.986553828,-0.040488687,0.010024786,4.512578001,1.726172451
2124,"Tableau, Data Visualization",R,0.011070436,0.482692308,0.988401673,-0.0347991,0.010175219,12.36619513,1.857630967
2125,"Spark, Hadoop","Java, Scala",0.011687911,0.482695811,0.987770218,-0.036739734,0.010753447,12.50761384,1.858496145
2126,"Python, SQL, Go",TypeScript,0.014907599,0.482857143,0.984512044,-0.046839854,0.013722924,12.58370115,1.85950237
2127,"Kubernetes, Agile","AWS, Go",0.012834649,0.483388704,0.986638024,-0.04026816,0.011846276,12.98563044,1.863635416
2128,"Python, SQL, Data Analysis",Tableau,0.011070436,0.483622351,0.988444291,-0.03471089,0.009889204,9.371939792,1.836634046
2129,"Python, Snowflake",Kafka,0.011114542,0.483685221,0.988402173,-0.034843206,0.010277398,13.27674941,1.86624331
2130,"AWS, GCP","Python, Java",0.017818551,0.483832335,0.981665816,-0.05583734,0.013840619,4.479350975,1.728093648
2131,Spark,"Python, Java",0.02046487,0.483837331,0.979053825,-0.06412914,0.015896204,4.479397222,1.728110372
2132,NoSQL,"Python, SQL, Java",0.023816875,0.483870968,0.975787129,-0.074626207,0.020771057,7.819534178,1.817607948
2133,"Python, Teamwork",SQL,0.011952543,0.483928571,0.987560797,-0.03744542,0.006649555,2.25392615,1.521679445
2134,"Java, NoSQL","SQL, Docker",0.016671812,0.483994878,0.98281743,-0.052220703,0.015073547,10.4311938,1.848045997
2135,"AWS, TypeScript",HTML/CSS,0.012084859,0.48409894,0.987434915,-0.037842368,0.011649952,27.78727915,1.904586893
2136,"AWS, Jenkins",Java,0.010144224,0.484210526,0.989415932,-0.031755833,0.006523038,2.801353729,1.603660562
2137,"Java, Agile","Python, SQL",0.024346139,0.484210526,0.975307605,-0.076213999,0.017597925,3.607790096,1.678567603
2138,"Python, Data Visualization","SQL, Data Analysis",0.014246019,0.484257871,0.985261354,-0.044590482,0.013123681,12.69315458,1.864980271
2139,"Data Analysis, Data Visualization","Python, SQL",0.014246019,0.484257871,0.985261354,-0.044590482,0.010297723,3.608142856,1.678721694
2140,"SQL, Azure","Java, AWS",0.012966965,0.484349259,0.986554983,-0.040576898,0.010790779,5.958573381,1.781659203
2141,"SQL, Kubernetes","AWS, Go",0.022670136,0.484448633,0.976952895,-0.07092136,0.02092817,13.0141041,1.867466889
2142,"Scala, Spark",Hive,0.010320646,0.48447205,0.989246847,-0.032285097,0.009921328,25.8457289,1.903398714
2143,"Java, Cloud Computing",Kubernetes,0.012481807,0.484589041,0.98705766,-0.039033211,0.009726902,4.530757661,1.732684521
2144,"SQL, Kubernetes, Go",Agile,0.012525912,0.484641638,0.987015779,-0.039165527,0.010014638,4.987871023,1.751860529
2145,"Python, SQL, JavaScript",HTML/CSS,0.012040753,0.484902309,0.987519367,-0.037621841,0.011608152,27.83339254,1.907557371
2146,"AWS, Software Engineering",Docker,0.014907599,0.484935438,0.984638425,-0.046575222,0.011852847,4.880133678,1.748578279
2147,"SQL, AWS",Docker,0.034225731,0.485303315,0.966092617,-0.106823094,0.02721777,4.883835797,1.749828067
2148,"Python, AWS, GCP",Kubernetes,0.013893177,0.485362096,0.985678758,-0.043355533,0.010831647,4.537985481,1.735287243
2149,Go,"Kubernetes, Docker",0.030785516,0.485734168,0.969348818,-0.095973184,0.025647632,5.991866594,1.786886001
2150,Data Analytics,Python,0.01698055,0.486111111,0.982655018,-0.052882283,0.006517918,1.622971171,1.363097672
2151,"Python, AWS, Scala",Agile,0.013893177,0.486111111,0.985721024,-0.043267322,0.011116205,5.002994654,1.75687
2152,"Python, Software Development",Java,0.010982226,0.486328125,0.988656459,-0.034181626,0.007078968,2.813604894,1.61027161
2153,"SQL, Tableau",Data Visualization,0.01971508,0.486398259,0.979993218,-0.061350505,0.017680663,9.690780075,1.849308649
2154,"SQL, AWS, JavaScript",Agile,0.01027654,0.486430063,0.989374568,-0.03197636,0.008223809,5.006277263,1.757961101
2155,Kafka,SQL,0.01773034,0.486682809,0.981956679,-0.055131654,0.009908433,2.266754175,1.529844117
2156,TCP/IP,Python,0.012128964,0.486725664,0.987520441,-0.037710052,0.004665092,1.625022968,1.364729733
2157,"Java, DevOps",AWS,0.011379173,0.486792453,0.988277378,-0.035372469,0.00749231,2.927598218,1.624533651
2158,Go,"Python, SQL",0.030873726,0.487125957,0.969431771,-0.095884973,0.022367425,3.629512593,1.688109414
2159,"SQL, Java, Go",Agile,0.015128126,0.487215909,0.984557471,-0.04697217,0.012111169,5.014365096,1.760655193
2160,"Python, Azure",GCP,0.019362237,0.487236404,0.980402138,-0.060115556,0.017681401,11.51940666,1.867728135
2161,"Python, Data Visualization","SQL, Tableau",0.01433423,0.487256372,0.985347044,-0.044502271,0.013141826,12.02128805,1.871241601
2162,Agile,AWS,0.047369117,0.487517022,0.95461489,-0.146958938,0.031212968,2.931955821,1.626830483
2163,"SQL, Java, Scala",Docker,0.01301107,0.487603306,0.986682705,-0.040356371,0.010359528,4.906981692,1.757682507
2164,Data Visualization,"Python, SQL",0.024478455,0.487697715,0.975515518,-0.075905262,0.01774208,3.633772691,1.68999344
2165,Microservices,Kubernetes,0.019274026,0.487723214,0.980525266,-0.059762713,0.015047323,4.560061211,1.743285301
2166,"AWS, JavaScript",Kubernetes,0.016804128,0.487836108,0.98294534,-0.052088387,0.013119915,4.561116728,1.743669563
2167,"Python, AWS, Cloud Computing",Docker,0.010761699,0.488,0.98895266,-0.033343625,0.008570342,4.910973813,1.759044348
2168,"JavaScript, TypeScript","SQL, Go",0.014510651,0.488130564,0.985222941,-0.044943325,0.013529935,14.79596828,1.889171632
2169,"Docker, JavaScript","Python, TypeScript",0.013187492,0.488562092,0.98655787,-0.040797424,0.012595808,22.28806499,1.912411337
2170,"Docker, JavaScript","Kubernetes, Go",0.013187492,0.488562092,0.98655787,-0.040797424,0.01225175,14.09308944,1.887488588
2171,"SQL, Docker","AWS, Go",0.022670136,0.488593156,0.977323498,-0.070127464,0.020942946,13.1254415,1.882601139
2172,Snowflake,AWS,0.014378335,0.488755622,0.985389889,-0.044458166,0.009486755,2.939404833,1.630771832
2173,"Java, AWS, Scala",Docker,0.012570017,0.488850772,0.987186103,-0.03885679,0.010014894,4.919535531,1.761972153
2174,AWS,Java,0.081286111,0.488859416,0.927126272,-0.251268028,0.052545325,2.828249438,1.618246063
2175,"SQL, AWS, Go",JavaScript,0.01367265,0.488958991,0.986098597,-0.0422529,0.011362666,5.918936034,1.795141118
2176,Terraform,AWS,0.021523398,0.488977956,0.978454649,-0.066510828,0.014204361,2.940741961,1.631481342
2177,Spark,AWS,0.020685397,0.489051095,0.979265403,-0.063908614,0.013652375,2.941181823,1.631714878
2178,GCP,"Java, AWS",0.020685397,0.489051095,0.979265403,-0.063908614,0.017247238,6.016416427,1.798054325
2179,"AWS, JavaScript","Python, SQL",0.016848234,0.489116517,0.982987976,-0.052044282,0.012225115,3.644344001,1.694686812
2180,"SQL, Power BI",Data Visualization,0.011952543,0.489169675,0.987815904,-0.036916156,0.010726137,9.745996523,1.859341734
2181,"SQL, Power BI","Python, Tableau",0.011952543,0.489169675,0.987815904,-0.036916156,0.011149667,14.88717321,1.893273533
2182,"Python, NoSQL",Kubernetes,0.018039077,0.48923445,0.981836743,-0.055705024,0.014095412,4.574190796,1.748443273
2183,"SQL, Software Engineering",Go,0.011158647,0.489361702,0.988615783,-0.034446258,0.009713442,7.721153704,1.83421544
2184,Angular,React,0.016274864,0.48938992,0.983565971,-0.050235963,0.01472892,10.52745509,1.867399464
2185,"Python, Collaboration",SQL,0.012349491,0.48951049,0.987438159,-0.038107,0.006932867,2.279924266,1.538318161
2186,Cloud Computing,SQL,0.026242667,0.489711934,0.974045546,-0.080933269,0.014737078,2.280862507,1.538925438
2187,Go,"SQL, Java",0.031050148,0.489909534,0.969597677,-0.095708552,0.025923445,6.056553358,1.801858489
2188,Cloud computing,SQL,0.01292286,0.489966555,0.986893559,-0.039827107,0.007260026,2.282048419,1.539693707
2189,"Python, SQL, Spark",Java,0.011952543,0.49005425,0.987858435,-0.036827945,0.007736719,2.835162031,1.62203771
2190,GCP,SQL,0.020729502,0.490093848,0.979307718,-0.063864508,0.011648136,2.282641292,1.540078075
2191,"Docker, Agile","Kubernetes, Go",0.013099281,0.49009901,0.986726234,-0.040356371,0.012172713,14.13742348,1.893177763
2192,"Kubernetes, Docker, JavaScript",HTML/CSS,0.011026331,0.490196078,0.988784885,-0.033961099,0.010634454,28.1372549,1.927365318
2193,"Java, Kafka",SQL,0.011070436,0.490234375,0.988742722,-0.034093415,0.00622199,2.283295806,1.540502628
2194,"Kubernetes, JavaScript","Java, Go",0.012217175,0.490265487,0.987606507,-0.037621841,0.011235694,12.44769248,1.884537776
2195,"AWS, Docker","Python, SQL",0.029594672,0.490497076,0.971007862,-0.091077493,0.021496816,3.654630366,1.699278767
2196,"SQL, NoSQL",Docker,0.019362237,0.490502793,0.980651731,-0.059586292,0.015439707,4.9361606,1.767685268
2197,"SQL, Docker, Go",JavaScript,0.012658228,0.490598291,0.987187204,-0.038945001,0.010526775,5.938780055,1.800918042
2198,"Scala, Spark","Python, SQL",0.010452962,0.49068323,0.989376404,-0.032152781,0.00759385,3.656017374,1.699899849
2199,"Scala, Spark","Python, Kafka",0.010452962,0.49068323,0.989376404,-0.032152781,0.009920225,19.62127137,1.914314114
2200,TypeScript,"Python, JavaScript",0.018832973,0.490804598,0.981183367,-0.05791029,0.017323358,12.4753505,1.88661965
2201,TypeScript,"SQL, JavaScript",0.018832973,0.490804598,0.981183367,-0.05791029,0.017446903,13.58731703,1.89294274
2202,"Python, Go",Docker,0.027124774,0.490822027,0.973334448,-0.083403167,0.021633232,4.939373201,1.768793534
2203,Jira,Confluence,0.015701495,0.491034483,0.984229421,-0.048251224,0.014979407,21.74457974,1.920401366
2204,"Python, AWS, Agile",Kubernetes,0.017024655,0.491094148,0.982948975,-0.052308914,0.013316855,4.591578395,1.75483262
2205,"JavaScript, TypeScript",HTML/CSS,0.014598862,0.491097923,0.985308605,-0.044855114,0.01408097,28.18902077,1.930780874
2206,"AWS, Docker","Python, Java",0.029638777,0.49122807,0.971049457,-0.091033388,0.02312164,4.547821166,1.753213985
2207,"SQL, Software Engineering","Python, Docker",0.011202752,0.491295938,0.988658905,-0.034402152,0.009718325,7.546851494,1.837808291
2208,"Docker, Agile",NoSQL,0.013143386,0.491749175,0.986769191,-0.040312266,0.011827802,9.990527816,1.870687487
2209,TypeScript,Docker,0.018877078,0.491954023,0.981225842,-0.057866184,0.015064117,4.950765008,1.772734648
2210,"Java, AWS, Scala",Go,0.012658228,0.492281304,0.987272102,-0.038768579,0.011028529,7.767219204,1.84476297
2211,"AWS, Spark",Kafka,0.01018833,0.492537313,0.989715668,-0.031182464,0.00943474,13.51973185,1.898797741
2212,"JavaScript, TypeScript","Python, AWS",0.014642967,0.492581602,0.985351437,-0.044811009,0.011584128,4.787099302,1.7679735
2213,"Java, TypeScript","SQL, HTML/CSS",0.012084859,0.492805755,0.987860003,-0.036960261,0.011726857,33.75644983,1.942847634
2214,"Java, NoSQL","Kubernetes, Docker",0.01698055,0.492957746,0.983115886,-0.051911966,0.014188144,6.080974421,1.812342875
2215,"AWS, NoSQL","Python, Docker",0.015480969,0.492977528,0.984562754,-0.047325012,0.013436651,7.572682584,1.843903563
2216,"Python, Spark, Hadoop",NoSQL,0.01084991,0.492985972,0.98908165,-0.033167203,0.009766615,10.01565497,1.875250795
2217,"Java, Software Engineering",SQL,0.017509813,0.493167702,0.982622029,-0.053499757,0.009886769,2.296957951,1.549418393
2218,"SQL, Kubernetes, Go",JavaScript,0.012746438,0.493174061,0.987230749,-0.038945001,0.010611342,5.969960222,1.810070597
2219,"SQL, Software Engineering","Java, Kubernetes",0.011246857,0.493230174,0.988702027,-0.034358047,0.01001788,9.151397493,1.86692902
2220,"SQL, Software Engineering","Java, Docker",0.011246857,0.493230174,0.988702027,-0.034358047,0.010036989,9.295933281,1.868582633
2221,"Kubernetes, Agile",NoSQL,0.013099281,0.493355482,0.986895811,-0.040003528,0.01179238,10.02316204,1.876618467
2222,"Kubernetes, Agile","Docker, Go",0.013099281,0.493355482,0.986895811,-0.040003528,0.012261974,15.64454383,1.911527035
2223,"Docker, JavaScript",Go,0.013319808,0.493464052,0.986686708,-0.040665108,0.011609043,7.785880625,1.849070445
2224,"Kubernetes, Linux","Python, Docker",0.010011908,0.493478261,0.989927809,-0.030564989,0.008691141,7.580374396,1.845726393
2225,Problem solving,Communication,0.011687911,0.493482309,0.988280913,-0.035681207,0.007302616,2.665251166,1.608721406
2226,"AWS, Software Engineering",Kubernetes,0.015172231,0.493543759,0.984895165,-0.04631059,0.011884271,4.614481504,1.763320339
2227,"SQL, Docker, Go",Agile,0.012746438,0.494017094,0.987273196,-0.03885679,0.01023945,5.084362039,1.784321094
2228,Kubernetes,"AWS, Docker",0.052838178,0.494020619,0.951111642,-0.161072641,0.046384907,8.187813951,1.857118989
2229,"Kubernetes, Terraform",DevOps,0.011423279,0.494274809,0.988576109,-0.0347991,0.009682269,6.56129552,1.828400333
2230,"Java, TypeScript","Python, Kubernetes",0.012128964,0.494604317,0.987903052,-0.036916156,0.010430891,7.142779407,1.84163552
2231,Hadoop,"SQL, Spark",0.01631897,0.494652406,0.983860638,-0.049662594,0.015435743,18.4765305,1.925858718
2232,"Python, Data Visualization","SQL, R",0.014554757,0.494752624,0.985561268,-0.044281745,0.013624448,15.64508541,1.916638321
2233,"AWS, Cloud Computing","Python, SQL",0.014863494,0.494860499,0.985270189,-0.045207957,0.010832324,3.687141669,1.713957232
2234,"Java, GCP",Docker,0.011026331,0.495049505,0.988998188,-0.033520046,0.00881306,4.981916301,1.783601987
2235,"Docker, JavaScript","Python, AWS",0.013363913,0.495098039,0.986729654,-0.040621003,0.010586451,4.811555012,1.776785099
2236,"Java, AWS, Go",Agile,0.01565739,0.49511855,0.984523301,-0.047589644,0.012584722,5.095698081,1.78821379
2237,"Spark, Hadoop","Python, Hive",0.011996648,0.495446266,0.988071656,-0.036430997,0.011600435,30.27831048,1.949518671
2238,"JavaScript, TypeScript","SQL, AWS",0.014731178,0.495548961,0.985437101,-0.044722798,0.0126347,7.026630145,1.842548665
2239,"JavaScript, TypeScript","Java, Go",0.014731178,0.495548961,0.985437101,-0.044722798,0.013560349,12.5818383,1.904275881
2240,"Python, Kafka",Scala,0.012393596,0.495590829,0.987693632,-0.037621841,0.011211208,10.48183849,1.888782258
2241,"Python, Kafka","Spark, Hadoop",0.012393596,0.495590829,0.987693632,-0.037621841,0.011788063,20.46726933,1.934513156
2242,"SQL, JavaScript",Docker,0.017906761,0.495726496,0.982419547,-0.054337759,0.014317318,4.988729178,1.785996485
2243,"Kubernetes, Jenkins","AWS, Docker",0.010541172,0.495850622,0.989505506,-0.03197636,0.009258502,8.218144124,1.863860116
2244,"SQL, Spark",Java,0.013275702,0.495881384,0.98685567,-0.04026816,0.008648207,2.86887436,1.640786931
2245,"SQL, Hadoop","Python, Java",0.010805804,0.495951417,0.989251953,-0.032770255,0.008452393,4.591550215,1.769643032
2246,"Agile, NoSQL","Python, Kubernetes",0.011202752,0.49609375,0.988872116,-0.033961099,0.009639059,7.164288913,1.84707898
2247,"SQL, TypeScript","Kubernetes, HTML/CSS",0.010011908,0.496717724,0.990056204,-0.030300357,0.009777214,42.65939759,1.963820787
2248,"SQL, TypeScript","Docker, HTML/CSS",0.010011908,0.496717724,0.990056204,-0.030300357,0.009775436,42.33865024,1.963645516
2249,"Python, Hadoop",Kafka,0.013496229,0.496753247,0.986688995,-0.04084153,0.01250644,13.63545565,1.914704857
2250,PostgreSQL,Python,0.010585278,0.49689441,0.98950596,-0.032020465,0.004204658,1.658973193,1.392313586
2251,"SQL, Business Intelligence",Data Analysis,0.01084991,0.496969697,0.989252417,-0.032814361,0.008965488,5.757687245,1.8163635
2252,"Kubernetes, Software Engineering","SQL, AWS",0.01084991,0.496969697,0.989252417,-0.032814361,0.009310211,7.046775447,1.847752674
2253,Hadoop,Scala,0.01640718,0.497326203,0.983946031,-0.049574384,0.014847346,10.51854198,1.895302877
2254,Go,Docker,0.031535306,0.49756437,0.97005392,-0.095223393,0.025237345,5.007224574,1.792529536
2255,Kafka,Spark,0.018127288,0.497578692,0.982339674,-0.054734706,0.016586366,11.76392252,1.906175117
2256,"Kubernetes, Linux",AWS,0.010100119,0.497826087,0.990014265,-0.030476779,0.006726615,2.993955138,1.66022748
2257,"Agile, JavaScript","SQL, AWS",0.01027654,0.497863248,0.989844864,-0.031006042,0.008820825,7.05944554,1.851040745
2258,"AWS, Microservices",SQL,0.010408856,0.497890295,0.98971789,-0.03140299,0.005920256,2.318953711,1.56399145
2259,"Java, NoSQL","SQL, Kubernetes",0.017156971,0.498079385,0.983286433,-0.051735544,0.015545032,10.64368888,1.899113573
2260,"Python, Java, AWS",Docker,0.029638777,0.498146775,0.971817501,-0.089357385,0.023726495,5.013085592,1.794609782
2261,"Java, TypeScript","Python, Docker",0.012217175,0.498201439,0.987989151,-0.036827945,0.010620769,7.652927658,1.863099289
2262,"Java, Scala","SQL, AWS",0.019229921,0.498285714,0.981357228,-0.057954395,0.016508232,7.065435897,1.852599406
2263,"Java, Microservices",Python,0.013099281,0.498322148,0.987150286,-0.039474265,0.005225887,1.663739958,1.396276006
2264,"Python, Hadoop",Hive,0.013540334,0.498376623,0.986731934,-0.040797424,0.01303106,26.58751337,1.956159308
2265,Statistics,"Python, SQL",0.01367265,0.498392283,0.986606568,-0.041194372,0.00999073,3.713456534,1.726025081
2266,Linux,Python,0.048780488,0.498422713,0.955286839,-0.146958938,0.019466625,1.664075713,1.396555957
2267,Attention to Detail,Communication,0.018347815,0.498800959,0.982218063,-0.055219865,0.011537134,2.693976691,1.62579292
2268,TypeScript,"Java, AWS",0.01914171,0.498850575,0.981480695,-0.057601553,0.01602263,6.136971829,1.833213494
2269,"Python, SQL, Java",Docker,0.030873726,0.498930862,0.970800797,-0.092885811,0.024724778,5.020976229,1.797418038
2270,Go,"Java, AWS",0.031623517,0.498956159,0.970136873,-0.095135183,0.026471656,6.138270746,1.833599803
2271,"SQL, Software Engineering","Python, Kubernetes",0.011379173,0.499032882,0.988831393,-0.034225731,0.009800209,7.206734098,1.857915637
2272,"Java, AWS, Scala",Agile,0.012834649,0.499142367,0.9874441,-0.038592158,0.010336231,5.137110707,1.802580041
2273,"SQL, Java, Scala",Go,0.013319808,0.499173554,0.986983418,-0.040047634,0.011628611,7.875965194,1.870150143
2274,"SQL, Java, Agile",Go,0.015128126,0.499272198,0.985273973,-0.045472589,0.013207709,7.877521604,1.870518566
2275,"Python, AWS, Azure",SQL,0.017112866,0.499356499,0.983411514,-0.051426807,0.00975497,2.325782644,1.568571816
2276,"Java, Cloud Computing",Software Engineering,0.012878754,0.5,0.98744464,-0.038636263,0.010605532,5.665417291,1.823490495
2277,"Python, SQL, Go",JavaScript,0.015436863,0.5,0.985025457,-0.04631059,0.012886407,6.052589429,1.834781458
2278,"AWS, Agile","SQL, Java",0.023684559,0.5,0.977386617,-0.071053676,0.01985291,6.18129771,1.838221673
2279,"AWS, TypeScript","Kubernetes, JavaScript",0.012481807,0.5,0.987822195,-0.03744542,0.011859726,20.06460177,1.950160984
2280,"SQL, Java, AWS",Agile,0.023684559,0.500465983,0.977427777,-0.070965466,0.01908627,5.150733199,1.80735634
2281,R,Tableau,0.019538658,0.500564972,0.981237796,-0.058527764,0.017524419,9.700264619,1.898939237
2282,"SQL, JavaScript",Kubernetes,0.018083183,0.500610501,0.982589818,-0.054161337,0.014219712,4.680553353,1.788272664
2283,"AWS, Software Engineering",SQL,0.015392758,0.50071736,0.985109114,-0.046090063,0.008792432,2.332120934,1.572847166
2284,"Java, AWS","Python, SQL",0.040709214,0.50081389,0.962473487,-0.121863009,0.029799601,3.731499618,1.734398221
2285,"Kubernetes, JavaScript","Python, Go",0.012481807,0.500884956,0.987864704,-0.037357209,0.011104656,9.063499283,1.892822187
2286,"Kubernetes, JavaScript","AWS, TypeScript",0.012481807,0.500884956,0.987864704,-0.037357209,0.011859726,20.06460177,1.95353035
2287,"Python, Machine Learning",SQL,0.022978874,0.500961538,0.978113271,-0.068760199,0.013130468,2.333258209,1.573616756
2288,"Python, SQL, Java",Kubernetes,0.031006042,0.501069138,0.970925403,-0.092753495,0.024387666,4.684841466,1.789916515
2289,"Python, Jenkins",AWS,0.013540334,0.501633987,0.986901439,-0.040444582,0.009052108,3.01685607,1.672912896
2290,"Docker, Agile",Go,0.013408018,0.501650165,0.987026934,-0.040047634,0.011714026,7.915041191,1.879444086
2291,"Java, Microservices",Kubernetes,0.013187492,0.501677852,0.987236237,-0.039386054,0.010375979,4.690532761,1.792102949
2292,"JavaScript, HTML",Java,0.013143386,0.501683502,0.987278119,-0.039253738,0.008614997,2.902441958,1.659891334
2293,"AWS, TypeScript","SQL, Go",0.012525912,0.501766784,0.987865227,-0.037401314,0.011702343,15.20930255,1.940876657
2294,"Agile, NoSQL","Python, Docker",0.011335068,0.501953125,0.98900151,-0.033828783,0.009864997,7.710557726,1.877133638
2295,"SQL, AWS, Kubernetes",Agile,0.016936444,0.501960784,0.983744347,-0.050544701,0.013658074,5.166117505,1.812780889
2296,"Kubernetes, Azure",GCP,0.010673488,0.502074689,0.989635068,-0.031844044,0.009774306,11.87021837,1.923386848
2297,"AWS, Microservices","Kubernetes, Docker",0.010497067,0.502109705,0.989804294,-0.03131478,0.008802316,6.193870149,1.845656411
2298,"Java, Azure","Python, SQL",0.012128964,0.50274223,0.98828596,-0.03612226,0.008891005,3.74586743,1.741124128
2299,"SQL, Java, Go",JavaScript,0.015613285,0.502840909,0.985028019,-0.046487011,0.013048254,6.086979141,1.845265924
2300,"Java, Spark","Python, Kafka",0.011511489,0.502890173,0.988875474,-0.034269836,0.010939046,20.10939842,1.961321683
2301,Terraform,Ansible,0.022140872,0.503006012,0.97904609,-0.065893353,0.020263549,11.79385244,1.926281153
2302,"AWS, Jenkins","Kubernetes, Docker",0.010541172,0.503157895,0.989804735,-0.031358885,0.008842846,6.206800298,1.8495502
2303,"SQL, Java","Python, AWS",0.040709214,0.503271538,0.962826947,-0.121069113,0.032385903,4.890988244,1.806021495
2304,"Communication, Data Analysis",Problem Solving,0.015789706,0.503516174,0.984904208,-0.046928064,0.013161828,6.008538012,1.845377106
2305,"Python, R",Tableau,0.018656552,0.503571429,0.98226513,-0.055440392,0.016744731,9.758525641,1.91043954
2306,Spark,Scala,0.021302871,0.503649635,0.97985782,-0.063291139,0.01930303,10.65228375,1.919448761
2307,"AWS, Cloud Computing","Python, Java",0.015128126,0.503671072,0.985527105,-0.044943325,0.011883849,4.663019279,1.797167186
2308,"JavaScript, React",Angular,0.011908437,0.503731343,0.988538929,-0.035372469,0.011122264,15.14734847,1.948026685
2309,Kubernetes,Java,0.053896705,0.503917526,0.952067894,-0.160014114,0.035409595,2.915366691,1.667366376
2310,"Kubernetes, NoSQL","Python, Agile",0.011202752,0.503968254,0.989213444,-0.033255414,0.010045856,9.683451036,1.911078728
2311,"SQL, Go",JavaScript,0.016627707,0.504010695,0.984159515,-0.049353857,0.013902363,6.101139611,1.849617966
2312,"AWS, NoSQL","Python, Kubernetes",0.015833811,0.504213483,0.984904854,-0.04697217,0.0136593,7.281549238,1.877329476
2313,"Python, Kubernetes","Java, Docker",0.034931416,0.504458599,0.967908262,-0.1035593,0.031257347,9.507555951,1.910922666
2314,MySQL,Java,0.01631897,0.504774898,0.984491156,-0.048339435,0.010730907,2.920326934,1.670253049
2315,"Python, Java, AWS",Kubernetes,0.030035725,0.504818384,0.972192157,-0.088960438,0.023672084,4.719895761,1.803468791
2316,"Python, SQL, Agile",Kubernetes,0.016098443,0.504840941,0.984698239,-0.047677855,0.012687833,4.720106658,1.803550947
2317,"Python, SQL, Agile",NoSQL,0.016098443,0.504840941,0.984698239,-0.047677855,0.014528859,10.25650416,1.920147558
2318,"Java, GCP","AWS, Go",0.011246857,0.504950495,0.98921391,-0.033299519,0.01041774,13.56486087,1.944805716
2319,Snowflake,"Python, SQL",0.014863494,0.505247376,0.985861183,-0.043973008,0.010915197,3.764532949,1.749940191
2320,"AWS, TypeScript","Java, Go",0.012614123,0.505300353,0.987951289,-0.037313104,0.011630904,12.82942319,1.941812477
2321,Hadoop,"Python, Java",0.016671812,0.505347594,0.984202212,-0.049309752,0.013108348,4.678540624,1.803258311
2322,"Agile, DevOps",Python,0.010408856,0.505353319,0.990017286,-0.030785516,0.004239603,1.687214814,1.416123417
2323,NoSQL,"Java, AWS",0.024875402,0.505376344,0.976795998,-0.07356768,0.020874375,6.21725331,1.857399819
2324,Data Modeling,Python,0.013187492,0.505922166,0.987448418,-0.038945001,0.005380149,1.689114013,1.417753843
2325,"Python, AWS, Cloud Computing",Kubernetes,0.011158647,0.506,0.989341043,-0.032946677,0.008799995,4.730943505,1.807782572
2326,"AWS, Kubernetes","SQL, Docker",0.031623517,0.506355932,0.970982606,-0.093282759,0.028725766,10.91312552,1.931758653
2327,"SQL, AWS, Docker",NoSQL,0.017333392,0.506443299,0.983666681,-0.05111807,0.015648749,10.28905817,1.926381421
2328,"Docker, JavaScript","SQL, TypeScript",0.01367265,0.506535948,0.987030277,-0.040312266,0.013128587,25.13061169,1.985643863
2329,"Kubernetes, Agile",Go,0.013452124,0.506644518,0.987239527,-0.039650686,0.011769313,7.993842145,1.898470139
2330,"Java, Microservices",SQL,0.013319808,0.506711409,0.987365164,-0.039253738,0.007675914,2.360038575,1.591959149
2331,"SQL, JavaScript","Java, AWS",0.018303709,0.506715507,0.982802656,-0.053940811,0.015367471,6.233727989,1.862442265
2332,"Azure, GCP","Java, AWS",0.013187492,0.506779661,0.987490865,-0.03885679,0.011072253,6.23451723,1.862684517
2333,"Java, GCP",Kubernetes,0.011290963,0.506930693,0.989257054,-0.033255414,0.008908725,4.739645198,1.811194852
2334,"AWS, NoSQL","Java, Agile",0.015922022,0.507022472,0.984990378,-0.046883959,0.014343077,10.08396536,1.92649741
2335,"Java, Angular",React,0.011070436,0.507070707,0.989468232,-0.032593834,0.010055525,10.9077933,1.934380859
2336,"Python, Java, NoSQL",Scala,0.014113704,0.507131537,0.986654652,-0.041547215,0.012797854,10.72592663,1.933008835
2337,"Java, Kubernetes","Docker, Go",0.027345301,0.507364975,0.974806445,-0.08044811,0.025645651,16.08879173,1.965886803
2338,"Python, Go","Java, AWS",0.028050986,0.507581804,0.974212154,-0.082476955,0.023558793,6.244385369,1.865718805
2339,Microsoft Azure,"Python, Java",0.014069598,0.507961783,0.986738767,-0.041326688,0.011077813,4.702742963,1.812838988
2340,"Docker, JavaScript","Java, TypeScript",0.013716756,0.508169935,0.987073223,-0.04026816,0.013054831,20.72254843,1.983362769
2341,"Python, Azure",SQL,0.020200238,0.508324084,0.981208111,-0.059277555,0.01166811,2.367549705,1.597180704
2342,"Python, SQL, AWS",Kubernetes,0.029374145,0.508396947,0.973147646,-0.086181802,0.023194479,4.753354214,1.816596915
2343,"Java, AWS, Agile",Kubernetes,0.017201076,0.508474576,0.983916382,-0.05045649,0.013582905,4.754080028,1.816883822
2344,"SQL, GCP","AWS, Go",0.010541172,0.508510638,0.99001858,-0.030917832,0.009769519,13.66049965,1.958893075
2345,React,JavaScript,0.023640453,0.508538899,0.978168331,-0.069333569,0.019800195,6.155954334,1.8666599
2346,"Python, AWS, Agile",Docker,0.017642129,0.508905852,0.983545761,-0.051691439,0.014197316,5.121359251,1.833926775
2347,"Java, GCP","Python, Go",0.011335068,0.508910891,0.989300198,-0.033211309,0.010104163,9.208728359,1.923756835
2348,"AWS, GCP","Python, Azure",0.018744762,0.508982036,0.982559129,-0.054911128,0.017281261,12.80815727,1.955653711
2349,Data Engineering,"Python, SQL",0.016804128,0.509358289,0.984330302,-0.049177436,0.012376353,3.795162827,1.764602317
2350,"SQL, NoSQL",Kubernetes,0.020112028,0.509497207,0.981373048,-0.058836502,0.015890041,4.763641306,1.820671773
2351,"Java, Kafka","Python, Spark",0.011511489,0.509765625,0.989174035,-0.033652362,0.010668888,13.66183926,1.963727852
2352,"Java, React",Angular,0.011070436,0.510162602,0.989596374,-0.032329202,0.0103488,15.34073828,1.973603055
2353,"Java, Spark","Scala, Hadoop",0.011687911,0.510597303,0.989047948,-0.034093415,0.011312339,31.12035656,2.009782179
2354,"AWS, Kubernetes, Docker",Go,0.026992458,0.510851419,0.975451385,-0.078683897,0.023643609,8.060218666,1.914797848
2355,"Java, Docker, JavaScript",HTML/CSS,0.01027654,0.510964912,0.990358424,-0.029947515,0.009926157,29.32938596,2.009218606
2356,"Python, SQL, Tableau",Data Visualization,0.01433423,0.511006289,0.986657514,-0.041767741,0.012926299,10.1810594,1.94237292
2357,"Python, Java, Software Engineering",Docker,0.011114542,0.511156187,0.989596823,-0.032373307,0.008953863,5.144005423,1.842369038
2358,"Docker, JavaScript","SQL, AWS",0.013804966,0.511437908,0.987159115,-0.04017995,0.011901339,7.251927267,1.902471771
2359,"Kubernetes, JavaScript","SQL, Go",0.012746438,0.511504425,0.988122902,-0.037092577,0.011924324,15.504465,1.979565972
2360,Confluence,Python,0.011555595,0.51171875,0.989217166,-0.033608257,0.004791873,1.708466974,1.434584572
2361,"Spark, Hadoop","Python, Kafka",0.012393596,0.511839709,0.98845922,-0.036034049,0.011788063,20.46726933,1.997278965
2362,"Python, SQL, AWS",Docker,0.029594672,0.51221374,0.973356127,-0.085961276,0.023853316,5.154648086,1.846363419
2363,"SQL, Tableau, Data Visualization",R,0.010100119,0.512304251,0.990570934,-0.02933004,0.009330576,13.12482969,1.970422727
2364,"SQL, Cloud Computing","Java, AWS",0.013452124,0.512605042,0.987536531,-0.039033211,0.011318959,6.306182375,1.884947461
2365,"AWS, NoSQL","SQL, Agile",0.016098443,0.512640449,0.985161428,-0.046707538,0.01474526,11.8967215,1.963456134
2366,"Python, Hadoop","Java, Spark",0.013937282,0.512987013,0.987118382,-0.040400476,0.013315369,22.41031704,2.006331172
2367,"Python, Spark",Scala,0.01914171,0.513002364,0.982482248,-0.055484497,0.017377513,10.85009571,1.956311536
2368,"Python, TypeScript","AWS, Kubernetes",0.011246857,0.513078471,0.98955546,-0.032593834,0.009877863,8.215415374,1.925457811
2369,"Python, Software Engineering",AWS,0.019759185,0.513172967,0.981950225,-0.05724871,0.013356861,3.086252169,1.712564984
2370,"Python, Data Analysis",Data Visualization,0.01631897,0.513176144,0.984996153,-0.047280907,0.014722872,10.22429061,1.9510304
2371,"Python, AWS, Software Engineering",Cloud Computing,0.010144224,0.513392857,0.990571342,-0.029374145,0.00908537,9.580375514,1.944920139
2372,"AWS, DevOps",Kubernetes,0.015172231,0.513432836,0.986034357,-0.043928902,0.012011638,4.800438221,1.835398391
2373,"Java, Git",Python,0.011643805,0.513618677,0.989218096,-0.033696467,0.004853663,1.714810229,1.440188418
2374,"Java, Kafka",Scala,0.0115997,0.513671875,0.989260298,-0.033564151,0.010532006,10.86425599,1.959004722
2375,"AWS, GCP",SQL,0.018921184,0.513772455,0.982729284,-0.054734706,0.01101405,2.392925816,1.615077742
2376,"Java, AWS, GCP",Docker,0.010629383,0.513859275,0.990147783,-0.03074141,0.00857389,5.171207875,1.852613163
2377,"Python, Tableau","SQL, R",0.016892339,0.51409396,0.984541805,-0.048824593,0.015853239,16.25669784,1.992929502
2378,"AWS, TypeScript","Docker, JavaScript",0.012834649,0.514134276,0.988166444,-0.037092577,0.01216082,19.04733077,2.002626432
2379,"SQL, AWS, Docker",Agile,0.017598024,0.514175258,0.983922555,-0.050853438,0.014272514,5.291827335,1.858357333
2380,"SQL, TypeScript","AWS, HTML/CSS",0.010364751,0.514223195,0.990402075,-0.029947515,0.010095386,38.47849008,2.031048161
2381,"Java, TypeScript","AWS, Go",0.012614123,0.514388489,0.988376598,-0.036430997,0.011701273,13.81840073,1.982603554
2382,"AWS, JavaScript","Python, Java",0.01773034,0.514724712,0.983840709,-0.051162175,0.014009664,4.765354591,1.838103206
2383,"Java, GCP",Go,0.011467384,0.514851485,0.989429632,-0.033078993,0.010055724,8.123331749,1.930585422
2384,"SQL, GCP","Python, Kubernetes",0.010673488,0.514893617,0.990148209,-0.030785516,0.009238067,7.435785337,1.918660885
2385,"SQL, GCP","Python, Go",0.010673488,0.514893617,0.990148209,-0.030785516,0.009527894,9.316985617,1.947482166
2386,"Docker, Jenkins","Python, Kubernetes",0.012128964,0.514981273,0.988839574,-0.034975522,0.01049808,7.437051218,1.91900764
2387,"SQL, AWS, Kubernetes",NoSQL,0.017377497,0.51503268,0.984171004,-0.050103648,0.015716734,10.46356268,1.960500057
2388,"Kubernetes, Software Engineering","SQL, Java",0.011246857,0.515151515,0.989640884,-0.032417413,0.009480874,6.368609762,1.895666101
2389,"Docker, Git",Jenkins,0.011202752,0.515212982,0.989683156,-0.032285097,0.010132483,10.46722575,1.961229206
2390,"Python, Java, Software Engineering",Go,0.011202752,0.515212982,0.989683156,-0.032285097,0.009824636,8.129035445,1.932025023
2391,"Kubernetes, Docker",SQL,0.041767741,0.51523395,0.963648974,-0.120363428,0.024362578,2.399732816,1.619946952
2392,"Java, Docker","Kubernetes, Go",0.027345301,0.515378221,0.975582175,-0.078772108,0.025505926,14.86662902,1.991931147
2393,"AWS, NoSQL","Java, Docker",0.016186654,0.515449438,0.985246953,-0.046619327,0.014520452,9.714700842,1.954267254
2394,"Python, NoSQL",Agile,0.019009394,0.515550239,0.982772555,-0.054734706,0.015426758,5.305978472,1.863631785
2395,Microsoft Azure,SQL,0.014290125,0.515923567,0.98695335,-0.041106162,0.008343203,2.402944748,1.622254734
2396,Git,Python,0.032020465,0.515991471,0.971719269,-0.092091915,0.013433441,1.722732238,1.44724877
2397,"Python, Spark",AWS,0.019274026,0.516548463,0.982609805,-0.055352181,0.013069713,3.106552602,1.724522247
2398,"AWS, Agile","Python, SQL",0.024478455,0.516759777,0.978144608,-0.07025978,0.018120927,3.850310356,1.791629625
2399,"Python, JavaScript","SQL, Java",0.020332554,0.516816143,0.981710163,-0.058351343,0.017150217,6.389188889,1.902196906
2400,"Tableau, Power BI",R,0.010144224,0.516853933,0.990699888,-0.029109514,0.009378125,13.24138894,1.988977772
2401,"Tableau, R","SQL, Data Visualization",0.010100119,0.516930023,0.990742343,-0.028977198,0.00941933,14.83589165,1.997964766
2402,Go,"Python, AWS",0.032770255,0.517049408,0.971215263,-0.093988444,0.026248665,5.024886943,1.857544635
2403,"Kubernetes, Ansible",DevOps,0.010011908,0.517084282,0.990827276,-0.028712566,0.008553314,6.86408193,1.914760845
2404,"Python, TypeScript","Java, HTML/CSS",0.011335068,0.517102616,0.989641778,-0.032505623,0.010994753,33.30757843,2.038683493
2405,"Python, TypeScript","AWS, Docker",0.011335068,0.517102616,0.989641778,-0.032505623,0.01001248,8.570371057,1.945887362
2406,"Spark, Hadoop","Python, AWS",0.012525912,0.517304189,0.988588408,-0.035901733,0.010034365,5.027363003,1.858525101
2407,Agile,Java,0.050280069,0.517476169,0.95726805,-0.144047987,0.033485387,2.993808925,1.714218415
2408,Data Management,Data Analysis,0.012217175,0.517757009,0.988883144,-0.034975522,0.010180477,5.998520528,1.894658709
2409,"JavaScript, TypeScript","Kubernetes, Docker",0.015392758,0.517804154,0.986079582,-0.044061218,0.012982922,6.38747203,1.905728603
2410,"Kubernetes, NoSQL","Python, Go",0.011511489,0.517857143,0.989515468,-0.032946677,0.010283022,9.370610535,1.959452506
2411,"Java, AWS, GCP",Kubernetes,0.010717594,0.518123667,0.990234206,-0.0306532,0.008505179,4.844296046,1.853265101
2412,"AWS, NoSQL","Java, Kubernetes",0.016274864,0.518258427,0.985332478,-0.046531116,0.014582347,9.615771943,1.963922874
2413,"AWS, JavaScript",Docker,0.017862656,0.518565941,0.983968619,-0.051029859,0.014439756,5.218573272,1.870724951
2414,"Kubernetes, JavaScript","Python, TypeScript",0.01292286,0.518584071,0.988295034,-0.036916156,0.012376616,23.65765923,2.031672811
2415,"Spark, Hadoop","Python, Scala",0.012570017,0.519125683,0.98863147,-0.035857628,0.011539437,12.19703276,1.991036595
2416,Ansible,Terraform,0.022140872,0.519131334,0.980329949,-0.063158823,0.020263549,11.79385244,1.98803323
2417,"SQL, GCP","Kubernetes, Docker",0.010761699,0.519148936,0.990234628,-0.030697305,0.00908125,6.404060843,1.911058297
2418,Kubernetes,"Python, Docker",0.055528602,0.519175258,0.953542115,-0.158382217,0.048565863,7.97510882,1.944368624
2419,"Tableau, R",Power BI,0.010144224,0.519187359,0.990785603,-0.028933092,0.009466882,14.97650762,2.007711805
2420,"Java, Angular",AWS,0.011335068,0.519191919,0.98972721,-0.032329202,0.007704885,3.1224505,1.734003574
2421,"Kubernetes, Software Engineering","Python, Java",0.011335068,0.519191919,0.98972721,-0.032329202,0.008976893,4.806712284,1.855181097
2422,"Docker, Git",AWS,0.011290963,0.519269777,0.98976949,-0.032196886,0.007675447,3.12291874,1.734284408
2423,"Agile, NoSQL","Java, Kubernetes",0.011732016,0.51953125,0.989389692,-0.033431835,0.010514925,9.639387914,1.969125556
2424,"Python, Kubernetes","SQL, Docker",0.035989944,0.519745223,0.968898239,-0.102500772,0.032777042,11.20169528,1.98561523
2425,"Java, TypeScript","SQL, Kubernetes",0.012746438,0.519784173,0.988505747,-0.036298681,0.011598887,11.10750853,1.984949678
2426,"Java, TypeScript","SQL, Docker",0.012746438,0.519784173,0.988505747,-0.036298681,0.011608621,11.20253474,1.985776281
2427,"AWS, JavaScript","Java, TypeScript",0.017906761,0.519846351,0.984011256,-0.050985754,0.017062051,21.1986984,2.031594349
2428,DNS,DHCP,0.014687073,0.5203125,0.986831382,-0.041767741,0.01424635,33.32498676,2.052141687
2429,"Java, React",AWS,0.011290963,0.520325203,0.989812217,-0.032108676,0.00768278,3.129266136,1.738100346
2430,Spark,"Python, Hadoop",0.022008556,0.520333681,0.980534868,-0.062585454,0.020859394,19.15182719,2.028141402
2431,"Python, Agile","Java, AWS",0.027080669,0.520338983,0.976271329,-0.077007895,0.022850191,6.401327055,1.915339909
2432,Go,SQL,0.032990782,0.52052888,0.971422646,-0.093767918,0.019382937,2.424394266,1.637836466
2433,"Java, NoSQL",Docker,0.017950867,0.521126761,0.984053893,-0.050941649,0.014527966,5.244344005,1.880728827
2434,"Python, TypeScript","Go, HTML/CSS",0.011423279,0.521126761,0.989728097,-0.032417413,0.011143872,40.88410741,2.061617731
2435,"SQL, Kubernetes","Java, Go",0.024390244,0.521206409,0.978596107,-0.069201253,0.022547144,13.23327314,2.006321647
2436,"Kubernetes, Software Engineering","Python, SQL",0.011379173,0.521212121,0.989770373,-0.032285097,0.008449028,3.883484201,1.808290349
2437,"Python, Java, Software Engineering",Kubernetes,0.011335068,0.521298174,0.989812656,-0.032152781,0.009009438,4.873976705,1.865555013
2438,"SQL, JavaScript",TypeScript,0.018832973,0.521367521,0.983313468,-0.053411547,0.017446903,13.58731703,2.009116413
2439,"Scala, Spark",Kafka,0.011114542,0.52173913,0.990024184,-0.031491201,0.010338457,14.32129698,2.014735188
2440,"SQL, AWS, JavaScript",HTML/CSS,0.011026331,0.521920668,0.990108846,-0.031226569,0.010658274,29.95824635,2.055262237
2441,"Java, Docker",Go,0.027698143,0.522028263,0.975917239,-0.078419265,0.024335317,8.236567014,1.959573291
2442,"SQL, Kubernetes","Python, Go",0.024434349,0.522148916,0.97863824,-0.069157147,0.02184823,9.448270052,1.977051139
2443,"Java, Spark","Python, SQL",0.011952543,0.522157996,0.989306657,-0.033828783,0.00888033,3.890531793,1.81186981
2444,"Java, Cloud Computing","SQL, AWS",0.013452124,0.522260274,0.988003612,-0.038062894,0.01163559,7.405382859,1.945568972
2445,"AWS, NoSQL","Python, Agile",0.01640718,0.52247191,0.985460765,-0.0463988,0.014772834,10.03898781,1.985130798
2446,"Python, AWS, Azure",Java,0.017906761,0.522522523,0.984179104,-0.050632911,0.011983263,3.023004122,1.73233561
2447,"Docker, DevOps","AWS, Kubernetes",0.011246857,0.522540984,0.989939985,-0.031799938,0.009902654,8.366929182,1.963617462
2448,"Python, Communication",SQL,0.023816875,0.522749274,0.979203577,-0.067304724,0.014034756,2.434735885,1.645456449
2449,"Spark, Hadoop",Hive,0.012658228,0.52276867,0.988717595,-0.035769417,0.012204345,27.88878603,2.0561417
2450,"Java, GCP","Python, Azure",0.011643805,0.522772277,0.989602209,-0.032902571,0.010758693,13.15517851,2.012165383
2451,"SQL, GCP",Go,0.01084991,0.523404255,0.990321047,-0.030609095,0.009536087,8.25827744,1.965230828
2452,"Java, Kubernetes",Go,0.028227407,0.523731588,0.97564344,-0.079566004,0.024811469,8.263442091,1.966581502
2453,"SQL, Docker","Python, Go",0.024302033,0.523764259,0.978883035,-0.068495567,0.021737851,9.477499628,1.983757092
2454,"Kubernetes, JavaScript","Python, AWS",0.013055176,0.523893805,0.988424133,-0.03678384,0.010491015,5.09140345,1.884248284
2455,"Python, Java, JavaScript",Kubernetes,0.014951705,0.523956723,0.986792453,-0.042120584,0.01189961,4.898833315,1.875973539
2456,"AWS, Docker","SQL, Kubernetes",0.031623517,0.524122807,0.97292126,-0.089048648,0.028800045,11.20022281,2.003046723
2457,"SQL, AWS, Scala",Agile,0.010982226,0.524210526,0.990236738,-0.030917832,0.008946636,5.395109062,1.897553482
2458,"AWS, React",Java,0.011290963,0.524590164,0.989983161,-0.031755833,0.00757067,3.034966264,1.739869844
2459,"AWS, Terraform",Docker,0.011290963,0.524590164,0.989983161,-0.031755833,0.009152198,5.279197864,1.894430106
2460,"Java, Kubernetes, JavaScript",HTML/CSS,0.01027654,0.524774775,0.990872518,-0.028888987,0.009935377,30.12207207,2.067605727
2461,Terraform,Kubernetes,0.02311119,0.5250501,0.979975497,-0.064923036,0.018403321,4.90905605,1.880292197
2462,Data Mining,"SQL, Data Visualization",0.010144224,0.525114155,0.990999957,-0.028492039,0.009471119,15.07077626,2.032397481
2463,TypeScript,SQL,0.020156133,0.525287356,0.982457631,-0.05658713,0.011917563,2.446557155,1.65425399
2464,"SQL, GCP","Python, Docker",0.010894015,0.525531915,0.990364257,-0.030564989,0.009544536,8.072754137,1.970418184
2465,"SQL, Docker","Java, Go",0.024390244,0.525665399,0.978967334,-0.068407357,0.022562778,13.34648555,2.025182107
2466,"Kubernetes, NoSQL","Java, Go",0.011687911,0.525793651,0.989688053,-0.032770255,0.010812395,13.34974182,2.025729828
2467,"Python, SQL, NoSQL",Agile,0.016098443,0.525936599,0.985920315,-0.045119746,0.01312434,5.41287359,1.904462507
2468,Scala,"Python, SQL, Java",0.024875402,0.526119403,0.978606022,-0.069686411,0.021949671,8.50228455,1.979655291
2469,"Python, Jenkins",Kubernetes,0.014201914,0.526143791,0.98754563,-0.039783002,0.011314925,4.91928172,1.884632032
2470,GCP,Java,0.022273188,0.526590198,0.980788761,-0.062320822,0.014962203,3.04653727,1.747220345
2471,"Docker, Software Engineering","SQL, AWS",0.010894015,0.526652452,0.990407052,-0.030476779,0.009435189,7.467661692,1.96362185
2472,"SQL, AWS, Agile",Go,0.015216337,0.526717557,0.986711248,-0.042561637,0.013385371,8.31055475,1.978988793
2473,"Java, AWS, Agile",Docker,0.017818551,0.52672751,0.984513652,-0.049839016,0.014457008,5.300706981,1.902985542
2474,"Docker, NoSQL","Python, Go",0.011246857,0.526859504,0.990110982,-0.031447096,0.010067139,9.533508011,1.996734665
2475,"Python, SQL, Agile",Docker,0.016804128,0.526970954,0.985382117,-0.04697217,0.013635425,5.303156879,1.903964914
2476,"Agile, NoSQL","Java, Docker",0.011908437,0.52734375,0.989562217,-0.033255414,0.01071027,9.938873519,2.003446047
2477,"Python, Ansible",Kubernetes,0.013893177,0.527638191,0.987881392,-0.038768579,0.011076947,4.933253898,1.890594399
2478,"SQL, GCP","Python, Azure",0.01093812,0.527659574,0.990407467,-0.030520884,0.010114353,13.27816374,2.032985219
2479,"Kubernetes, NoSQL","Java, Agile",0.011732016,0.527777778,0.989731199,-0.03272615,0.010614336,10.49675926,2.011171619
2480,Node.js,Python,0.016274864,0.527896996,0.985880541,-0.045384378,0.007040799,1.762481017,1.483745584
2481,Data Science,"Python, SQL",0.017421603,0.528074866,0.984928056,-0.048559961,0.012993827,3.934617629,1.834586545
2482,"JavaScript, TypeScript","Python, Go",0.015701495,0.528189911,0.986379406,-0.043752481,0.014058664,9.557581685,2.002365044
2483,"Python, Go","SQL, Java",0.029197724,0.528332003,0.975298838,-0.081330217,0.024727468,6.531554803,1.948639388
2484,"Python, Java, Cloud Computing",Kubernetes,0.01027654,0.528344671,0.991001125,-0.028624355,0.00819621,4.93985927,1.893426271
2485,"SQL, Java, Agile",Kubernetes,0.016010232,0.528384279,0.986130137,-0.044590482,0.012769445,4.940229595,1.893585289
2486,"Java, AWS, Software Engineering",Cloud Computing,0.010629383,0.528508772,0.990704311,-0.029594672,0.00955162,9.86245217,2.007273891
2487,"Kubernetes, Microservices",Python,0.01018833,0.528604119,0.99108611,-0.028359723,0.004415388,1.764841877,1.485971296
2488,DevOps,Python,0.039827107,0.528688525,0.966982486,-0.110836678,0.017263755,1.765123681,1.486237413
2489,"Azure, GCP",Java,0.013760861,0.528813559,0.988049693,-0.038283421,0.009262966,3.059400314,1.755464856
2490,Microservices,AWS,0.020905923,0.529017857,0.982095125,-0.058130816,0.014334925,3.181544264,1.770179492
2491,"Kubernetes, JavaScript","Docker, Go",0.013187492,0.52920354,0.988553232,-0.036651524,0.012401647,16.7813033,2.057077263
2492,Power BI,Python,0.018347815,0.529262087,0.984227802,-0.050985754,0.007964445,1.767038623,1.488048292
2493,"JavaScript, TypeScript",Kubernetes,0.0157456,0.529673591,0.986422238,-0.043708376,0.012566138,4.952284255,1.898776196
2494,"Kubernetes, NoSQL","AWS, Go",0.011776121,0.529761905,0.989774345,-0.032682045,0.010948646,14.23138823,2.047420481
2495,"Agile, JavaScript",TypeScript,0.01093812,0.52991453,0.990493064,-0.030344463,0.01014608,13.81005993,2.045645802
2496,"Docker, TypeScript","SQL, HTML/CSS",0.010011908,0.530373832,0.991299078,-0.027742248,0.009736325,36.32980631,2.0982671
2497,"Kubernetes, Ansible","Python, Terraform",0.01027654,0.530751708,0.991086881,-0.028447934,0.009703521,17.93402904,2.067999704
2498,"Python, Hadoop",Scala,0.014422441,0.530844156,0.987590708,-0.039915318,0.013137872,11.22745293,2.030709209
2499,"Docker, NoSQL","Python, Agile",0.011335068,0.530991736,0.990197349,-0.031358885,0.01022408,10.2026912,2.021191928
2500,NoSQL,"SQL, AWS",0.026154457,0.531362007,0.978015049,-0.072288625,0.022683137,7.534440768,1.983355174
2501,"AWS, JavaScript","SQL, Java",0.018303709,0.531370038,0.984394986,-0.050588806,0.01551738,6.569112803,1.961272031
2502,"Python, Snowflake",Java,0.012217175,0.531669866,0.989480038,-0.033740572,0.008245305,3.075925201,1.766171289
2503,Docker,"AWS, Kubernetes",0.052838178,0.531735464,0.957674717,-0.14590041,0.046632253,8.514151251,2.002173535
2504,"Java, AWS, JavaScript",Go,0.014025493,0.531772575,0.987967857,-0.038724474,0.012353864,8.390312873,2.000354103
2505,"AWS, TypeScript","JavaScript, Go",0.013275702,0.53180212,0.988596755,-0.036651524,0.012787947,27.21794463,2.094117432
2506,"SQL, Software Engineering","Kubernetes, Docker",0.012128964,0.531914894,0.989564467,-0.033475941,0.01028047,6.561537749,1.963178069
2507,"Agile, JavaScript","Python, Java",0.010982226,0.532051282,0.990536278,-0.030300357,0.008752678,4.925765095,1.906161997
2508,"Agile, JavaScript","SQL, Java",0.010982226,0.532051282,0.990536278,-0.030300357,0.009312569,6.577534743,1.964127267
2509,"JavaScript, TypeScript",Go,0.015833811,0.53264095,0.986507903,-0.043620165,0.013949734,8.404014091,2.004070851
2510,"Python, SQL, Data Analysis",R,0.012217175,0.53371869,0.989565367,-0.033564151,0.011323679,13.67345068,2.060916377
2511,"Python, Data Visualization",Tableau,0.015701495,0.533733133,0.986675236,-0.043135006,0.014183418,10.34301823,2.034021372
2512,"SQL, Azure",Java,0.014290125,0.533772652,0.987843643,-0.039253738,0.00966263,3.088090673,1.774137106
2513,"AWS, Azure, GCP",Java,0.013187492,0.533928571,0.988765979,-0.036210471,0.008918303,3.088992728,1.774730624
2514,Docker,Java,0.053058704,0.533954727,0.957875311,-0.145679884,0.035882845,3.089144048,1.774830226
2515,"SQL, GCP","AWS, Kubernetes",0.011070436,0.534042553,0.990537095,-0.030388568,0.009775814,8.551092379,2.012086873
2516,"SQL, R","Python, Tableau",0.016892339,0.534170153,0.985720393,-0.046354695,0.015853239,16.25669784,2.076169101
2517,"Java, Software Development",Python,0.010982226,0.534334764,0.990621894,-0.030123936,0.004826182,1.783974688,1.504258196
2518,TCP/IP,DNS,0.013319808,0.534513274,0.988682331,-0.036519208,0.012616395,18.93596792,2.087648346
2519,Scala,"Python, Java, AWS",0.02527235,0.534514925,0.978985049,-0.069289463,0.022459227,8.983733805,2.020477068
2520,"Python, Terraform",Kubernetes,0.015833811,0.535022355,0.986634681,-0.043355533,0.012668501,5.002293546,1.920618334
2521,"Java, AWS, Software Engineering",Go,0.010761699,0.535087719,0.990834018,-0.029462356,0.009487012,8.442619248,2.014618002
2522,"Java, Kubernetes","SQL, AWS",0.028844882,0.535188216,0.976229337,-0.078948529,0.025043848,7.588694448,1.999681634
2523,"Java, NoSQL",Kubernetes,0.018436025,0.535211268,0.984522896,-0.05045649,0.014751812,5.004059823,1.921398967
2524,"Spark, Hadoop",Kafka,0.012966965,0.535519126,0.989019034,-0.03546068,0.012084831,14.69954617,2.074507382
2525,Agile,Python,0.052044282,0.535633227,0.958876025,-0.142283774,0.022941785,1.788309846,1.508464407
2526,"SQL, Java, Agile",NoSQL,0.016230759,0.5356623,0.986344178,-0.044369955,0.014739329,10.8826804,2.047601258
2527,"Kubernetes, NoSQL","Docker, Go",0.011908437,0.535714286,0.989903784,-0.032549729,0.011207436,16.98776224,2.085923956
2528,MongoDB,Python,0.01018833,0.535962877,0.99134349,-0.027830459,0.00449465,1.789410442,1.509536012
2529,"Java, Hadoop","Python, Kafka",0.01018833,0.535962877,0.99134349,-0.027830459,0.009712948,21.43189826,2.101108367
2530,"Java, Hadoop","Python, Hive",0.01018833,0.535962877,0.99134349,-0.027830459,0.009877278,32.75441054,2.119737573
2531,"Python, SQL, NoSQL",Docker,0.01640718,0.536023055,0.986219883,-0.044811009,0.013365576,5.394252428,1.941110901
2532,"Kubernetes, JavaScript","Java, TypeScript",0.013363913,0.536283186,0.988725364,-0.036475103,0.012752823,21.86897243,2.10360593
2533,"Python, Go",Kubernetes,0.029638777,0.536312849,0.975716793,-0.080889163,0.023727997,5.01435927,1.925963635
2534,"Python, Docker","Java, Kubernetes",0.034931416,0.536585366,0.971675846,-0.095267499,0.03142277,9.955810147,2.04159132
2535,"Docker, Software Engineering","Python, Java",0.011114542,0.537313433,0.990623109,-0.030256252,0.00888023,4.974482427,1.927840845
2536,"Spark, Hadoop",AWS,0.01301107,0.537340619,0.989062096,-0.035416575,0.008984867,3.231597841,1.802023184
2537,"Kubernetes, Software Engineering","Python, AWS",0.011732016,0.537373737,0.990115677,-0.031932254,0.009485539,5.222406664,1.939151217
2538,"Docker, TypeScript","AWS, Go",0.010144224,0.537383178,0.991428942,-0.027609933,0.009441527,14.43612415,2.081150231
2539,"Java, Azure","SQL, AWS",0.012966965,0.537477148,0.98910422,-0.035284259,0.011265521,7.62115033,2.009577654
2540,"Java, Hadoop","Python, AWS",0.010232435,0.538283063,0.991386773,-0.027786354,0.008276412,5.23124384,1.942970265
2541,"Java, AWS, JavaScript",Kubernetes,0.014201914,0.538461538,0.988139745,-0.038548053,0.011380967,5.03444885,1.934929946
2542,NoSQL,"Python, AWS",0.026507299,0.538530466,0.978351339,-0.071935783,0.021442515,5.233648202,1.944011932
2543,Azure,Python,0.039738896,0.538553497,0.968290479,-0.107837516,0.017637908,1.798059701,1.51801074
2544,"Java, Agile","Python, AWS",0.027080669,0.538596491,0.977911225,-0.073479469,0.021906964,5.234289861,1.944290113
2545,"Docker, DevOps","Python, Kubernetes",0.0115997,0.538934426,0.990285394,-0.031447096,0.010109305,7.782968309,2.018703402
2546,"Python, TypeScript","Docker, Go",0.011820227,0.539235412,0.99011653,-0.032020465,0.011128962,17.09941889,2.101864423
2547,"Python, Java, JavaScript",Docker,0.015392758,0.539412674,0.987221269,-0.041679531,0.012557141,5.428363762,1.955396198
2548,Scripting,Python,0.013804966,0.539655172,0.988517611,-0.037357209,0.006142938,1.801737848,1.521643572
2549,"Python, Kafka",Hadoop,0.013496229,0.53968254,0.988769363,-0.036519208,0.012671205,16.35858586,2.100744163
2550,"Kubernetes, JavaScript",Go,0.013452124,0.539823009,0.98881143,-0.036386892,0.011872741,8.517332693,2.03534872
2551,"Kubernetes, Docker, Agile",NoSQL,0.012481807,0.540076336,0.989610726,-0.033740572,0.011344238,10.97235731,2.067252749
2552,"AWS, Kubernetes",SQL,0.033740572,0.540254237,0.972975217,-0.091165704,0.020331589,2.516266295,1.708107717
2553,"AWS, TypeScript","Python, SQL",0.013496229,0.540636042,0.988811911,-0.036430997,0.0101458,4.028209329,1.88475279
2554,"SQL, Problem Solving",Python,0.011996648,0.540755467,0.990032793,-0.032373307,0.00535182,1.805411384,1.525289248
2555,"Docker, JavaScript","Java, AWS",0.014598862,0.540849673,0.987932145,-0.039386054,0.01240475,6.653654173,2.0009
2556,"Java, Kafka",AWS,0.012217175,0.541015625,0.989864136,-0.032946677,0.008462318,3.25369954,1.816451661
2557,"Software Engineering, Cloud Computing","Python, AWS",0.010144224,0.541176471,0.991557711,-0.027345301,0.008215431,5.259363102,1.955222918
2558,Spark,Java,0.022890663,0.541188738,0.981381178,-0.061703348,0.015579678,3.130995729,1.802813719
2559,"AWS, Git",Docker,0.011290963,0.541226216,0.99062473,-0.030432673,0.009217939,5.446614286,1.963125917
2560,"Python, TypeScript","Kubernetes, Go",0.011864332,0.541247485,0.990159689,-0.03197636,0.011104424,15.61285525,2.104257054
2561,"Docker, NoSQL","AWS, Go",0.011555595,0.541322314,0.990413266,-0.031138358,0.010760956,14.54194411,2.099023206
2562,"Python, JavaScript",AWS,0.021302871,0.541479821,0.982643751,-0.057381026,0.014761207,3.25649124,1.818290596
2563,"Python, SQL, Azure",GCP,0.01093812,0.541484716,0.990921274,-0.029462356,0.010083711,12.80196347,2.088704627
2564,"Git, Jenkins",Docker,0.011202752,0.541577825,0.990709532,-0.030168041,0.009147259,5.450152699,1.964631633
2565,"Docker, Software Engineering","Python, SQL",0.011202752,0.541577825,0.990709532,-0.030168041,0.008426513,4.035226431,1.888624827
2566,"Kubernetes, JavaScript","SQL, AWS",0.013496229,0.54159292,0.988854463,-0.036342787,0.011738795,7.679509871,2.027620491
2567,"Kubernetes, NoSQL","SQL, Go",0.012040753,0.541666667,0.990033223,-0.032417413,0.011307398,16.41872772,2.109838294
2568,Business Intelligence,Data Visualization,0.016539496,0.541907514,0.986432698,-0.044502271,0.015007596,10.79672151,2.073398215
2569,"SQL, Kubernetes","Docker, Go",0.025360561,0.541941565,0.979523047,-0.068230935,0.023884843,17.1852323,2.114281975
2570,"Docker, TypeScript","JavaScript, HTML/CSS",0.010232435,0.542056075,0.991515519,-0.027521722,0.009926878,33.48784028,2.148327103
2571,"Java, AWS, Cloud Computing",Kubernetes,0.01018833,0.542253521,0.991558076,-0.027389406,0.008178759,5.069902715,1.950958952
2572,Oracle,SQL,0.014951705,0.5424,0.987724268,-0.04017995,0.009033192,2.526260312,1.716117319
2573,"SQL, GCP","AWS, Docker",0.011246857,0.542553191,0.990709934,-0.030212147,0.009996121,8.992184584,2.054149029
2574,"Java, NoSQL",Agile,0.018700657,0.542893726,0.984778716,-0.050191858,0.01535372,5.587394212,1.975111749
2575,"Agile, NoSQL","AWS, Kubernetes",0.01226128,0.54296875,0.989907268,-0.032902571,0.010850968,8.694018693,2.051384587
2576,"Python, TypeScript","JavaScript, HTML/CSS",0.011908437,0.543259557,0.990202849,-0.031932254,0.01155362,33.56219058,2.153987811
2577,"Kubernetes, JavaScript","SQL, TypeScript",0.013540334,0.543362832,0.988897495,-0.036298681,0.013038053,26.95769253,2.145782112
2578,"Kubernetes, Software Engineering","Java, AWS",0.011864332,0.543434343,0.990245166,-0.031799938,0.010089683,6.685451367,2.012227323
2579,Hive,"Python, Java, Hadoop",0.01018833,0.543529412,0.991601004,-0.027301195,0.009875821,32.60169935,2.154198349
2580,Tableau,"Python, SQL",0.028050986,0.543589744,0.977603489,-0.075155471,0.021125187,4.050216975,1.896950142
2581,Node.js,Java,0.016760023,0.543633763,0.986351189,-0.044899219,0.011431161,3.145141183,1.81247246
2582,TypeScript,"AWS, JavaScript",0.020861818,0.543678161,0.983137238,-0.055881445,0.019540059,15.78337381,2.115949007
2583,"Docker, Software Engineering","SQL, Java",0.011246857,0.543710021,0.990752744,-0.030123936,0.009573633,6.721667019,2.014313002
2584,"Java, AWS, GCP",Go,0.011246857,0.543710021,0.990752744,-0.030123936,0.00993583,8.578662014,2.052687313
2585,"Tableau, Power BI",Data Visualization,0.010673488,0.543820225,0.991218964,-0.02858025,0.009688379,10.83482949,2.08209174
2586,Scala,"Java, AWS",0.025713404,0.543843284,0.979406191,-0.06884841,0.021870123,6.69048224,2.014031265
2587,"SQL, Data Science",Machine Learning,0.010894015,0.544052863,0.991049423,-0.029153619,0.009676142,8.945112816,2.059841336
2588,"SQL, AWS, Go",Agile,0.015216337,0.544164038,0.987600292,-0.040709214,0.012499361,5.600468103,1.980615939
2589,"AWS, TypeScript","Kubernetes, Docker",0.01358444,0.544169611,0.988897973,-0.036342787,0.01156075,6.71270816,2.015956896
2590,"Kubernetes, TypeScript","SQL, HTML/CSS",0.010011908,0.544364508,0.99177133,-0.026771931,0.009743407,37.28814652,2.162696182
2591,"SQL, Cloud Computing","Python, Java",0.014290125,0.544537815,0.988353103,-0.03819521,0.011455551,5.041366224,1.958419584
2592,"Kubernetes, Microservices","AWS, Docker",0.010497067,0.544622426,0.991389009,-0.028050986,0.009334148,9.02647972,2.063483075
2593,"Java, TypeScript","Kubernetes, JavaScript",0.013363913,0.544964029,0.989108442,-0.035681207,0.012752823,21.86897243,2.142864639
2594,"Python, Spark, Hadoop",Hive,0.011996648,0.54509018,0.990203694,-0.032020465,0.011584103,29.0795992,2.157032438
2595,"Java, JavaScript",AWS,0.026374983,0.545123063,0.979007152,-0.070392096,0.01832991,3.278401911,1.832853817
2596,"Python, Java, NoSQL",Docker,0.015172231,0.545166403,0.987684518,-0.040488687,0.012406738,5.486266243,1.980132319
2597,"Docker, NoSQL","Java, Go",0.011643805,0.545454545,0.990499633,-0.031050148,0.010803032,13.84892599,2.113350681
2598,Hive,"Scala, Hadoop",0.010232435,0.545882353,0.991644298,-0.02725709,0.009924886,33.27094244,2.165942738
2599,"AWS, TypeScript","Python, Go",0.013628545,0.545936396,0.988941004,-0.036298681,0.012248957,9.878703832,2.080624875
2600,"Python, Scala, Spark",SQL,0.010452962,0.546082949,0.991474445,-0.027830459,0.006343146,2.543413868,1.73004139
2601,"Python, Scala, Spark",Kafka,0.010452962,0.546082949,0.991474445,-0.027830459,0.00975561,14.98951418,2.122786534
2602,"Tableau, R","Python, Data Visualization",0.010673488,0.546275395,0.991304724,-0.028403828,0.010098695,18.56926841,2.13914286
2603,"AWS, Microsoft Azure","SQL, Java",0.010144224,0.54631829,0.991729454,-0.026992458,0.008642247,6.753911987,2.02589352
2604,"SQL, Docker","Kubernetes, Go",0.025360561,0.546577947,0.979894626,-0.06743704,0.023752064,15.76661805,2.128994849
2605,"Java, Azure","AWS, GCP",0.013187492,0.546617916,0.989319552,-0.035063732,0.012298995,14.84247666,2.124415782
2606,"Docker, Jenkins",AWS,0.012878754,0.546816479,0.989572112,-0.034225731,0.008962557,3.288586217,1.839702665
2607,"Java, Docker","SQL, AWS",0.029021303,0.546965919,0.977173731,-0.077096105,0.025279369,7.75569623,2.051668132
2608,Go,Kubernetes,0.034666784,0.54697286,0.972998756,-0.092091915,0.02788802,5.114027075,1.97128276
2609,"Python, AWS, Azure",GCP,0.018744762,0.546975547,0.984989339,-0.04979491,0.017295251,12.93177954,2.114020531
2610,"Python, Snowflake",AWS,0.012570017,0.547024952,0.989824955,-0.03338773,0.008749157,3.289839983,1.84054935
2611,"Python, Hadoop",AWS,0.014863494,0.547077922,0.988020095,-0.039474265,0.010345932,3.290158548,1.840764606
2612,"Java, Spark","Python, AWS",0.012525912,0.547206166,0.989867196,-0.033255414,0.010170515,5.317962021,1.98125993
2613,Time Management,Communication,0.015260442,0.547468354,0.987727955,-0.040488687,0.010099351,2.956824678,1.800638386
2614,Microsoft Azure,"Python, AWS",0.015172231,0.547770701,0.987811682,-0.040224055,0.012322156,5.323448391,1.983733211
2615,Data Analytics,SQL,0.01914171,0.547979798,0.984743235,-0.050721122,0.011641771,2.552248554,1.737301301
2616,"Tableau, Data Visualization","SQL, Data Analysis",0.012570017,0.548076923,0.989867632,-0.033299519,0.01169503,14.36595153,2.128346491
2617,Jenkins,Python,0.026992458,0.548387097,0.978813737,-0.071450624,0.012249659,1.83089098,1.551064513
2618,"Python, Spark",Java,0.02046487,0.548463357,0.983757813,-0.054161337,0.014015346,3.173082341,1.831858499
2619,"SQL, NoSQL","Java, AWS",0.021655714,0.548603352,0.982858113,-0.057292815,0.018447004,6.749041671,2.03526963
2620,"Scala, Spark","Java, Hadoop",0.011687911,0.548654244,0.990585593,-0.030917832,0.011282956,28.8622684,2.173479186
2621,"Agile, NoSQL","SQL, Kubernetes",0.012393596,0.548828125,0.990036662,-0.032770255,0.011336858,11.72816218,2.11272977
2622,"Python, Snowflake",Spark,0.012614123,0.548944338,0.989868069,-0.033343625,0.011642185,12.97832635,2.123247916
2623,"Docker, JavaScript","Python, SQL",0.014819389,0.549019608,0.988146876,-0.039165527,0.011196663,4.090674193,1.919789675
2624,Go,"Python, Java",0.0347991,0.549060543,0.973123185,-0.0919596,0.027953247,5.083237928,1.978061685
2625,"Kubernetes, TypeScript","AWS, Go",0.010100119,0.549160671,0.991857947,-0.026683721,0.009415482,14.75251173,2.135517126
2626,RDBMS,"AWS, Kubernetes, Docker",0.010056014,0.54939759,0.991900554,-0.026551405,0.009088879,10.3977392,2.101990141
2627,"SQL, Agile","Java, AWS",0.023684559,0.54964176,0.981395349,-0.062497243,0.020181867,6.761816406,2.03996243
2628,"Python, Statistics",R,0.01018833,0.55,0.991815702,-0.026860142,0.009465269,14.09056497,2.135481753
2629,"AWS, Node.js","Python, Java",0.01018833,0.55,0.991815702,-0.026860142,0.008187454,5.091935484,1.98219125
2630,"Python, Kubernetes","AWS, Docker",0.038107,0.550318471,0.970878192,-0.100383716,0.033929006,9.120885015,2.089620893
2631,"JavaScript, React",Java,0.01301107,0.550373134,0.989616097,-0.034269836,0.008924847,3.184131175,1.839639266
2632,"JavaScript, TypeScript","Python, SQL",0.016363075,0.550445104,0.987021887,-0.043090901,0.012373342,4.101295379,1.925877146
2633,"Python, Power BI","SQL, R",0.010100119,0.550480769,0.991900905,-0.02659551,0.009519897,17.40732285,2.154249288
2634,Hive,"Scala, Spark",0.010320646,0.550588235,0.991730886,-0.027168879,0.009921328,25.8457289,2.177729213
2635,Data Science,Machine Learning,0.018171393,0.550802139,0.9856539,-0.047810171,0.016164853,9.05608187,2.090790808
2636,"Python, Java",AWS,0.059498081,0.550837076,0.956213677,-0.156529793,0.04153784,3.312766322,1.856170415
2637,"Kubernetes, GCP","Java, Docker",0.01018833,0.551312649,0.991858652,-0.026771931,0.009207798,10.39061654,2.110470228
2638,"Kubernetes, NoSQL",Go,0.01226128,0.551587302,0.990248954,-0.032196886,0.010852415,8.702949818,2.088746937
2639,"Kubernetes, NoSQL","AWS, Agile",0.01226128,0.551587302,0.990248954,-0.032196886,0.011208308,11.64444962,2.124451172
2640,"Kubernetes, Cloud Computing","Python, SQL",0.010100119,0.551807229,0.991943867,-0.026507299,0.007643533,4.111444397,1.931730176
2641,RDBMS,"SQL, Java, Kubernetes",0.010100119,0.551807229,0.991943867,-0.026507299,0.00944137,15.3322614,2.150882652
2642,"AWS, NoSQL","SQL, Docker",0.017333392,0.551966292,0.986358777,-0.045472589,0.015876331,11.89613283,2.128413963
2643,"Git, Jenkins",Python,0.011423279,0.552238806,0.99092559,-0.029947515,0.005227604,1.843750618,1.564407004
2644,Innovation,Communication,0.011643805,0.552301255,0.990756339,-0.030520884,0.007740322,2.982926717,1.820076249
2645,"SQL, Kubernetes",Go,0.02584572,0.552309142,0.979986517,-0.067745777,0.022879835,8.714339028,2.092114757
2646,"SQL, Data Analysis",Data Visualization,0.021082345,0.552601156,0.983558501,-0.055219865,0.01916747,11.00977681,2.122956183
2647,"Agile, NoSQL","SQL, Docker",0.012481807,0.552734375,0.990122924,-0.032682045,0.011434032,11.91268677,2.132069058
2648,"Agile, NoSQL","AWS, Docker",0.012481807,0.552734375,0.990122924,-0.032682045,0.011119302,9.160925793,2.100907973
2649,"Agile, NoSQL","Kubernetes, Docker",0.012481807,0.552734375,0.990122924,-0.032682045,0.01065119,6.818360438,2.054560789
2650,"Python, Docker","SQL, Kubernetes",0.035989944,0.552845528,0.972669676,-0.094208971,0.032943566,11.81401194,2.131711327
2651,"Java, Spark",Kafka,0.012658228,0.552986513,0.989996551,-0.033123098,0.011824298,15.17901114,2.155570312
2652,"AWS, TypeScript",Go,0.013804966,0.553003534,0.989113129,-0.03612226,0.012222789,8.72529514,2.095364775
2653,"Kubernetes, DevOps",AWS,0.015172231,0.553054662,0.988066109,-0.039694791,0.010610667,3.326103013,1.865380082
2654,"SQL, GCP",Kubernetes,0.011467384,0.553191489,0.990925982,-0.02999162,0.009250252,5.172169335,1.998718845
2655,"Python, TypeScript","Java, Kubernetes",0.012128964,0.55331992,0.990418645,-0.031711728,0.01094753,10.26630322,2.118078097
2656,"AWS, NoSQL","SQL, Kubernetes",0.017377497,0.553370787,0.986401539,-0.045428483,0.015907971,11.82523642,2.134218325
2657,"Java, AWS, JavaScript",Docker,0.014598862,0.553511706,0.988526492,-0.038151105,0.011977999,5.570248958,2.01714293
2658,"Python, Hadoop","SQL, Spark",0.015039915,0.553571429,0.98819185,-0.039297843,0.014312552,20.67730643,2.180030874
2659,"SQL, R",Tableau,0.017509813,0.553695955,0.98631894,-0.04573722,0.015877938,10.72987042,2.125001516
2660,"Kubernetes, GCP","AWS, Azure",0.010232435,0.553699284,0.991901957,-0.026727826,0.009253533,10.45297574,2.121953814
2661,"Kubernetes, TypeScript","JavaScript, HTML/CSS",0.01018833,0.553956835,0.991944565,-0.02659551,0.009890626,34.22306079,2.205646051
2662,"SQL, Java, JavaScript",Go,0.015613285,0.55399061,0.987774537,-0.040753319,0.013827045,8.740869247,2.100002089
2663,"Python, SQL, R",Tableau,0.016892339,0.554269175,0.986817326,-0.044061218,0.015319639,10.74097864,2.127734315
2664,"Communication, AWS",Python,0.013496229,0.554347826,0.989407966,-0.035196048,0.006204092,1.850791969,1.571810459
2665,CI/CD,Python,0.02311119,0.554497354,0.982174613,-0.060247872,0.010627368,1.851291197,1.572338021
2666,"Java, Hadoop",AWS,0.010541172,0.554524362,0.991689751,-0.027477617,0.007380346,3.334941872,1.871534286
2667,"SQL, Java, Agile",Docker,0.016804128,0.554585153,0.986900685,-0.043796586,0.013793203,5.581051562,2.022004232
2668,"Python, Data Visualization",Data Analysis,0.01631897,0.554722639,0.987275064,-0.042517532,0.013779759,6.42678916,2.051947755
2669,"Data Analysis, Data Visualization",Python,0.01631897,0.554722639,0.987275064,-0.042517532,0.007507637,1.85204335,1.573133532
2670,"Python, SQL, NoSQL",Kubernetes,0.01698055,0.554755043,0.986776223,-0.044237639,0.013706741,5.18678808,2.005737689
2671,"AWS, TypeScript","SQL, Java",0.013849072,0.554770318,0.98915616,-0.036078155,0.011829786,6.858400993,2.064352117
2672,"AWS, NoSQL","Kubernetes, Docker",0.017421603,0.554775281,0.986444302,-0.045384378,0.014875901,6.843536422,2.063978876
2673,"Java, Cloud Computing","Python, SQL",0.014290125,0.554794521,0.98882057,-0.037224893,0.010833145,4.133702322,1.944691924
2674,"JavaScript, TypeScript",Docker,0.016495391,0.554896142,0.987150383,-0.042958585,0.013541441,5.584181197,2.023416986
2675,"JavaScript, TypeScript","Python, Java",0.016495391,0.554896142,0.987150383,-0.042958585,0.013284462,5.137264286,2.003995354
2676,Open Source RDBMS,"AWS, Go",0.010011908,0.555012225,0.992115068,-0.026066246,0.009340406,14.90970637,2.163599004
2677,"AWS, Kubernetes, Azure",GCP,0.010232435,0.555023923,0.991944914,-0.026639615,0.009452646,13.12206196,2.152257268
2678,"Python, MySQL",SQL,0.011070436,0.555309735,0.991308108,-0.028800776,0.006790168,2.58638817,1.765937656
2679,"SQL, Java, JavaScript",Docker,0.01565739,0.555555556,0.987817433,-0.040709214,0.012856835,5.590817182,2.026419089
2680,"Kubernetes, Software Engineering","SQL, Docker",0.012128964,0.555555556,0.990504144,-0.031535306,0.011115979,11.97348965,2.145602699
2681,"Python, GCP","SQL, AWS",0.017156971,0.555714286,0.986694049,-0.044590482,0.014979619,7.87974359,2.092067239
2682,"SQL, Linux",Java,0.011820227,0.556016598,0.990757936,-0.030697305,0.008145675,3.216780892,1.86302288
2683,"Kubernetes, Microservices","Java, Docker",0.010717594,0.556064073,0.991605366,-0.027830459,0.009694939,10.48016686,2.133058486
2684,"Docker, TypeScript","Kubernetes, HTML/CSS",0.010497067,0.556074766,0.991775248,-0.02725709,0.010277266,47.75713325,2.226402375
2685,"SQL, Docker",Go,0.025801614,0.55608365,0.980316122,-0.066995986,0.022860888,8.77389325,2.109903477
2686,"Python, Java, NoSQL",Kubernetes,0.015480969,0.556259905,0.987984895,-0.04017995,0.01250435,5.200858072,2.012539774
2687,"AWS, Spark","Python, SQL",0.011511489,0.556503198,0.991012013,-0.029859304,0.008735251,4.146433459,1.952184316
2688,RDBMS,"AWS, Kubernetes",0.01018833,0.556626506,0.992030492,-0.026419089,0.009045206,8.912706759,2.114575803
2689,"Kubernetes, Cloud Computing","SQL, Java",0.01018833,0.556626506,0.992030492,-0.026419089,0.008707758,6.881348294,2.07299455
2690,RDBMS,"SQL, Java, NoSQL",0.01018833,0.556626506,0.992030492,-0.026419089,0.009668434,19.59688318,2.1913718
2691,RDBMS,"SQL, Kubernetes, Docker",0.01018833,0.556626506,0.992030492,-0.026419089,0.009423825,13.32670831,2.161230366
2692,"Kubernetes, Cloud Computing","Java, AWS",0.01018833,0.556626506,0.992030492,-0.026419089,0.008700492,6.847744314,2.07209926
2693,"Java, Hadoop",Kafka,0.010585278,0.556844548,0.991733033,-0.027433511,0.009892746,15.28491093,2.174336336
2694,"Scala, Spark",SQL,0.011864332,0.556935818,0.990758335,-0.03074141,0.007290505,2.59396175,1.772418798
2695,"SQL, AWS, GCP",Go,0.010541172,0.557109557,0.991775604,-0.027301195,0.00934196,8.79008002,2.114790836
2696,"SQL, AWS, Agile",NoSQL,0.016098443,0.557251908,0.987568587,-0.041679531,0.014676483,11.32130154,2.147447899
2697,"SQL, Communication",Python,0.023816875,0.557275542,0.981854327,-0.061659242,0.011016003,1.860566685,1.582204767
2698,"Java, Kubernetes","Python, AWS",0.030035725,0.557283142,0.97735928,-0.077757685,0.024489877,5.415893994,2.026356722
2699,"Python, TypeScript",HTML/CSS,0.012217175,0.557344064,0.990504963,-0.031623517,0.011835287,31.9915493,2.219733925
2700,"Python, TypeScript","SQL, HTML/CSS",0.012217175,0.557344064,0.990504963,-0.031623517,0.011897163,38.1772265,2.226110752
2701,"Python, TypeScript","Java, Docker",0.012217175,0.557344064,0.990504963,-0.031623517,0.011054109,10.50429092,2.139226473
2702,"Python, MySQL",AWS,0.011114542,0.557522124,0.991351351,-0.028756671,0.007799707,3.352970588,1.884213823
2703,"Kubernetes, NoSQL","SQL, Agile",0.012393596,0.557539683,0.990378392,-0.03206457,0.011435725,12.93868702,2.162700385
2704,"Python, Data Visualization",R,0.01640718,0.557721139,0.987360754,-0.042429321,0.015258892,14.28837446,2.172762197
2705,"Docker, NoSQL","SQL, Go",0.011908437,0.55785124,0.990758734,-0.030785516,0.011204184,16.90930636,2.187067577
2706,"Docker, NoSQL","Java, Agile",0.011908437,0.55785124,0.990758734,-0.030785516,0.01083511,11.09487821,2.147964704
2707,"Docker, NoSQL","Kubernetes, Go",0.011908437,0.55785124,0.990758734,-0.030785516,0.011168406,16.09180809,2.183276993
2708,"Docker, TypeScript",HTML/CSS,0.010541172,0.558411215,0.991818536,-0.027212985,0.010212303,32.05280374,2.225098169
2709,"Java, Docker","Python, AWS",0.029638777,0.558603491,0.977760094,-0.076478631,0.024179158,5.428725657,2.03241816
2710,"Python, Go",SQL,0.030873726,0.558659218,0.976887068,-0.079654214,0.019008291,2.601988588,1.77933995
2711,"SQL, Hadoop",Java,0.012173069,0.558704453,0.990590063,-0.03140299,0.008407035,3.232331226,1.874370235
2712,Docker,"Python, Kubernetes",0.055528602,0.558810475,0.960121961,-0.143209985,0.04864774,8.070006304,2.109648097
2713,"SQL, Software Engineering",Docker,0.012746438,0.558994197,0.990168176,-0.032858466,0.010480575,5.625421853,2.042219627
2714,"AWS, Microservices",Docker,0.011687911,0.55907173,0.990970752,-0.030123936,0.009610504,5.626202101,2.042578731
2715,"Java, TypeScript","Docker, JavaScript",0.013716756,0.559352518,0.989452839,-0.035328364,0.013054831,20.72254843,2.208131401
2716,"Python, AWS, Software Engineering",Go,0.011070436,0.560267857,0.991479607,-0.028447934,0.009818112,8.839911708,2.129979956
2717,Cloud Computing,AWS,0.030035725,0.560493827,0.97764568,-0.077140211,0.021125275,3.370842584,1.896953858
2718,"Docker, Linux","Python, Kubernetes",0.010011908,0.560493827,0.992287027,-0.025713404,0.008775002,8.09431627,2.117728259
2719,"Java, Kafka",Spark,0.012658228,0.560546875,0.99029545,-0.032505623,0.01170308,13.25263743,2.17930637
2720,"AWS, Microsoft Azure",JavaScript,0.010408856,0.560570071,0.991989261,-0.026727826,0.008874939,6.785800975,2.087683767
2721,"Docker, Terraform",Ansible,0.01018833,0.560679612,0.992159411,-0.026154457,0.009413323,13.14611048,2.179161672
2722,"JavaScript, TypeScript","SQL, Java",0.016671812,0.560830861,0.987321712,-0.042782164,0.014267221,6.933325028,2.092840216
2723,"SQL, Java, AWS",Go,0.026551405,0.561043802,0.98016508,-0.06809862,0.023551976,8.852154581,2.133745133
2724,"Java, TypeScript","JavaScript, HTML/CSS",0.013760861,0.561151079,0.989495889,-0.035284259,0.013363923,34.66751612,2.241804182
2725,RDBMS,"AWS, Docker",0.01027654,0.561445783,0.992117117,-0.026330878,0.009172166,9.305307194,2.142640251
2726,RDBMS,"Python, SQL, AWS",0.01027654,0.561445783,0.992117117,-0.026330878,0.009218989,9.717297894,2.148473301
2727,"Kubernetes, Cloud Computing","Python, Java",0.01027654,0.561445783,0.992117117,-0.026330878,0.008299485,5.197901283,2.033924264
2728,RDBMS,"SQL, Java, Docker",0.01027654,0.561445783,0.992117117,-0.026330878,0.009624249,15.75453,2.198959357
2729,"Kubernetes, NoSQL","Docker, Agile",0.012481807,0.561507937,0.990464685,-0.03197636,0.011887671,21.00836542,2.21958903
2730,"Python, AWS",SQL,0.057777974,0.561508787,0.959089818,-0.148017466,0.035685348,2.615260626,1.790903128
2731,"AWS, GCP",Java,0.020685397,0.561676647,0.984430832,-0.052970494,0.014319732,3.249526566,1.887080008
2732,Critical Thinking,Problem Solving,0.011643805,0.561702128,0.99109882,-0.029815199,0.009906671,6.702880179,2.090358962
2733,"SQL, Spark","Python, Hadoop",0.015039915,0.561779242,0.988573883,-0.038503947,0.014312552,20.67730643,2.21995673
2734,"Java, Jenkins",Python,0.01301107,0.561904762,0.990085352,-0.033299519,0.006075614,1.876022186,1.598923447
2735,"Spark, Kafka",AWS,0.01018833,0.562043796,0.992202391,-0.026066246,0.007174177,3.380164185,1.903667358
2736,"Java, Bachelor's Degree",SQL,0.010364751,0.562200957,0.992074834,-0.026507299,0.006406449,2.618484449,1.793734586
2737,"SQL, Teamwork",Python,0.011952543,0.562240664,0.990887497,-0.030564989,0.005585133,1.877143657,1.600150334
2738,"Python, Java, Spark",Kafka,0.011511489,0.5625,0.991226175,-0.029418251,0.010765934,15.44014831,2.202443435
2739,"SQL, JavaScript","Python, Java",0.020332554,0.562881563,0.98476077,-0.051911966,0.016430847,5.211193824,2.040604987
2740,"Python, Spark, Hadoop",Kafka,0.012393596,0.563126253,0.990592094,-0.031623517,0.011591802,15.45733841,2.205600607
2741,"SQL, Java, JavaScript",Kubernetes,0.015877916,0.563380282,0.988031915,-0.040488687,0.01286356,5.267431392,2.045360191
2742,"AWS, TypeScript",Kubernetes,0.014069598,0.56360424,0.989371315,-0.035857628,0.011399605,5.269525336,2.046409871
2743,"SQL, GCP",Docker,0.011687911,0.563829787,0.99114203,-0.029771093,0.009628035,5.674084672,2.064860643
2744,RDBMS,"SQL, Kubernetes",0.010320646,0.563855422,0.99216043,-0.026286773,0.00946411,12.04928744,2.185523561
2745,"Docker, NoSQL",Go,0.012040753,0.564049587,0.990888284,-0.0306532,0.010687796,8.899579875,2.148456847
2746,Data Warehousing,Python,0.016671812,0.564179104,0.987490897,-0.042429321,0.007820849,1.883615496,1.60726747
2747,Scala,"SQL, Java",0.026683721,0.564365672,0.980332702,-0.067878093,0.022859208,6.977024467,2.109821878
2748,"Python, AWS, Docker",Go,0.023684559,0.56466877,0.982475449,-0.060203767,0.021026165,8.90934935,2.151512653
2749,"Python, Software Engineering",Java,0.021743924,0.564719359,0.983861378,-0.05526397,0.015088565,3.267129884,1.900271132
2750,"Java, TypeScript","SQL, AWS",0.013849072,0.564748201,0.989581988,-0.035196048,0.012119632,8.007839882,2.135489367
2751,"Java, TypeScript","SQL, Go",0.013849072,0.564748201,0.989581988,-0.035196048,0.013040053,17.1183636,2.221723658
2752,"Python, Microservices",Kubernetes,0.01018833,0.564792176,0.992288363,-0.025889825,0.008258953,5.280632168,2.051995716
2753,"SQL, Software Engineering",Kubernetes,0.012878754,0.564796905,0.990297542,-0.03272615,0.010439909,5.280676384,2.052018015
2754,"Python, AWS, Kubernetes",Go,0.024787192,0.564824121,0.981705256,-0.062982402,0.022005802,8.911800478,2.152280709
2755,"Python, Docker, Agile",NoSQL,0.011335068,0.564835165,0.991438948,-0.028800776,0.010347294,11.47536532,2.184869691
2756,"Python, Azure, GCP",SQL,0.01093812,0.564920273,0.991735895,-0.027786354,0.006780957,2.631149827,1.804945708
2757,"SQL, Agile","Python, Java",0.024346139,0.564994882,0.982029598,-0.061835664,0.019691721,5.230759072,2.050518549
2758,"Docker, Software Engineering","Python, AWS",0.011687911,0.565031983,0.991184859,-0.029682883,0.009559431,5.491200235,2.062455733
2759,"Docker, Software Engineering","Java, AWS",0.011687911,0.565031983,0.991184859,-0.029682883,0.010006475,6.951150379,2.112141244
2760,"Scala, Spark","Python, AWS",0.012040753,0.565217391,0.990931076,-0.030564989,0.009848736,5.493002106,2.063335245
2761,Teamwork,Communication,0.059895029,0.565362198,0.958364905,-0.151986945,0.040279616,3.053467632,1.874769862
2762,NoSQL,"Python, Java",0.027830459,0.565412186,0.979612426,-0.070612623,0.022513847,5.2346225,2.052487518
2763,"AWS, Kubernetes","Java, Docker",0.035328364,0.565677966,0.974469675,-0.089577912,0.032014682,10.66136037,2.180274593
2764,"Java, AWS, Cloud Computing",Software Engineering,0.010629383,0.5657277,0.991990995,-0.026948353,0.008971176,6.410166982,2.099478246
2765,"SQL, Data Visualization",Tableau,0.01971508,0.565822785,0.985381239,-0.049971332,0.017917058,10.96487179,2.18435408
2766,"Python, Kafka",AWS,0.014157809,0.566137566,0.989414802,-0.035857628,0.009999599,3.40478436,1.921629681
2767,Power BI,Tableau,0.019626869,0.566157761,0.985464001,-0.0497067,0.017837951,10.97136317,2.186040652
2768,"Python, Microsoft Azure","SQL, Java",0.010364751,0.56626506,0.992203742,-0.026242667,0.008884179,7.00050584,2.119061096
2769,"SQL, AWS, Scala",Kubernetes,0.011864332,0.566315789,0.991100743,-0.030035725,0.009623613,5.294877482,2.05920476
2770,"Python, Terraform",Ansible,0.016760023,0.566318927,0.98753427,-0.042429321,0.015497815,13.27833406,2.207498117
2771,"SQL, Cloud Computing","Python, AWS",0.014863494,0.566386555,0.98891181,-0.037621841,0.012163183,5.504364489,2.06889867
2772,"Kubernetes, Jenkins",AWS,0.012040753,0.566390041,0.990973872,-0.030476779,0.008505908,3.406302761,1.922748576
2773,"Java, Software Engineering",AWS,0.020112028,0.566459627,0.98513502,-0.050897543,0.014208396,3.406721255,1.923057189
2774,"Java, TypeScript","Kubernetes, Docker",0.013893177,0.566546763,0.989625038,-0.035151943,0.011905241,6.988745782,2.120031265
2775,"SQL, DevOps",Java,0.011070436,0.566591422,0.991694065,-0.02800688,0.007693203,3.277960529,1.908479157
2776,"Tableau, R",Data Visualization,0.011070436,0.566591422,0.991694065,-0.02800688,0.010089755,11.28851258,2.191484411
2777,"AWS, JavaScript, TypeScript",HTML/CSS,0.011820227,0.566596195,0.991143178,-0.029903409,0.01145678,32.52262156,2.267119912
2778,"SQL, TypeScript","Go, HTML/CSS",0.011423279,0.566739606,0.991439689,-0.028888987,0.01116636,44.46258509,2.278660998
2779,"Kubernetes, Docker, Agile",Go,0.013099281,0.566793893,0.990214252,-0.033123098,0.011634509,8.942879568,2.162067051
2780,"Kubernetes, Docker",Java,0.045957747,0.566920566,0.967524785,-0.116173422,0.031945661,3.279864759,1.909929615
2781,"Software Engineering, Cloud Computing","Java, AWS",0.010629383,0.567058824,0.992033942,-0.026860142,0.009105694,6.976085028,2.122029363
2782,"AWS, Docker",SQL,0.034225731,0.567251462,0.9753754,-0.086446434,0.02127129,2.642007477,1.814668835
2783,"Python, Kubernetes",SQL,0.039297843,0.567515924,0.971991915,-0.099192873,0.024430538,2.643239222,1.815778494
2784,"Python, Tableau",R,0.018656552,0.567785235,0.986249893,-0.04706038,0.01737398,14.54620862,2.223354837
2785,"SQL, Agile","Python, AWS",0.024478455,0.568065507,0.982156448,-0.061703348,0.020044499,5.520681197,2.076940587
2786,Hadoop,"Python, SQL",0.018744762,0.568181818,0.986208958,-0.047236801,0.014316987,4.233449347,2.00498158
2787,"Java, Hadoop",Hive,0.010805804,0.568445476,0.991949446,-0.027212985,0.010449478,30.32556299,2.273768857
2788,"Java, Hadoop","Python, SQL",0.010805804,0.568445476,0.991949446,-0.027212985,0.008254506,4.235413825,2.00620652
2789,Microsoft Azure,"Java, AWS",0.0157456,0.568471338,0.988369598,-0.039650686,0.013494126,6.993462093,2.128975358
2790,"Communication, Java",Python,0.012437701,0.568548387,0.99076352,-0.03131478,0.005885346,1.898203148,1.623544164
2791,RDBMS,"SQL, Docker",0.010408856,0.568674699,0.992247055,-0.026198562,0.009559586,12.25623712,2.210863117
2792,RDBMS,"Java, Kubernetes, Docker",0.010408856,0.568674699,0.992247055,-0.026198562,0.009567659,12.37385935,2.21188567
2793,"JavaScript, Go","TypeScript, HTML/CSS",0.011114542,0.568848758,0.991737325,-0.027962775,0.010820682,37.82260381,2.284488573
2794,"AWS, TypeScript","Python, Java",0.014201914,0.568904594,0.989500409,-0.035725312,0.011505496,5.266955431,2.069115211
2795,"SQL, TypeScript","AWS, Kubernetes",0.011467384,0.56892779,0.991482923,-0.028844882,0.01020857,9.109674987,2.174918355
2796,"AWS, Node.js",SQL,0.010541172,0.569047619,0.992162127,-0.026507299,0.006563932,2.650373185,1.822232153
2797,"Python, Spark, Hadoop",AWS,0.012525912,0.569138277,0.990721561,-0.031491201,0.008866394,3.422830808,1.935012755
2798,"Spark, Kafka","Python, Snowflake",0.010320646,0.569343066,0.992332351,-0.02593393,0.009904101,24.77680485,2.268676175
2799,Hive,Kafka,0.010673488,0.569411765,0.992077236,-0.026816037,0.009990598,15.62987039,2.237796864
2800,"Software Engineering, Cloud Computing",SQL,0.010673488,0.569411765,0.992077236,-0.026816037,0.006648899,2.652069216,1.823773203
2801,"Python, Kubernetes",Java,0.039430159,0.569426752,0.972115662,-0.099060557,0.027461185,3.294364057,1.921046512
2802,"SQL, NoSQL","Python, AWS",0.022493715,0.569832402,0.983664291,-0.056454814,0.018431903,5.537852574,2.085471535
2803,"Kubernetes, JavaScript","Java, AWS",0.014201914,0.569911504,0.98954299,-0.035637101,0.012176304,7.011179349,2.136104309
2804,"Docker, JavaScript","Python, Java",0.015392758,0.570261438,0.988705175,-0.038592158,0.012477196,5.279517183,2.075648176
2805,"Docker, JavaScript","Kubernetes, TypeScript",0.015392758,0.570261438,0.988705175,-0.038592158,0.014896315,31.00608533,2.28419827
2806,"Java, Spark",AWS,0.013055176,0.570327553,0.990384615,-0.03272615,0.009248983,3.429983185,1.940368614
2807,"Java, Azure",GCP,0.013760861,0.570383912,0.989879414,-0.034490363,0.01274042,13.48520797,2.229206545
2808,"Kubernetes, Jenkins","Python, Docker",0.012128964,0.570539419,0.991060246,-0.030388568,0.01074503,8.76411941,2.176918171
2809,"Kubernetes, TypeScript",HTML/CSS,0.010497067,0.570743405,0.992247726,-0.026286773,0.01017665,32.76067146,2.289023417
2810,"Kubernetes, TypeScript","Docker, HTML/CSS",0.010497067,0.570743405,0.992247726,-0.026286773,0.010281293,48.64836552,2.302277929
2811,"Python, Spark, Hadoop",Scala,0.012570017,0.571142285,0.990764716,-0.031447096,0.011529433,12.07976588,2.221527231
2812,TypeScript,Python,0.021920346,0.571264368,0.98415665,-0.054822917,0.010427303,1.907270949,1.633829091
2813,"Python, Problem Solving",SQL,0.011996648,0.571428571,0.991187524,-0.02999162,0.007489108,2.661462613,1.832355665
2814,"SQL, Java, NoSQL",Agile,0.016230759,0.571428571,0.988163143,-0.040576898,0.013470929,5.881071266,2.106617269
2815,"AWS, Agile","Python, Java",0.027080669,0.5716946,0.980629132,-0.067657566,0.021964144,5.292785487,2.082593546
2816,"Java, TypeScript",HTML/CSS,0.014025493,0.571942446,0.989754187,-0.035019627,0.013598271,32.8294964,2.295435247
2817,"Python, Tableau, R",Data Visualization,0.010673488,0.572104019,0.992163145,-0.026639615,0.009737081,11.39834308,2.21971737
2818,C++,Python,0.035813523,0.572233968,0.974804914,-0.089357385,0.017067974,1.910508135,1.637532424
2819,"SQL, GCP","AWS, Azure",0.011864332,0.572340426,0.991314868,-0.029594672,0.01076628,10.80489131,2.214447105
2820,"Docker, TypeScript","Java, Go",0.010805804,0.572429907,0.992078265,-0.026948353,0.010062311,14.53382225,2.246681797
2821,Spark,Hadoop,0.024213823,0.572471324,0.982650643,-0.060380188,0.022818411,17.35246302,2.261858147
2822,"SQL, Software Engineering","Python, AWS",0.013055176,0.572533849,0.99047003,-0.032549729,0.010708855,5.564106284,2.098651036
2823,"SQL, AWS, Scala",Docker,0.011996648,0.572631579,0.991230344,-0.029903409,0.009914858,5.762661247,2.10738712
2824,"Python, Java",SQL,0.061879769,0.572886893,0.958363188,-0.154148106,0.038688667,2.668254831,1.838612001
2825,"JavaScript, Go","AWS, Kubernetes",0.011202752,0.573363431,0.991823845,-0.027874564,0.009982502,9.180698499,2.197530475
2826,"JavaScript, Go","AWS, Docker",0.011202752,0.573363431,0.991823845,-0.027874564,0.010023866,9.502828271,2.202492674
2827,"Python, Java, JavaScript",Go,0.016363075,0.573415765,0.988164666,-0.040709214,0.014554473,9.047359528,2.195628843
2828,RDBMS,"Python, AWS, NoSQL",0.010497067,0.573493976,0.99233368,-0.026110352,0.010011885,21.63532266,2.282482886
2829,"Spark, Hadoop",Scala,0.013893177,0.573770492,0.989923349,-0.034534468,0.012748325,12.13535295,2.235225565
2830,"Java, Microservices",AWS,0.015084021,0.573825503,0.989084189,-0.037489525,0.010713133,3.451020063,1.95629475
2831,"AWS, Microservices",Python,0.011996648,0.573839662,0.991273167,-0.029815199,0.005734921,1.915869042,1.643702349
2832,"Linux, C++",Python,0.011908437,0.574468085,0.991358078,-0.029550567,0.005699552,1.917967147,1.646129758
2833,"Python, Microservices",SQL,0.010364751,0.574572127,0.992461658,-0.025713404,0.006491676,2.676103911,1.845895239
2834,HTML/CSS,"Python, AWS",0.010011908,0.574683544,0.992717184,-0.024831297,0.008219265,5.584997857,2.109258337
2835,HTML/CSS,"SQL, Kubernetes, TypeScript",0.010011908,0.574683544,0.992717184,-0.024831297,0.009765257,40.59127726,2.317902771
2836,HTML/CSS,"SQL, Docker, TypeScript",0.010011908,0.574683544,0.992717184,-0.024831297,0.00976372,40.33993808,2.317695371
2837,"AWS, Jenkins",Kubernetes,0.012040753,0.574736842,0.991273544,-0.029859304,0.009800034,5.37361172,2.099981091
2838,"Python, Jenkins",Docker,0.015525074,0.575163399,0.988834013,-0.038459842,0.012842852,5.788140141,2.119946124
2839,"Java, Kubernetes","Python, SQL",0.031006042,0.575286416,0.978279975,-0.076787368,0.023772431,4.286384786,2.038520859
2840,"Spark, Hadoop","Python, Java",0.013937282,0.575591985,0.989966411,-0.034490363,0.011321852,5.328867736,2.101718234
2841,"JavaScript, Go","Python, HTML/CSS",0.011246857,0.575620767,0.991867105,-0.027830459,0.010995224,44.69537555,2.326035701
2842,"Agile, Software Engineering",Python,0.011864332,0.576017131,0.991443388,-0.02933004,0.005695078,1.92313892,1.652143987
2843,Hadoop,Java,0.019009394,0.576203209,0.986465138,-0.04697217,0.013306979,3.333568601,1.951763802
2844,"Kubernetes, Terraform",AWS,0.013319808,0.576335878,0.990429797,-0.032902571,0.009476947,3.466117602,1.967886556
2845,Hive,"Python, SQL",0.010805804,0.576470588,0.992207117,-0.026683721,0.008290023,4.295207902,2.044220487
2846,Hive,"Java, Hadoop",0.010805804,0.576470588,0.992207117,-0.026683721,0.010449478,30.32556299,2.316227819
2847,"Python, SQL, Hadoop",Java,0.010805804,0.576470588,0.992207117,-0.026683721,0.007565795,3.335115501,1.952995977
2848,Spark,"Python, SQL",0.024390244,0.576642336,0.982819905,-0.060203767,0.018713457,4.296487571,2.045049786
2849,"Spark, Kafka",Snowflake,0.010452962,0.576642336,0.992462312,-0.025801614,0.009919689,19.60151676,2.292581028
2850,"Spark, Kafka","Python, SQL",0.010452962,0.576642336,0.992462312,-0.025801614,0.008020053,4.296487571,2.045049786
2851,"Spark, Kafka","Python, Scala",0.010452962,0.576642336,0.992462312,-0.025801614,0.009681435,13.54840588,2.261535443
2852,"SQL, Tableau, R",Data Visualization,0.010100119,0.576826196,0.992717815,-0.024919508,0.009221269,11.49242562,2.244487097
2853,"SQL, AWS, Scala",Go,0.012084859,0.576842105,0.991316744,-0.029815199,0.010757059,9.101420357,2.213407009
2854,Open Source RDBMS,"Python, AWS, Kubernetes",0.010408856,0.577017115,0.992504982,-0.025669298,0.009617215,13.1484513,2.260411087
2855,NoSQL,"SQL, Java",0.028403828,0.577060932,0.980158897,-0.070039254,0.024422339,7.133970834,2.173151894
2856,"AWS, Cloud Computing",SQL,0.017333392,0.577092511,0.987668065,-0.042738058,0.01088458,2.687842749,1.856896143
2857,"Python, GCP","Java, AWS",0.017818551,0.577142857,0.987335815,-0.043928902,0.015308946,7.100141074,2.172634196
2858,"SQL, AWS","Python, Java",0.040709214,0.577235772,0.972148978,-0.100339611,0.033091594,5.344086022,2.10989011
2859,"Kubernetes, GCP",Azure,0.010673488,0.577565632,0.992335008,-0.026286773,0.009309873,7.827343446,2.192557862
2860,"Kubernetes, GCP","Python, SQL",0.010673488,0.577565632,0.992335008,-0.026286773,0.008193224,4.303366935,2.049519563
2861,"SQL, TypeScript","AWS, Docker",0.011643805,0.577680525,0.991655858,-0.02866846,0.010427663,9.574379055,2.225007307
2862,"SQL, TypeScript","Kubernetes, Go",0.011643805,0.577680525,0.991655858,-0.02866846,0.010945057,16.66380477,2.285789013
2863,"SQL, TypeScript","Docker, Go",0.011643805,0.577680525,0.991655858,-0.02866846,0.011008176,18.31853223,2.293203964
2864,"SQL, Business Intelligence",Python,0.012614123,0.577777778,0.990978936,-0.031050148,0.006074978,1.929017163,1.659033351
2865,"Python, Java, JavaScript",TypeScript,0.016495391,0.57805255,0.98829331,-0.040576898,0.015400413,15.064581,2.279024009
2866,"Python, AWS",Java,0.059498081,0.578225461,0.960649444,-0.146297358,0.041712338,3.345268148,1.961121785
2867,RDBMS,"Java, Kubernetes",0.010585278,0.578313253,0.992420305,-0.026022141,0.009598768,10.73002978,2.243616384
2868,RDBMS,"SQL, Java, AWS",0.010585278,0.578313253,0.992420305,-0.026022141,0.009719054,12.22003391,2.259200686
2869,Collaboration,Communication,0.046619327,0.578544061,0.968571429,-0.114541525,0.031699527,3.124661625,1.933406976
2870,"Java, TypeScript","Python, AWS",0.014201914,0.579136691,0.989926385,-0.034843206,0.011678599,5.628275262,2.131576358
2871,"Python, Kubernetes, Agile",NoSQL,0.011202752,0.579908676,0.992038423,-0.027433511,0.010251884,11.78160341,2.263266114
2872,"AWS, Docker, Agile",NoSQL,0.012481807,0.579918033,0.991148914,-0.030564989,0.011422392,11.78179351,2.263316527
2873,"DevOps, Jenkins",Python,0.010717594,0.579952267,0.992378313,-0.026242667,0.005182439,1.936277096,1.667621781
2874,"Kubernetes, GCP","Java, AWS",0.010717594,0.579952267,0.992378313,-0.026242667,0.009215416,7.134703069,2.187165451
2875,"Java, Spark",SQL,0.013275702,0.579961464,0.990600207,-0.032505623,0.008360969,2.70120507,1.869579142
2876,"Docker, JavaScript","SQL, Java",0.01565739,0.580065359,0.988962852,-0.038327526,0.013473993,7.171113356,2.188699736
2877,"Agile, NoSQL",Kubernetes,0.013099281,0.580078125,0.990726763,-0.03206457,0.010684022,5.423551063,2.126692234
2878,TypeScript,"Java, JavaScript",0.022273188,0.58045977,0.984496453,-0.054470075,0.020416633,11.99705047,2.268236494
2879,RDBMS,Agile,0.010629383,0.580722892,0.992463617,-0.025978036,0.008850921,5.976727245,2.153315681
2880,"Data Analysis, Tableau","Python, SQL",0.011070436,0.581018519,0.992166198,-0.027036563,0.008513218,4.329093944,2.066409946
2881,"Java, AWS, Software Engineering",Docker,0.011687911,0.581140351,0.991741969,-0.028536144,0.009689393,5.848289026,2.150196869
2882,"Scala, Spark",AWS,0.012393596,0.581780538,0.991276559,-0.030212147,0.008851417,3.498862107,1.993505819
2883,"Java, Docker","Python, SQL",0.030873726,0.581878637,0.97893282,-0.075243682,0.023752585,4.335502573,2.070660762
2884,Cloud computing,Java,0.015348653,0.581939799,0.989257015,-0.037401314,0.010789769,3.366757099,1.978545759
2885,"AWS, Microsoft Azure","Python, SQL",0.010805804,0.581947743,0.992378973,-0.026330878,0.008313701,4.336017479,2.071003055
2886,"Python, SQL, Data Visualization",Data Analysis,0.014246019,0.581981982,0.990012054,-0.03471089,0.012133183,6.742604741,2.185757174
2887,"Agile, NoSQL",Docker,0.013143386,0.58203125,0.990769894,-0.032020465,0.010899436,5.857254563,2.154780007
2888,"AWS, Spark","Python, Scala",0.012040753,0.582089552,0.991530551,-0.02933004,0.011160349,13.67639007,2.291013225
2889,"Java, AWS",SQL,0.047325012,0.58220293,0.96859194,-0.11524721,0.029872501,2.71164483,1.879609364
2890,HTML/CSS,"SQL, Java, Kubernetes",0.010144224,0.582278481,0.992847234,-0.024698981,0.009517222,16.17892157,2.307781649
2891,HTML/CSS,"SQL, Java, Docker",0.010144224,0.582278481,0.992847234,-0.024698981,0.009523369,16.33910891,2.308626333
2892,"Kubernetes, GCP","SQL, Docker",0.010761699,0.582338902,0.992421618,-0.026198562,0.009904243,12.55073187,2.283193729
2893,"Java, JavaScript",SQL,0.028183302,0.582497721,0.980732015,-0.068583778,0.017795128,2.713017837,1.880936524
2894,Adaptability,Communication,0.015392758,0.58263773,0.989257477,-0.03744542,0.010501154,3.146771139,1.952370661
2895,"AWS, TypeScript",Docker,0.014554757,0.583038869,0.989844658,-0.035372469,0.01207414,5.86739471,2.159987202
2896,"Python, SQL, GCP",Kubernetes,0.010673488,0.58313253,0.99250693,-0.02593393,0.008715808,5.452108806,2.142274596
2897,"Python, SQL, GCP",Go,0.010673488,0.58313253,0.99250693,-0.02593393,0.009513411,9.200670741,2.246806762
2898,"Python, Java, NoSQL",Agile,0.016230759,0.583201268,0.988714384,-0.039430159,0.01352664,6.002234383,2.166119766
2899,C/C++,Python,0.011732016,0.583333333,0.991785205,-0.028492039,0.005708077,1.947565405,1.681153795
2900,"SQL, AWS, Azure",GCP,0.011864332,0.5835141,0.991700527,-0.028800776,0.011004326,13.79563627,2.299484795
2901,Kubernetes,AWS,0.062453138,0.583917526,0.959797593,-0.151457681,0.044668906,3.511714075,2.003744406
2902,GCP,"AWS, Azure",0.024698981,0.583941606,0.983116114,-0.059895029,0.022458488,11.02390344,2.276193726
2903,"Python, AWS, NoSQL",Docker,0.015480969,0.584026622,0.9892584,-0.03753363,0.012846957,5.877334934,2.165116218
2904,"Python, Java, Spark",SQL,0.011952543,0.584051724,0.991658383,-0.028977198,0.007558639,2.720255699,1.887963794
2905,"Python, Scala","SQL, Java",0.024875402,0.584455959,0.98303579,-0.060247872,0.021432627,7.225392556,2.21182533
2906,"Docker, NoSQL","SQL, Agile",0.012481807,0.584710744,0.991320119,-0.030212147,0.011561946,13.5692392,2.304199024
2907,"Docker, NoSQL","AWS, Agile",0.012481807,0.584710744,0.991320119,-0.030212147,0.011470619,12.34371201,2.29389725
2908,"Docker, NoSQL","Kubernetes, Agile",0.012481807,0.584710744,0.991320119,-0.030212147,0.011915014,22.02183836,2.344025473
2909,"AWS, Kafka",Spark,0.01018833,0.584810127,0.992890584,-0.024654876,0.009451448,13.82627737,2.306662701
2910,HTML/CSS,"Kubernetes, JavaScript, TypeScript",0.01018833,0.584810127,0.992890584,-0.024654876,0.009914016,37.14117647,2.370612731
2911,"SQL, JavaScript",AWS,0.02112645,0.584859585,0.985526988,-0.05111807,0.015120146,3.517379673,2.008291412
2912,"SQL, Java",AWS,0.047325012,0.585059978,0.968947648,-0.114453315,0.033874999,3.51858485,2.009261307
2913,"SQL, AWS, GCP",Kubernetes,0.011070436,0.585081585,0.992295039,-0.026771931,0.009046713,5.470331867,2.152337805
2914,"Kubernetes, TypeScript","Java, Go",0.010761699,0.585131894,0.992507579,-0.026022141,0.010037314,14.85632189,2.315468298
2915,"Java, AWS, TypeScript",HTML/CSS,0.011202752,0.585253456,0.992210153,-0.027080669,0.010869273,33.59354839,2.369105691
2916,Data visualization,Python,0.013319808,0.585271318,0.990771486,-0.032196886,0.006503245,1.954035722,1.689009654
2917,"Python, Docker","AWS, Kubernetes",0.038107,0.585365854,0.974657336,-0.092091915,0.034041334,9.372881356,2.261142432
2918,"SQL, Kubernetes, JavaScript",HTML/CSS,0.010585278,0.585365854,0.992635273,-0.025581088,0.01027024,33.6,2.369747899
2919,"AWS, Docker","Java, Kubernetes",0.035328364,0.585526316,0.976415291,-0.085343801,0.032076448,10.86386101,2.282661917
2920,RDBMS,"Java, Docker",0.010717594,0.585542169,0.992550243,-0.025889825,0.009746423,11.03574197,2.28477115
2921,RDBMS,"Kubernetes, Docker",0.010717594,0.585542169,0.992550243,-0.025889825,0.009233793,7.223067242,2.217196409
2922,"Kubernetes, Cloud Computing","SQL, Docker",0.010717594,0.585542169,0.992550243,-0.025889825,0.009868323,12.61976957,2.300840104
2923,"Python, SQL, Data Visualization",Tableau,0.01433423,0.585585586,0.990098157,-0.034622679,0.013071063,11.34784785,2.288522644
2924,JavaScript,Java,0.04838354,0.585691404,0.968385888,-0.116835002,0.03410463,3.38846165,1.996461685
2925,"SQL, Business Intelligence",Data Visualization,0.012790544,0.585858586,0.991151588,-0.030873726,0.011694748,11.67238288,2.293439172
2926,Hive,"Python, Java",0.010982226,0.585882353,0.992380293,-0.026507299,0.00895753,5.424136622,2.153943617
2927,Data Visualization,Python,0.029418251,0.586115993,0.980219226,-0.070965466,0.014384823,1.956855825,1.692456669
2928,Data Visualization,Data Analysis,0.029418251,0.586115993,0.980219226,-0.070965466,0.025085985,6.790499698,2.207589243
2929,"SQL, AWS, Agile",Kubernetes,0.016936444,0.586259542,0.988383059,-0.04084153,0.013846611,5.4813454,2.158465708
2930,"Kubernetes, Docker, JavaScript",Go,0.013187492,0.58627451,0.990898503,-0.031799938,0.011761855,9.250244927,2.263869818
2931,"Java, TypeScript",Kubernetes,0.014378335,0.586330935,0.990098584,-0.034666784,0.011755515,5.482012905,2.158838227
2932,"Docker, Software Engineering","SQL, Kubernetes",0.012128964,0.586353945,0.991616973,-0.029241829,0.011160975,12.53006879,2.304395846
2933,"AWS, TypeScript","Python, JavaScript",0.014642967,0.586572438,0.98993072,-0.035284259,0.01366085,14.90959293,2.323642979
2934,"JavaScript, Go","Kubernetes, TypeScript",0.011467384,0.586907449,0.992083405,-0.027609933,0.011108031,31.9111573,2.376242511
2935,"SQL, Java, NoSQL",Docker,0.016671812,0.586956522,0.988592014,-0.040135844,0.013849344,5.906819892,2.180474341
2936,"AWS, NoSQL",Docker,0.018436025,0.587078652,0.987427838,-0.044369955,0.015315532,5.908048943,2.181119261
2937,"Kubernetes, Azure","Python, Docker",0.012481807,0.587136929,0.991405744,-0.030035725,0.011097872,9.019075611,2.26443247
2938,"Python, Kafka",SQL,0.014687073,0.587301587,0.989931153,-0.035328364,0.009317798,2.73539213,1.902830883
2939,"Java, Cloud Computing","Python, AWS",0.015128126,0.587328767,0.989637528,-0.036386892,0.012477737,5.707889043,2.173891003
2940,Go,AWS,0.037224893,0.587334725,0.975404397,-0.089533807,0.02668636,3.532265311,2.020337017
2941,HTML/CSS,"AWS, Go",0.010232435,0.587341772,0.992933934,-0.024610771,0.009583918,15.77819905,2.333105321
2942,"AWS, Kafka","Python, Java",0.010232435,0.587341772,0.992933934,-0.024610771,0.008350659,5.43764802,2.161561318
2943,HTML/CSS,"SQL, AWS, Go",0.010232435,0.587341772,0.992933934,-0.024610771,0.009745279,21.0044164,2.35555033
2944,HTML/CSS,"Docker, JavaScript, TypeScript",0.010232435,0.587341772,0.992933934,-0.024610771,0.009945059,35.60641711,2.38333939
2945,"Python, Bachelor's Degree",AWS,0.011643805,0.587973274,0.991998962,-0.027962775,0.008350972,3.536105581,2.023468085
2946,"AWS, Node.js",Docker,0.010894015,0.588095238,0.992508552,-0.026154457,0.009053275,5.918279331,2.186502292
2947,Hive,"Python, Scala",0.011026331,0.588235294,0.992423586,-0.026463194,0.010228523,13.82078635,2.325207453
2948,"Docker, JavaScript","AWS, Kubernetes",0.015877916,0.588235294,0.989177582,-0.038107,0.014192153,9.418826853,2.276899522
2949,"SQL, Docker, JavaScript",HTML/CSS,0.010541172,0.588669951,0.992763985,-0.02527235,0.010229208,33.78965517,2.388783409
2950,"JavaScript, Go","Docker, TypeScript",0.011511489,0.589164786,0.992126666,-0.027565827,0.011142657,31.21059155,2.38811788
2951,Open Source RDBMS,"Python, Java, Go",0.010629383,0.589242054,0.992721601,-0.025448772,0.010001639,16.93268072,2.349804571
2952,Open Source RDBMS,"Java, AWS, Kubernetes",0.010629383,0.589242054,0.992721601,-0.025448772,0.009928442,15.16445526,2.339926029
2953,"Kubernetes, NoSQL",Agile,0.013099281,0.589285714,0.991068732,-0.031358885,0.010939414,6.064854744,2.198209324
2954,"Python, Agile, NoSQL",Kubernetes,0.011202752,0.589327146,0.992338989,-0.026816037,0.009169595,5.510026551,2.174588805
2955,"Java, Docker, Agile",NoSQL,0.011908437,0.589519651,0.991872379,-0.028492039,0.01091415,11.97686294,2.316258161
2956,"Python, TypeScript","SQL, Kubernetes",0.01292286,0.589537223,0.991195511,-0.030917832,0.011897081,12.59809375,2.322267221
2957,"Python, TypeScript","SQL, Docker",0.01292286,0.589537223,0.991195511,-0.030917832,0.011905782,12.70587211,2.323234295
2958,"Python, TypeScript","Kubernetes, JavaScript",0.01292286,0.589537223,0.991195511,-0.030917832,0.012376616,23.65765923,2.375563748
2959,"SQL, Kafka","Python, Spark",0.010452962,0.589552239,0.992849404,-0.025007718,0.009791388,15.80013937,2.345455347
2960,"Python, NoSQL","Java, AWS",0.021743924,0.589712919,0.985409843,-0.052000176,0.018746739,7.254780795,2.2391977
2961,"Java, JavaScript",Python,0.028536144,0.589790337,0.981068574,-0.068230935,0.014044343,1.969123298,1.707616401
2962,"Python, Spark",Hadoop,0.022008556,0.589834515,0.985245971,-0.052617651,0.020777568,17.87876734,2.357607488
2963,HTML/CSS,"Java, Kubernetes, JavaScript",0.01027654,0.589873418,0.992977285,-0.024566665,0.009935377,30.12207207,2.390523508
2964,HTML/CSS,"Java, Docker, JavaScript",0.01027654,0.589873418,0.992977285,-0.024566665,0.009926157,29.32938596,2.389233019
2965,"Kubernetes, Software Engineering",SQL,0.012878754,0.58989899,0.991237914,-0.030785516,0.008191292,2.747489687,1.914882592
2966,"Java, AWS, Software Engineering",Kubernetes,0.011864332,0.589912281,0.991914912,-0.028359723,0.009713242,5.515497377,2.177691622
2967,"Scala, Spark","Python, Hadoop",0.012570017,0.590062112,0.9914493,-0.030035725,0.011991242,21.71830887,2.37311834
2968,"AWS, TypeScript","SQL, JavaScript",0.014731178,0.590106007,0.990016782,-0.035196048,0.013829436,16.33635348,2.351529314
2969,"AWS, Kubernetes, Agile",NoSQL,0.01226128,0.590233546,0.991660906,-0.029285935,0.011238771,11.99136665,2.320293545
2970,RDBMS,"SQL, NoSQL",0.010805804,0.590361446,0.992636868,-0.025801614,0.010083279,14.95560342,2.344812825
2971,"Python, Microsoft Azure","SQL, AWS",0.010805804,0.590361446,0.992636868,-0.025801614,0.009514946,8.371022552,2.269013935
2972,"AWS, Spark",SQL,0.012217175,0.590618337,0.991703396,-0.029153619,0.007775922,2.750840089,1.918247337
2973,"JavaScript, Go","Java, HTML/CSS",0.011555595,0.591422122,0.992169926,-0.027521722,0.011252256,38.09464139,2.409515979
2974,"Python, AWS, Software Engineering",Docker,0.011687911,0.591517857,0.992085117,-0.027830459,0.009724454,5.952722759,2.204822712
2975,"SQL, Java, JavaScript",TypeScript,0.016671812,0.591549296,0.988804049,-0.039694791,0.015590373,15.4163186,2.354331523
2976,"Kubernetes, Terraform",Ansible,0.01367265,0.591603053,0.990774669,-0.032549729,0.012686962,13.87116446,2.344165793
2977,Open Source RDBMS,"Python, AWS, Docker",0.010673488,0.591687042,0.992764925,-0.025404666,0.009916854,14.10654079,2.346376272
2978,"Java, TypeScript",Docker,0.014510651,0.591726619,0.990227733,-0.034534468,0.012073862,5.954823624,2.2059501
2979,"Data Visualization, R","SQL, Tableau",0.010100119,0.591731266,0.993148309,-0.024037401,0.009408275,14.59882807,2.350087401
2980,"SQL, Software Engineering","Java, AWS",0.013496229,0.591876209,0.990901251,-0.032108676,0.011642706,7.281394077,2.251066732
2981,"Agile, JavaScript","Java, AWS",0.012217175,0.591880342,0.991746251,-0.029065408,0.010539324,7.281444922,2.251089528
2982,"Java, GCP","AWS, Azure",0.013187492,0.592079208,0.991112262,-0.031358885,0.01200767,11.17752863,2.32160146
2983,"Java, Azure",SQL,0.014290125,0.592321755,0.99039621,-0.033961099,0.009110242,2.75877386,1.926262426
2984,"AWS, NoSQL",Kubernetes,0.018612447,0.592696629,0.987598888,-0.044193534,0.015253727,5.541530175,2.192578443
2985,RDBMS,"Python, SQL, Java",0.01084991,0.592771084,0.99268018,-0.025757509,0.00971728,9.579400424,2.303668023
2986,"Python, GCP",SQL,0.018303709,0.592857143,0.987806443,-0.043443744,0.011674975,2.761267461,1.928795437
2987,"Python, Go",AWS,0.032770255,0.592976856,0.978684277,-0.077757685,0.023581124,3.566197413,2.048342807
2988,"Kubernetes, Agile","Python, Java",0.0157456,0.593023256,0.989473684,-0.037357209,0.012877679,5.490247562,2.191737183
2989,"Python, Docker",Java,0.038636263,0.593495935,0.975154251,-0.091562652,0.027383903,3.433614017,2.034792043
2990,"Python, AWS, Software Engineering",Kubernetes,0.011732016,0.59375,0.992128368,-0.027786354,0.009618664,5.551378866,2.198263607
2991,"Python, Scala","Java, AWS",0.02527235,0.593782383,0.983416533,-0.059850924,0.02181268,7.304844264,2.261629854
2992,"AWS, Git",Python,0.012393596,0.594080338,0.99170483,-0.02933004,0.00614508,1.983446254,1.725663509
2993,"Docker, DevOps",AWS,0.012790544,0.594262295,0.991451146,-0.030256252,0.009211696,3.573928121,2.054832273
2994,"SQL, AWS, GCP",Docker,0.011246857,0.594405594,0.992468185,-0.02659551,0.009366673,5.981783419,2.220520534
2995,"Kubernetes, Docker, Jenkins",AWS,0.010541172,0.594527363,0.992936078,-0.024919508,0.007593023,3.575522256,2.056175571
2996,"Python, SQL, Data Visualization",R,0.014554757,0.594594595,0.990313415,-0.034402152,0.013599284,15.23304321,2.370384745
2997,"Python, AWS, DevOps",Kubernetes,0.010673488,0.594594595,0.992850953,-0.025228245,0.008753546,5.559275564,2.202843323
2998,"Docker, Terraform","Python, Kubernetes",0.010805804,0.594660194,0.992765865,-0.025536982,0.00954752,8.587726486,2.296233009
2999,"Kubernetes, JavaScript","Python, SQL",0.014819389,0.594690265,0.990145451,-0.035019627,0.011474879,4.430960365,2.136113266
3000,"JavaScript, Angular",React,0.011908437,0.594713656,0.992043931,-0.028139196,0.01097759,12.79311455,2.352689658
3001,"AWS, Microservices",Kubernetes,0.012437701,0.594936709,0.991705189,-0.029374145,0.0102017,5.562474227,2.204703833
3002,HTML/CSS,"SQL, AWS, TypeScript",0.010364751,0.594936709,0.993063985,-0.024478455,0.010097353,38.76149425,2.430858014
3003,"Java, Kubernetes, Docker",Go,0.027345301,0.595009597,0.982205355,-0.064570194,0.024432528,9.388067217,2.312698383
3004,"Java, AWS, Azure",SQL,0.012966965,0.5951417,0.991367031,-0.030609095,0.008288972,2.771907924,1.939679354
3005,"Python, SQL, GCP",Docker,0.010894015,0.595180723,0.992723493,-0.025713404,0.009075188,5.989583902,2.22477228
3006,"Java, Microsoft Azure",JavaScript,0.010056014,0.595300261,0.993277238,-0.023728664,0.00866055,7.206216134,2.266842898
3007,Data Mining,Data Analysis,0.011511489,0.595890411,0.992341309,-0.027124774,0.009844062,6.903742099,2.260985403
3008,ProblemSolving,Communication,0.020905923,0.596226415,0.9863218,-0.049221541,0.014413728,3.220162341,2.018076175
3009,"SQL, Data Analysis, Data Visualization",Tableau,0.012570017,0.59623431,0.991663427,-0.029594672,0.0114821,11.55420556,2.348879051
3010,"Python, Agile, NoSQL",Docker,0.011335068,0.596287703,0.992468837,-0.026683721,0.009446118,6.000723964,2.230872611
3011,"AWS, Docker, Agile",Go,0.012834649,0.596311475,0.991494322,-0.030212147,0.01147051,9.408608269,2.320156737
3012,Open Source RDBMS,"Java, Kubernetes, Go",0.010761699,0.596577017,0.992851573,-0.025316456,0.010252503,21.13467298,2.408818124
3013,"Python, Cloud Computing",Java,0.019450448,0.596752368,0.987271485,-0.04573722,0.013816644,3.4524538,2.051224041
3014,"Python, SQL, JavaScript",Kubernetes,0.014819389,0.596802842,0.990230677,-0.034843206,0.012163547,5.579921994,2.214907949
3015,"Python, SQL, JavaScript",Docker,0.014819389,0.596802842,0.990230677,-0.034843206,0.01235192,6.005908049,2.233722853
3016,"Python, AWS, Spark",SQL,0.011511489,0.597254005,0.992384249,-0.027036563,0.007373265,2.781746106,1.949852498
3017,"Python, AWS, NoSQL",Kubernetes,0.015833811,0.59733777,0.989602131,-0.037180788,0.012998712,5.584923409,2.217850409
3018,"Python, SQL, GCP",Azure,0.01093812,0.597590361,0.992766805,-0.025669298,0.009587522,8.098724606,2.301664038
3019,"SQL, GCP",Azure,0.012393596,0.59787234,0.991833384,-0.029065408,0.010864003,8.10254607,2.303278006
3020,"Java, GCP","Python, SQL",0.013319808,0.598019802,0.991241695,-0.031226569,0.010330467,4.455768311,2.153806344
3021,Data Mining,Python,0.011555595,0.598173516,0.992384579,-0.027080669,0.005769442,1.997112079,1.743241862
3022,"AWS, JavaScript, TypeScript",Kubernetes,0.012481807,0.598308668,0.991791238,-0.029241829,0.010250522,5.594001003,2.223211007
3023,"AWS, NoSQL",Agile,0.018788868,0.598314607,0.987769938,-0.044017113,0.015737627,6.157778974,2.247619623
3024,"AWS, Kubernetes, Docker",SQL,0.031623517,0.598497496,0.979850027,-0.074052838,0.020278911,2.787537741,1.955891375
3025,"SQL, Kubernetes, NoSQL",Go,0.012040753,0.598684211,0.992087855,-0.028183302,0.010766066,9.446045306,2.333874407
3026,Problem Solving,Communication,0.050191858,0.598947368,0.968990355,-0.117408371,0.034675919,3.234857952,2.031767872
3027,Open Source RDBMS,"Java, Docker, Go",0.010805804,0.599022005,0.992894896,-0.02527235,0.010306155,21.62679286,2.424825972
3028,"Kubernetes, GCP","SQL, AWS",0.011070436,0.599045346,0.992724753,-0.025889825,0.009767136,8.494155804,2.318156376
3029,"Python, Bachelor's Degree",SQL,0.011864332,0.599109131,0.992215206,-0.027742248,0.007612472,2.79038647,1.958875461
3030,"AWS, Spark",Scala,0.012393596,0.599147122,0.991876242,-0.028977198,0.011415572,12.6720734,2.376730078
3031,"Python, AWS, GCP",SQL,0.017156971,0.599383667,0.988851728,-0.040091739,0.011011187,2.791665137,1.960217846
3032,"Go, TypeScript","AWS, Kubernetes",0.010100119,0.59947644,0.993363696,-0.023596348,0.009047894,9.598820141,2.340803276
3033,"Machine Learning, Data Science",SQL,0.010894015,0.599514563,0.992852502,-0.025448772,0.006992531,2.792274792,1.96085853
3034,"SQL, TypeScript","Java, HTML/CSS",0.012084859,0.599562363,0.992088197,-0.028227407,0.011771933,38.61897006,2.458497493
3035,"Java, React",JavaScript,0.01301107,0.599593496,0.991495791,-0.030388568,0.011218464,7.25818651,2.29114842
3036,RDBMS,Kubernetes,0.010982226,0.6,0.992810118,-0.025625193,0.009024545,5.609814433,2.232611476
3037,"SQL, Data Analysis",Python,0.022890663,0.6,0.985300365,-0.053411547,0.011463673,2.003210131,1.75120187
3038,"Java, Node.js",Docker,0.010056014,0.6,0.993406498,-0.023464032,0.008390582,6.038082557,2.251576765
3039,"Kubernetes, JavaScript","Python, Java",0.014951705,0.6,0.99027455,-0.034887311,0.012260051,5.55483871,2.229965157
3040,RDBMS,"Java, AWS, NoSQL",0.010982226,0.6,0.992810118,-0.025625193,0.010526913,24.12021277,2.437811494
3041,"Kubernetes, Software Engineering","Java, Docker",0.013099281,0.6,0.991453729,-0.030564989,0.011940896,11.30822943,2.36735324
3042,"Java, JavaScript, TypeScript",Kubernetes,0.013363913,0.6,0.991284839,-0.031182464,0.010981675,5.609814433,2.232611476
3043,"Kubernetes, Docker, NoSQL",Go,0.011908437,0.6,0.992215543,-0.027786354,0.010650522,9.466805846,2.341551625
3044,"Python, SQL, Azure",Java,0.012128964,0.600436681,0.992088539,-0.028271512,0.008637378,3.473769041,2.070138069
3045,"Docker, TypeScript","Python, AWS",0.011335068,0.60046729,0.992597723,-0.026419089,0.00939266,5.835574308,2.245378807
3046,Artificial Intelligence,"Python, Machine Learning",0.01027654,0.600515464,0.993278696,-0.023949191,0.009491581,13.09181453,2.388403999
3047,"Java, Microsoft Azure","SQL, AWS",0.010144224,0.600522193,0.993363983,-0.023640453,0.008952902,8.51509674,2.326726471
3048,"Java, TypeScript","JavaScript, Go",0.014731178,0.600719424,0.990442981,-0.034313942,0.01425204,30.74517271,2.455569847
3049,Node.js,AWS,0.018524236,0.600858369,0.988062639,-0.043135006,0.013397977,3.613597295,2.088789707
3050,"Python, Azure, GCP",Java,0.011643805,0.601366743,0.992428176,-0.027080669,0.008297067,3.479149823,2.074967961
3051,"SQL, Java, Cloud Computing",Kubernetes,0.01018833,0.6015625,0.993364271,-0.023684559,0.008376885,5.624423325,2.241366815
3052,"Python, TypeScript","Docker, JavaScript",0.013187492,0.601609658,0.991454467,-0.0306532,0.012595808,22.28806499,2.442347214
3053,"Python, Docker",SQL,0.039165527,0.601626016,0.975651166,-0.091033388,0.025188367,2.802109011,1.97125143
3054,"Go, TypeScript","AWS, Docker",0.010144224,0.602094241,0.99340707,-0.023552243,0.009127668,9.979007838,2.361523793
3055,Angular,JavaScript,0.020023817,0.602122016,0.987194263,-0.046487011,0.017276611,7.288794697,2.305708699
3056,Critical Thinking,Communication,0.012481807,0.60212766,0.991919803,-0.028977198,0.008643653,3.252034403,2.048008291
3057,"Python, SQL, Tableau",R,0.016892339,0.602201258,0.989145824,-0.039209633,0.015797419,15.42791991,2.415710979
3058,"JavaScript, TypeScript","Java, AWS",0.017906761,0.602373887,0.988521009,-0.041547215,0.01549037,7.410538874,2.31049687
3059,RDBMS,Docker,0.011026331,0.602409639,0.99285343,-0.025581088,0.009207504,6.062331884,2.265222685
3060,HTML/CSS,"Kubernetes, TypeScript",0.010497067,0.602531646,0.993194035,-0.024346139,0.01017665,32.76067146,2.469650902
3061,HTML/CSS,"Kubernetes, Docker, TypeScript",0.010497067,0.602531646,0.993194035,-0.024346139,0.010196628,34.93913043,2.472536008
3062,"Java, Agile",SQL,0.030300357,0.602631579,0.980976777,-0.07025978,0.019504989,2.806792479,1.97623979
3063,Data visualization,Data analysis,0.013716756,0.602713178,0.991159602,-0.031799938,0.012784259,14.70970494,2.413939003
3064,"Kubernetes, Agile","SQL, Java",0.016010232,0.602990033,0.989731472,-0.037092577,0.013862512,7.454521823,2.315082526
3065,"Java, Docker, JavaScript",Go,0.012128964,0.603070175,0.992174327,-0.028095091,0.010854277,9.515247103,2.359663074
3066,"SQL, NoSQL","Python, Java",0.023816875,0.603351955,0.984937203,-0.055131654,0.019553104,5.585871328,2.248809933
3067,"Python, SQL, Software Engineering",Go,0.010408856,0.603580563,0.99327957,-0.024081507,0.009315868,9.523299998,2.362701124
3068,Open Source RDBMS,"Java, AWS, Docker",0.010894015,0.60391198,0.992981544,-0.02518414,0.010204213,15.79296001,2.428148889
3069,"SQL, Java, NoSQL",Kubernetes,0.017156971,0.604037267,0.989063773,-0.039650686,0.014119028,5.647561632,2.255375358
3070,"Python, GCP",Java,0.018656552,0.604285714,0.988148719,-0.043090901,0.013320066,3.496037254,2.090273885
3071,Scala,"Python, AWS",0.02858025,0.604477612,0.982143609,-0.065981564,0.023715152,5.874548176,2.268145388
3072,"SQL, Java, Software Engineering",Go,0.010585278,0.604534005,0.993194625,-0.024434349,0.009475517,9.538343421,2.36839744
3073,"SQL, Data Visualization",Data Analysis,0.021082345,0.605063291,0.986702468,-0.048604067,0.018074884,7.01001533,2.313499509
3074,HTML/CSS,"Docker, TypeScript",0.010541172,0.605063291,0.993237385,-0.024302033,0.010212303,32.05280374,2.484253551
3075,HTML/CSS,"SQL, Docker, JavaScript",0.010541172,0.605063291,0.993237385,-0.024302033,0.010229208,33.78965517,2.486710444
3076,"Java, AWS, Azure",GCP,0.013187492,0.605263158,0.991582855,-0.030388568,0.012265923,14.30983481,2.42618092
3077,"AWS, Spark","Python, Java",0.012525912,0.60554371,0.992005877,-0.028844882,0.010291601,5.606162735,2.261305208
3078,"AWS, Spark","Python, Hadoop",0.012525912,0.60554371,0.992005877,-0.028844882,0.011963913,22.28813724,2.466258355
3079,"AWS, JavaScript",TypeScript,0.020861818,0.605633803,0.986867912,-0.048030697,0.019540059,15.78337381,2.438414792
3080,"SQL, TypeScript","Python, HTML/CSS",0.012217175,0.606126915,0.992217899,-0.028095091,0.011957589,47.0640943,2.506191162
3081,"Kubernetes, Agile","Python, SQL",0.016098443,0.606312292,0.989817401,-0.037004366,0.012534913,4.517554586,2.199173314
3082,Scala,"Python, SQL",0.02866846,0.606343284,0.982227837,-0.065893353,0.022322772,4.517785497,2.199346447
3083,"Software Engineering, JavaScript",Python,0.010056014,0.606382979,0.993578897,-0.02311119,0.005088906,2.024520877,1.779599738
3084,Data Science,SQL,0.020023817,0.606951872,0.987447163,-0.045957747,0.01294054,2.8269145,1.997962154
3085,"Python, GCP","AWS, Azure",0.018744762,0.607142857,0.988234287,-0.04300269,0.017109366,11.46190674,2.410620562
3086,"SQL, Kubernetes, Docker",Go,0.025360561,0.60718057,0.984250635,-0.058174922,0.022713349,9.580100952,2.384354182
3087,Docker,AWS,0.060336083,0.607190413,0.964494905,-0.138402505,0.043813248,3.651678575,2.122460748
3088,"AWS, DevOps",Python,0.017950867,0.607462687,0.988733239,-0.041150267,0.009099903,2.02812568,1.784494681
3089,"Python, Java, GCP",Go,0.011335068,0.607565012,0.992812608,-0.025978036,0.010152628,9.586166676,2.38668997
3090,HTML/CSS,"Java, Kubernetes",0.010585278,0.607594937,0.993280735,-0.024257928,0.009646311,11.27332242,2.411037428
3091,HTML/CSS,"Java, Docker",0.010585278,0.607594937,0.993280735,-0.024257928,0.00966091,11.45137157,2.41317298
3092,HTML/CSS,"SQL, Kubernetes, JavaScript",0.010585278,0.607594937,0.993280735,-0.024257928,0.01027024,33.6,2.502304147
3093,HTML/CSS,"Java, Kubernetes, Docker",0.010585278,0.607594937,0.993280735,-0.024257928,0.00978462,13.22072937,2.431268967
3094,HTML/CSS,"Java, Go, TypeScript",0.010585278,0.607594937,0.993280735,-0.024257928,0.010323258,40.39882698,2.510059571
3095,"Java, Node.js","Python, AWS",0.01018833,0.607894737,0.993536633,-0.023331716,0.008463762,5.907757123,2.287911856
3096,Cloud Computing,Python,0.032593834,0.608230453,0.980073677,-0.074582102,0.016543206,2.030689008,1.787991825
3097,"SQL, Data analysis",Python,0.011026331,0.608272506,0.993025472,-0.025228245,0.005596859,2.030829411,1.788183773
3098,"Python, Java, Azure",GCP,0.011643805,0.608294931,0.992642922,-0.026639615,0.010834168,14.381513,2.44495941
3099,"Docker, Git",Python,0.013231597,0.60851927,0.991668825,-0.030256252,0.006718873,2.031653277,1.789310926
3100,Problemsolving,Communication,0.030256252,0.608695652,0.981470588,-0.069157147,0.02105285,3.287507509,2.082383844
3101,"Kubernetes, Docker, TypeScript",HTML/CSS,0.010497067,0.608695652,0.993366285,-0.023993296,0.010196628,34.93913043,2.511033682
3102,"Java, Spark","Python, Hadoop",0.013937282,0.608863198,0.991246982,-0.031844044,0.013315369,22.41031704,2.487188924
3103,"AWS, Kubernetes, GCP",Azure,0.010232435,0.608923885,0.993536913,-0.023375821,0.008992489,8.252319924,2.36836707
3104,"Agile, JavaScript",Python,0.012570017,0.608974359,0.992091958,-0.028712566,0.006387553,2.033172676,1.791393388
3105,"Tableau, Power BI","Python, SQL",0.011952543,0.608988764,0.992473397,-0.027301195,0.009318372,4.537496631,2.214226654
3106,"AWS, Go","SQL, Kubernetes",0.022670136,0.609004739,0.985967598,-0.05177965,0.02092817,13.0141041,2.437892086
3107,"AWS, Go","SQL, Docker",0.022670136,0.609004739,0.985967598,-0.05177965,0.020942946,13.1254415,2.438907311
3108,"SQL, AWS, Agile",Docker,0.017598024,0.609160305,0.989026063,-0.04017995,0.014727346,6.130267023,2.304348096
3109,"SQL, Data Modeling",Python,0.010452962,0.609254499,0.993409071,-0.02386098,0.005314119,2.034107974,1.792677704
3110,"SQL, Java, AWS",Kubernetes,0.028844882,0.609506058,0.982354923,-0.065805143,0.023783216,5.698693133,2.286961445
3111,"SQL, Spark",Hadoop,0.01631897,0.609555189,0.989819588,-0.037224893,0.015435743,18.4765305,2.476686056
3112,"Kubernetes, Cloud Computing","Python, AWS",0.011158647,0.609638554,0.992983368,-0.025448772,0.009275237,5.924704218,2.298132385
3113,"Kubernetes, Cloud Computing","Java, Docker",0.011158647,0.609638554,0.992983368,-0.025448772,0.010187476,11.48988773,2.425806406
3114,"Java, TypeScript","Python, Go",0.014951705,0.60971223,0.990658229,-0.034093415,0.013596491,11.03272577,2.420613975
3115,"Docker, TypeScript","JavaScript, Go",0.011511489,0.609813084,0.992770876,-0.026242667,0.011142657,31.21059155,2.512799127
3116,"AWS, Agile",SQL,0.028888987,0.609869646,0.982355666,-0.065849248,0.018718614,2.840504209,2.01290486
3117,Microsoft Azure,Java,0.016892339,0.609872611,0.98948543,-0.038503947,0.012104749,3.528359714,2.120208069
3118,"Python, NoSQL","SQL, AWS",0.022493715,0.610047847,0.98613297,-0.051250386,0.019893335,8.650165624,2.383563164
3119,"AWS, Kubernetes","Python, Docker",0.038107,0.610169492,0.977084977,-0.086799277,0.034041334,9.372881356,2.398223131
3120,"Python, Data Science",Machine Learning,0.015480969,0.610434783,0.990364763,-0.035240153,0.013938508,10.0365394,2.410838332
3121,"Kubernetes, GCP",Java,0.011290963,0.61097852,0.992941278,-0.025669298,0.008096695,3.534757844,2.126235389
3122,"Kubernetes, Git",Python,0.010673488,0.611111111,0.993324375,-0.024257928,0.005442172,2.040306615,1.801236209
3123,"Docker, JavaScript",TypeScript,0.016495391,0.611111111,0.989778828,-0.037489525,0.015459646,15.9261175,2.472758662
3124,"Python, Java, Hadoop",Kafka,0.01018833,0.611111111,0.993622836,-0.023155295,0.009580959,16.77448211,2.477748864
3125,"Python, Java, Hadoop",Hive,0.01018833,0.611111111,0.993622836,-0.023155295,0.009875821,32.60169935,2.523227754
3126,Open Source RDBMS,"Python, Kubernetes, Go",0.011026331,0.611246944,0.993111515,-0.025051824,0.010491675,20.6232172,2.496086415
3127,Open Source RDBMS,"SQL, AWS, Kubernetes",0.011026331,0.611246944,0.993111515,-0.025051824,0.010417682,18.11608099,2.485535257
3128,"Java, Kubernetes, Agile",NoSQL,0.011732016,0.611494253,0.992686515,-0.026639615,0.010787661,12.42330573,2.447269998
3129,"Kubernetes, TypeScript","Python, AWS",0.011246857,0.611510791,0.992983976,-0.025536982,0.009354371,5.942899345,2.309207721
3130,Cloud computing,Python,0.016142548,0.612040134,0.99003051,-0.036607419,0.008242733,2.043408328,1.805549514
3131,"Python, Java, Spark",AWS,0.012525912,0.612068966,0.992220253,-0.028403828,0.009123073,3.681018476,2.149152443
3132,"Linux, Git",Python,0.010585278,0.612244898,0.993409928,-0.023993296,0.005406803,2.04409197,1.806502982
3133,"Java, Software Engineering",Python,0.021743924,0.61242236,0.986710963,-0.049265646,0.011109558,2.044684461,1.807330135
3134,HTML/CSS,"SQL, Java, AWS",0.010673488,0.612658228,0.993367435,-0.024169717,0.009849011,12.94575955,2.459520394
3135,"Python, Agile",SQL,0.031888149,0.612711864,0.980840984,-0.072200415,0.020713996,2.853742009,2.027677104
3136,"Python, AWS, JavaScript",Kubernetes,0.013055176,0.612836439,0.991924339,-0.029550567,0.010776718,5.729831167,2.306633889
3137,"Scala, Hadoop","Python, Kafka",0.010056014,0.612903226,0.993751356,-0.022758347,0.009645708,24.50856233,2.518730061
3138,"Java, AWS, TypeScript",Kubernetes,0.011732016,0.612903226,0.992729476,-0.026551405,0.009684707,5.730455604,2.307031859
3139,"Spark, Kafka",SQL,0.011114542,0.613138686,0.993112112,-0.025140034,0.007222527,2.855729957,2.029914228
3140,"Spark, Kafka",Scala,0.011114542,0.613138686,0.993112112,-0.025140034,0.010257467,12.9679976,2.462688977
3141,"Python, Terraform, Ansible",Kubernetes,0.01027654,0.613157895,0.99362339,-0.023243505,0.008483965,5.732836679,2.308550642
3142,"SQL, Java, AWS",Docker,0.029021303,0.613233924,0.982523372,-0.065628721,0.02431865,6.171261762,2.328618669
3143,"Agile, JavaScript",SQL,0.012658228,0.613247863,0.992178385,-0.028624355,0.008226445,2.856238456,2.030487257
3144,"Java, TypeScript",Go,0.015039915,0.613309353,0.990744328,-0.034005204,0.013485691,9.676800939,2.422144565
3145,"AWS, JavaScript",SQL,0.02112645,0.613316261,0.987123732,-0.047766065,0.013730676,2.856557023,2.030846416
3146,"Docker, Microservices","AWS, Kubernetes",0.010497067,0.613402062,0.993495512,-0.023728664,0.009428315,9.82179728,2.425121216
3147,"Java, Microsoft Azure","Python, SQL",0.010364751,0.613577023,0.993580847,-0.023419927,0.008097588,4.571683159,2.240517653
3148,"Python, Hadoop",Java,0.016671812,0.613636364,0.989780583,-0.037665946,0.011975705,3.550134543,2.140862026
3149,Open Source RDBMS,"Python, Docker, Go",0.011070436,0.613691932,0.993154839,-0.025007718,0.01058113,22.62477588,2.518392199
3150,"Python, Java, Hadoop",AWS,0.010232435,0.613756614,0.993666218,-0.02311119,0.007460295,3.691168091,2.158542929
3151,"AWS, Jenkins",Docker,0.012878754,0.614736842,0.992094349,-0.029021303,0.010796965,6.186386339,2.337702653
3152,"AWS, TypeScript",SQL,0.015348653,0.614840989,0.990619218,-0.034578574,0.009988847,2.863658536,2.038885924
3153,"Java, Hadoop","Scala, Spark",0.011687911,0.614849188,0.992815097,-0.026330878,0.011282956,28.8622684,2.541075075
3154,"Data Visualization, R","Python, Data Analysis",0.010497067,0.61498708,0.993538595,-0.023640453,0.009954281,19.33925391,2.514720966
3155,"SQL, Docker, NoSQL",Go,0.011908437,0.615034169,0.992687781,-0.026816037,0.010681271,9.704015104,2.432996837
3156,"AWS, Microsoft Azure",SQL,0.011423279,0.6152019,0.992985191,-0.025713404,0.007436568,2.8653395,2.040798241
3157,"Java, AWS, TypeScript",Docker,0.011776121,0.615207373,0.992772753,-0.026507299,0.009874023,6.191121515,2.340561236
3158,"AWS, JavaScript, TypeScript",Docker,0.012834649,0.615221987,0.99213687,-0.028888987,0.010761625,6.191268583,2.340650132
3159,GCP,Azure,0.026022141,0.615224192,0.984385579,-0.05857187,0.022901121,8.337703588,2.40714664
3160,"SQL, AWS, NoSQL",Agile,0.016098443,0.615514334,0.990200292,-0.036210471,0.013557171,6.334796411,2.348165489
3161,"Python, TypeScript","SQL, AWS",0.013496229,0.615694165,0.991756582,-0.030344463,0.011950309,8.730227519,2.418583074
3162,"Docker, NoSQL",Agile,0.013143386,0.615702479,0.991967871,-0.029550567,0.011069228,6.33673278,2.349315111
3163,"Java, Docker, Agile",Go,0.012437701,0.615720524,0.992391163,-0.027962775,0.011157423,9.714844427,2.437342374
3164,"Java, JavaScript, TypeScript",Docker,0.013716756,0.615841584,0.991629994,-0.030829621,0.011503485,6.197503878,2.344425292
3165,"Docker, GCP","Java, Kubernetes",0.01018833,0.616,0.993752169,-0.022890663,0.009296905,11.42927005,2.463810663
3166,"Docker, Software Engineering",SQL,0.012746438,0.616204691,0.992221934,-0.028624355,0.008305186,2.870010057,2.046130493
3167,"SQL, Kubernetes, NoSQL",Agile,0.012393596,0.61622807,0.992433741,-0.027830459,0.01043943,6.342142095,2.352532591
3168,"SQL, Kubernetes","Java, AWS",0.028844882,0.616399623,0.982851605,-0.064746615,0.025041037,7.583086626,2.394976501
3169,"Python, SQL, Spark",Hadoop,0.015039915,0.616636528,0.990872298,-0.033740572,0.014235262,18.69117647,2.522434422
3170,MySQL,Python,0.019935606,0.616643929,0.987994531,-0.044722798,0.010252388,2.058778943,1.827232699
3171,ETL,Python,0.015613285,0.616724739,0.990536413,-0.035019627,0.008030519,2.059048741,1.827617952
3172,"Docker, TypeScript","SQL, AWS",0.011643805,0.61682243,0.99290074,-0.026110352,0.010312511,8.746225737,2.425704583
3173,"Docker, TypeScript","SQL, Go",0.011643805,0.61682243,0.99290074,-0.026110352,0.011021036,18.69681143,2.523658203
3174,RDBMS,"Python, Java, AWS",0.011290963,0.61686747,0.993113306,-0.025316456,0.010201927,10.36785481,2.454769159
3175,"Java, DevOps",Python,0.014422441,0.616981132,0.991251131,-0.032329202,0.007420932,2.059904757,1.828841362
3176,"SQL, Software Engineering","Python, Java",0.014069598,0.617021277,0.991461837,-0.031535306,0.011606616,5.712422787,2.329074719
3177,"Java, Go","Python, Docker",0.024302033,0.617021277,0.985487567,-0.054470075,0.021738023,9.478132388,2.441129194
3178,"Tableau, Data Visualization",Data Analysis,0.014157809,0.617307692,0.991419825,-0.031711728,0.012178215,7.151873944,2.387520897
3179,Ansible,Python,0.026330878,0.61737332,0.984348562,-0.058968818,0.013556428,2.061214147,1.830715901
3180,"Terraform, Ansible",Kubernetes,0.01367265,0.61752988,0.99171521,-0.030609095,0.011304564,5.773713394,2.334939502
3181,"SQL, Scala","Java, AWS",0.019229921,0.617563739,0.988451174,-0.043046796,0.016698805,7.597407847,2.402266687
3182,"Kubernetes, JavaScript","Docker, TypeScript",0.015392758,0.617699115,0.99070488,-0.034446258,0.01492235,32.72217765,2.566363198
3183,"Communication, Attention to Detail",Problem Solving,0.011335068,0.617788462,0.993113604,-0.025360561,0.009797519,7.372167257,2.397101587
3184,"Java, GCP",Azure,0.013760861,0.617821782,0.991673138,-0.030785516,0.012117362,8.372906914,2.423507543
3185,"Java, JavaScript, TypeScript",HTML/CSS,0.013760861,0.617821782,0.991673138,-0.030785516,0.013372826,35.4629703,2.570995288
3186,"AWS, Kubernetes, Agile",Go,0.012834649,0.617834395,0.992222606,-0.028712566,0.011518031,9.748197102,2.450824034
3187,"AWS, JavaScript",Python,0.021302871,0.6184379,0.987294278,-0.047589644,0.010985554,2.064768445,1.835823705
3188,Open Source RDBMS,"SQL, Java, Go",0.011158647,0.618581907,0.993241487,-0.024919508,0.010598531,19.92202781,2.540387754
3189,"Docker, Agile","Python, Java",0.016539496,0.618811881,0.990076893,-0.036916156,0.013652519,5.729000319,2.340015385
3190,AWS,Python,0.10289772,0.618832891,0.945656696,-0.22965642,0.053094536,2.066087195,1.83772611
3191,"AWS, Terraform",Kubernetes,0.013319808,0.618852459,0.991969259,-0.029726988,0.011017764,5.786079094,2.343041721
3192,"Python, AWS, NoSQL",Agile,0.01640718,0.618968386,0.990160694,-0.036607419,0.013831624,6.370345082,2.369451613
3193,"SQL, Power BI",Python,0.015128126,0.619133574,0.990915745,-0.033740572,0.007809568,2.06709108,1.83917694
3194,"Java, Go","SQL, Kubernetes",0.024390244,0.619260918,0.985572435,-0.054381864,0.022547144,13.23327314,2.503562932
3195,"Java, Go","SQL, Docker",0.024390244,0.619260918,0.985572435,-0.054381864,0.022562778,13.34648555,2.504605504
3196,"Java, Kubernetes","SQL, Docker",0.03338773,0.619476268,0.980539862,-0.074405681,0.030886987,13.35112684,2.506022938
3197,Kafka,Java,0.022581926,0.619854722,0.986637729,-0.050280069,0.016284873,3.586110258,2.175881917
3198,"Kubernetes, Software Engineering","Python, Docker",0.013540334,0.62020202,0.991885359,-0.030123936,0.012119074,9.526992144,2.461573237
3199,"Docker, JavaScript, TypeScript",HTML/CSS,0.010232435,0.620320856,0.993838677,-0.022758347,0.009945059,35.60641711,2.58791775
3200,"Python, SQL, Docker",Go,0.024302033,0.620495495,0.985696702,-0.054029021,0.021819748,9.790183973,2.468009309
3201,"Kubernetes, GCP",SQL,0.011467384,0.62052506,0.993114499,-0.025492877,0.007499613,2.890132432,2.06942594
3202,"JavaScript, Go","Java, Docker",0.012128964,0.620767494,0.992732307,-0.026948353,0.011092268,11.69963541,2.496994012
3203,"Docker, DevOps",Python,0.013363913,0.620901639,0.992012435,-0.029682883,0.006917241,2.072994091,1.847754622
3204,"Agile, Software Engineering",Java,0.012790544,0.620985011,0.992350908,-0.028403828,0.009230346,3.592649438,2.182370778
3205,"Agile, Software Engineering",AWS,0.012790544,0.620985011,0.992350908,-0.028403828,0.009365704,3.734640092,2.199709652
3206,Open Source RDBMS,"Python, Java, Kubernetes",0.011202752,0.621026895,0.993284811,-0.024875402,0.010491468,15.75004786,2.534664935
3207,"Python, Kubernetes, NoSQL",Agile,0.011202752,0.621026895,0.993284811,-0.024875402,0.009450003,6.391530997,2.382322017
3208,"SQL, Data Warehousing",Python,0.013231597,0.621118012,0.992097081,-0.029374145,0.006850977,2.073716492,1.848809843
3209,"Spark, Hadoop","Python, SQL",0.015039915,0.621129326,0.991042976,-0.03338773,0.011790118,4.62795439,2.285179509
3210,"Python, Java, JavaScript",AWS,0.01773034,0.621329212,0.989493997,-0.039341949,0.012985434,3.736710137,2.201709126
3211,"Docker, Terraform",AWS,0.011290963,0.621359223,0.993242365,-0.025051824,0.008269477,3.736890629,2.201883637
3212,Go,Java,0.039386054,0.621433542,0.977436748,-0.087372646,0.028431012,3.595244374,2.184956485
3213,"SQL, TypeScript","AWS, Go",0.012525912,0.621444201,0.992520536,-0.027786354,0.011775602,16.69431798,2.543284531
3214,"Java, Go","AWS, Docker",0.024478455,0.62150056,0.985657303,-0.054293653,0.022102054,10.30064488,2.48260319
3215,"Python, SQL, JavaScript",Go,0.015436863,0.621669627,0.99083319,-0.034225731,0.013863072,9.808709431,2.475668667
3216,RDBMS,"SQL, AWS",0.011379173,0.621686747,0.993199931,-0.025228245,0.010088315,8.815199259,2.456894069
3217,"Python, TypeScript","AWS, Go",0.013628545,0.621730382,0.99188606,-0.030212147,0.012812562,16.70200587,2.54520866
3218,"Python, SQL, Kubernetes",Go,0.024434349,0.621773288,0.985698523,-0.054161337,0.021943677,9.810345003,2.476347179
3219,NoSQL,"Python, SQL",0.030609095,0.621863799,0.982260709,-0.067833988,0.024002948,4.633426855,2.289618129
3220,Cloud computing,AWS,0.01640718,0.622073579,0.990288342,-0.036342787,0.012021625,3.741186803,2.20604563
3221,"AWS, Kubernetes",Java,0.03885679,0.622175141,0.977790693,-0.086049486,0.028061842,3.599534825,2.189245144
3222,"Kubernetes, DevOps",Python,0.01706876,0.622186495,0.989911998,-0.037798262,0.008851895,2.077283818,1.854038405
3223,Leadership,Communication,0.052088387,0.62223393,0.970819258,-0.115335421,0.036588781,3.360626466,2.157011753
3224,"Python, SQL, Data Analysis",Data Visualization,0.014246019,0.622350674,0.99154881,-0.031535306,0.013097095,12.39943483,2.515053192
3225,"Python, AWS, GCP",Java,0.017818551,0.622496148,0.989494898,-0.039430159,0.012870866,3.601391978,2.191106747
3226,Puppet,"Python, Ansible",0.010982226,0.6225,0.993455554,-0.024302033,0.010517693,23.64144472,2.579255952
3227,"Python, Hive","Java, Hadoop",0.01018833,0.622641509,0.993924666,-0.02253782,0.009877278,32.75441054,2.599625105
3228,"Kubernetes, TypeScript","SQL, AWS",0.011467384,0.623501199,0.99320052,-0.025316456,0.010170305,8.840927258,2.468734523
3229,"Kubernetes, TypeScript","JavaScript, Go",0.011467384,0.623501199,0.99320052,-0.025316456,0.011108031,31.9111573,2.604155283
3230,"Scala, Hadoop",Hive,0.010232435,0.623655914,0.993924929,-0.022581926,0.009924886,33.27094244,2.607335345
3231,"Docker, TypeScript","Java, AWS",0.011776121,0.623831776,0.993030605,-0.025978036,0.010241677,7.674518638,2.442295307
3232,"Java, Kubernetes, JavaScript",Go,0.012217175,0.623873874,0.992775879,-0.026948353,0.010976032,9.84348806,2.490177058
3233,Scala,AWS,0.029506461,0.624067164,0.983028006,-0.065055352,0.021644731,3.753176343,2.217744371
3234,"Python, Java, GCP",Azure,0.011643805,0.624113475,0.993115691,-0.025669298,0.010267172,8.458173833,2.464072885
3235,Data Engineering,SQL,0.020597186,0.624331551,0.98800222,-0.045384378,0.01351391,2.907861391,2.090394567
3236,"Python, Kafka",Java,0.015613285,0.624338624,0.990834768,-0.034402152,0.011290731,3.612051449,2.201853293
3237,"SQL, Kafka",Java,0.011070436,0.624378109,0.993456121,-0.024390244,0.008005769,3.612279887,2.202084751
3238,"Python, AWS, Spark",Scala,0.012040753,0.624713959,0.992903505,-0.026507299,0.01112946,13.21281678,2.538647828
3239,Java,Python,0.108013937,0.624904312,0.944720217,-0.237683588,0.056242405,2.086357749,1.867472144
3240,"Software Engineering, JavaScript",AWS,0.010364751,0.625,0.993882598,-0.022802452,0.007607278,3.758786472,2.223261148
3241,"Tableau, Data Visualization","Python, SQL",0.01433423,0.625,0.991592291,-0.031535306,0.011256098,4.656794282,2.308766668
3242,SQL,Python,0.134212499,0.625102712,0.933735158,-0.29519693,0.069904304,2.087020141,1.868460428
3243,"JavaScript, Go","SQL, HTML/CSS",0.012217175,0.625282167,0.992818827,-0.026860142,0.011931932,42.83088391,2.629715085
3244,"JavaScript, Go","Java, Kubernetes",0.012217175,0.625282167,0.992818827,-0.026860142,0.011164105,11.60149147,2.524841925
3245,HTML/CSS,"Python, Java, Go",0.010894015,0.625316456,0.993584186,-0.023949191,0.010287759,17.96932826,2.576042942
3246,"Python, Kubernetes, DevOps",AWS,0.010673488,0.625322997,0.993712056,-0.023464032,0.007835345,3.760728997,2.225177752
3247,"Data Visualization, R","Python, Tableau",0.010673488,0.625322997,0.993712056,-0.023464032,0.010112635,19.03080311,2.581267404
3248,"SQL, Docker","Java, AWS",0.029021303,0.625475285,0.983393045,-0.063776298,0.025249725,7.694737461,2.453012718
3249,"AWS, Cloud Computing",Java,0.018788868,0.625550661,0.9890811,-0.041282583,0.01359723,3.61906357,2.208980363
3250,"Java, GCP","SQL, AWS",0.013937282,0.625742574,0.991845716,-0.030609095,0.012366479,8.872708809,2.483519427
3251,"Python, TypeScript","Kubernetes, Docker",0.013716756,0.625754527,0.991972378,-0.030123936,0.01193977,7.719114469,2.455432282
3252,Hive,SQL,0.011732016,0.625882353,0.993116287,-0.025757509,0.007707427,2.915084344,2.099059724
3253,Hive,Java,0.011732016,0.625882353,0.993116287,-0.025757509,0.008492007,3.620982544,2.210938841
3254,"Java, TypeScript","Python, SQL",0.015348653,0.625899281,0.991045676,-0.033696467,0.012057419,4.663494705,2.314316588
3255,Open Source RDBMS,"Java, Go",0.011290963,0.62591687,0.993371458,-0.024787192,0.010580475,15.89184009,2.567915712
3256,Open Source RDBMS,"SQL, AWS, Docker",0.011290963,0.62591687,0.993371458,-0.024787192,0.010673562,18.28790361,2.581710301
3257,"Python, Node.js","Java, AWS",0.01018833,0.62601626,0.994010937,-0.022361399,0.008865409,7.701392657,2.45656105
3258,"Docker, TypeScript","Python, Go",0.011820227,0.626168224,0.993073893,-0.02593393,0.010777004,11.33049653,2.527168879
3259,"Docker, Microservices","Java, Kubernetes",0.010717594,0.62628866,0.993712328,-0.023508137,0.009795267,11.62016594,2.53164192
3260,RDBMS,"Python, Java, NoSQL",0.011467384,0.626506024,0.993286556,-0.025140034,0.010957983,22.51152311,2.602905545
3261,"Python, JavaScript, Go",HTML/CSS,0.011246857,0.626535627,0.993414211,-0.024654876,0.010934125,35.96314496,2.630982945
3262,"AWS, Docker, NoSQL",Go,0.011555595,0.626794258,0.993244121,-0.025316456,0.010387131,9.889565915,2.509663024
3263,"SQL, Kafka",Spark,0.011114542,0.626865672,0.993499458,-0.024346139,0.010364601,14.82056869,2.566644026
3264,Statistics,SQL,0.017201076,0.627009646,0.990040781,-0.037665946,0.011310972,2.92033478,2.105403739
3265,"SQL, AWS, GCP",Azure,0.011864332,0.627039627,0.993074193,-0.025978036,0.010468172,8.497829925,2.483405372
3266,"Linux, Agile",Python,0.010011908,0.627071823,0.994139353,-0.021920346,0.005229746,2.093594382,1.878326154
3267,"Java, Go","AWS, Kubernetes",0.024698981,0.627099664,0.985869473,-0.054073127,0.022239199,10.04112336,2.514202245
3268,"Python, GCP",Azure,0.019362237,0.627142857,0.988833269,-0.042385216,0.01708412,8.49922893,2.484092933
3269,"AWS, Docker, JavaScript",Go,0.011202752,0.627160494,0.993456972,-0.02452256,0.010070629,9.895344382,2.512128234
3270,"Python, AWS, JavaScript",Docker,0.013363913,0.627329193,0.992226637,-0.029241829,0.011247062,6.313109091,2.416692395
3271,"Linux, DevOps",Python,0.010320646,0.627345845,0.993968585,-0.022581926,0.005393169,2.094509252,1.879707331
3272,"Java, Agile, NoSQL",Kubernetes,0.011732016,0.627358491,0.993159285,-0.025669298,0.00973188,5.865607858,2.396524724
3273,"JavaScript, Go",HTML/CSS,0.01226128,0.627539503,0.992862087,-0.026816037,0.011920885,36.02076749,2.638074121
3274,"Python, Open Source RDBMS","AWS, Kubernetes",0.010408856,0.627659574,0.993925984,-0.022758347,0.009373158,10.05008865,2.517983001
3275,"SQL, Kubernetes","Python, AWS",0.029374145,0.627709708,0.983357209,-0.064217351,0.02455897,6.100326706,2.409684859
3276,"SQL, TypeScript","JavaScript, HTML/CSS",0.012658228,0.628008753,0.992650238,-0.027654038,0.012331968,38.79793583,2.64472176
3277,"Go, TypeScript","Java, HTML/CSS",0.010585278,0.628272251,0.993840815,-0.02311119,0.010323708,40.46822941,2.64837621
3278,"Spark, Hadoop",Java,0.015216337,0.628415301,0.991215227,-0.033211309,0.011031007,3.63563667,2.226009947
3279,"Python, Docker, Agile",Go,0.012614123,0.628571429,0.99269284,-0.027521722,0.011342231,9.917606124,2.521670981
3280,"Java, NoSQL","SQL, AWS",0.021655714,0.628681178,0.987635371,-0.047236801,0.019226412,8.914376703,2.50317391
3281,"Docker, Agile","Python, SQL",0.016804128,0.628712871,0.990334636,-0.036651524,0.01321692,4.684458406,2.331854335
3282,"Docker, Agile","SQL, Java",0.016804128,0.628712871,0.990334636,-0.036651524,0.014642137,7.772522863,2.475471853
3283,"Agile, Scala","SQL, AWS",0.010982226,0.628787879,0.993627812,-0.023949191,0.009750467,8.915889666,2.50389342
3284,"Kubernetes, Docker, NoSQL",Agile,0.012481807,0.628888889,0.992777754,-0.027212985,0.010553354,6.472445655,2.432791542
3285,"Kubernetes, Cloud Computing",SQL,0.011511489,0.628915663,0.993329868,-0.025095929,0.007581597,2.929212165,2.116217814
3286,"Python, Java, Docker",Go,0.024302033,0.628995434,0.986198989,-0.052970494,0.021853292,9.924296082,2.524552891
3287,"AWS, Spark",Hadoop,0.01301107,0.628997868,0.992481203,-0.028359723,0.012328643,19.06586719,2.606478869
3288,"Python, Scala, Spark",AWS,0.012040753,0.629032258,0.993032414,-0.026242667,0.008857926,3.783036707,2.24742703
3289,"Python, Kubernetes, Docker",Java,0.034931416,0.629070691,0.980486378,-0.076125788,0.025333366,3.639428369,2.229943057
3290,"Java, Docker","SQL, Kubernetes",0.03338773,0.629260183,0.981320154,-0.072729678,0.030904808,13.44695205,2.571086805
3291,"JavaScript, HTML/CSS","Kubernetes, TypeScript",0.01018833,0.629427793,0.994097222,-0.022184978,0.009890626,34.22306079,2.648898275
3292,"Python, Go",Java,0.0347991,0.629688747,0.980606871,-0.07572884,0.025246791,3.643004073,2.233664871
3293,"Python, Java, Kubernetes",Go,0.024831297,0.629753915,0.985954937,-0.054029021,0.022332239,9.936263406,2.529724656
3294,"JavaScript, Go","Python, Docker",0.012305385,0.62979684,0.992905347,-0.026771931,0.011033429,9.674379233,2.525371587
3295,"Java, Go","Python, Kubernetes",0.024831297,0.630459127,0.985996775,-0.053940811,0.022103996,9.104713233,2.518678471
3296,"Docker, JavaScript","Python, Kubernetes",0.017024655,0.630718954,0.990294181,-0.036960261,0.015155552,9.108465509,2.520450624
3297,"Docker, JavaScript","SQL, Kubernetes",0.017024655,0.630718954,0.990294181,-0.036960261,0.015761523,13.47812521,2.581243372
3298,"Python, Spark, Kafka",Snowflake,0.010320646,0.630727763,0.994054852,-0.022405504,0.009839273,21.44001584,2.628363715
3299,Open Source RDBMS,"Python, SQL, Go",0.011379173,0.630806846,0.993458106,-0.024698981,0.01082224,20.43183374,2.62498441
3300,"AWS, Spark",Java,0.013055176,0.631130064,0.992524414,-0.028315618,0.009479731,3.651342674,2.24239266
3301,"Python, JavaScript",SQL,0.024831297,0.631165919,0.986038617,-0.0538526,0.016384395,2.939692869,2.129128858
3302,Snowflake,SQL,0.018568341,0.631184408,0.989460154,-0.04026816,0.012252104,2.939778981,2.12923559
3303,"Java, NoSQL","Python, AWS",0.021743924,0.631241997,0.987720645,-0.047148591,0.018199483,6.134654868,2.432766947
3304,"AWS, Docker","Python, Kubernetes",0.038107,0.631578947,0.979035814,-0.082565166,0.033929006,9.120885015,2.526334029
3305,"Kubernetes, JavaScript",TypeScript,0.0157456,0.631858407,0.991049144,-0.034093415,0.014789398,16.46681111,2.61211552
3306,"Python, Teamwork",Communication,0.015613285,0.632142857,0.991133302,-0.033784678,0.011040166,3.41414364,2.215114937
3307,"JavaScript, HTML/CSS","Docker, TypeScript",0.010232435,0.632152589,0.994140625,-0.022140872,0.009926878,33.48784028,2.667200831
3308,"Python, JavaScript, TypeScript",HTML/CSS,0.011908437,0.632318501,0.993203463,-0.025757509,0.011580337,36.29508197,2.672362902
3309,"SQL, TypeScript","Java, Kubernetes",0.012746438,0.63238512,0.992736706,-0.027565827,0.011660089,11.73327973,2.573626224
3310,"SQL, TypeScript","Java, Docker",0.012746438,0.63238512,0.992736706,-0.027565827,0.01167698,11.91859338,2.575905787
3311,"Java, Open Source RDBMS","Python, Go",0.010629383,0.632545932,0.993927301,-0.022978874,0.00970072,11.44590097,2.571031624
3312,"Java, Open Source RDBMS","AWS, Kubernetes",0.010629383,0.632545932,0.993927301,-0.022978874,0.009579912,10.12832903,2.551466817
3313,"AWS, Kubernetes, NoSQL",Go,0.011776121,0.632701422,0.993288591,-0.025448772,0.010596477,9.982769197,2.550025254
3314,"Python, Collaboration",Communication,0.015966127,0.632867133,0.990965799,-0.034490363,0.011295013,3.418055384,2.219484892
3315,HTML/CSS,"SQL, Docker",0.011026331,0.632911392,0.993714236,-0.023816875,0.010217989,13.64068441,2.597741199
3316,HTML/CSS,"SQL, AWS, JavaScript",0.011026331,0.632911392,0.993714236,-0.023816875,0.010658274,29.95824635,2.666586567
3317,HTML/CSS,"SQL, Kubernetes, Docker",0.011026331,0.632911392,0.993714236,-0.023816875,0.01029867,15.1531151,2.610356842
3318,HTML/CSS,"Kubernetes, Docker, JavaScript",0.011026331,0.632911392,0.993714236,-0.023816875,0.010634454,28.1372549,2.662861949
3319,Hive,Scala,0.011864332,0.632941176,0.993246168,-0.025625193,0.010978063,13.38682397,2.595548812
3320,Spark,SQL,0.026771931,0.632950991,0.985104942,-0.057822079,0.017690565,2.948006945,2.139483462
3321,"Kubernetes, TypeScript","SQL, Go",0.011643805,0.633093525,0.993373755,-0.025140034,0.011037042,19.1900127,2.635574143
3322,"Docker, TypeScript","Kubernetes, Go",0.011952543,0.63317757,0.993203757,-0.025801614,0.011298135,18.26467563,2.631609021
3323,"Docker, Software Engineering","Java, Kubernetes",0.013099281,0.63326226,0.992567626,-0.028271512,0.011984406,11.74955419,2.579781658
3324,"Python, Spark, Hadoop",Java,0.013937282,0.633266533,0.992102538,-0.030079831,0.01013313,3.663703012,2.255456106
3325,"Java, Hadoop","Python, Scala",0.012040753,0.633410673,0.993161357,-0.025978036,0.011231682,14.88219708,2.61174642
3326,"JavaScript, TypeScript",Python,0.018832973,0.633531157,0.989420482,-0.040621003,0.009929168,2.115160054,1.911433296
3327,"JavaScript, TypeScript",SQL,0.018832973,0.633531157,0.989420482,-0.040621003,0.012450449,2.950709106,2.142870535
3328,"Python, Java, Azure",SQL,0.012128964,0.633640553,0.993118968,-0.026154457,0.008019148,2.951218623,2.143510401
3329,"Python, Kubernetes",AWS,0.043884797,0.633757962,0.976281813,-0.094605919,0.032370882,3.811457365,2.276426088
3330,"AWS, Docker",Java,0.038239315,0.63377193,0.979160601,-0.08243285,0.027810298,3.666626937,2.258568648
3331,"Java, Kubernetes, NoSQL",Go,0.011687911,0.633971292,0.993374042,-0.02518414,0.010519447,10.00280522,2.558872103
3332,"Data Analysis, Tableau",Python,0.012084859,0.634259259,0.993161653,-0.026022141,0.006377969,2.117590956,1.915238501
3333,"SQL, Git",Python,0.012393596,0.634311512,0.992991867,-0.026683721,0.006541392,2.117765413,1.915512169
3334,"Kubernetes, Docker, DevOps",AWS,0.011246857,0.634328358,0.993629469,-0.024213823,0.008298709,3.814887763,2.279976993
3335,"JavaScript, HTML/CSS","Java, Kubernetes",0.01027654,0.634877384,0.994184028,-0.022096767,0.009404133,11.77952122,2.591193352
3336,"JavaScript, HTML/CSS","Java, Docker",0.01027654,0.634877384,0.994184028,-0.022096767,0.009417698,11.9655652,2.593488474
3337,"Spark, Kafka","Python, Java",0.011511489,0.635036496,0.993501993,-0.024743086,0.00955349,5.879208853,2.444041812
3338,HTML/CSS,"SQL, Kubernetes",0.011070436,0.635443038,0.993757586,-0.023772769,0.010255179,13.57907634,2.614692218
3339,HTML/CSS,"Kubernetes, JavaScript",0.011070436,0.635443038,0.993757586,-0.023772769,0.010636298,25.49982301,2.674699961
3340,"Docker, TypeScript",Go,0.011996648,0.635514019,0.993247046,-0.025757509,0.010800231,10.02714638,2.569702809
3341,Scrum,Agile,0.020156133,0.635605007,0.98879959,-0.043267322,0.017074894,6.541567101,2.477630016
3342,"Java, AWS, Kubernetes",Go,0.024698981,0.635641317,0.986371742,-0.053014599,0.022236263,10.02915489,2.5706006
3343,Open Source RDBMS,"Python, Java, Docker",0.011467384,0.635696822,0.993544753,-0.024610771,0.010770422,16.45337219,2.638911196
3344,"AWS, Go","Python, Docker",0.023684559,0.636255924,0.986945614,-0.050765227,0.021261238,9.773597946,2.570215172
3345,"Java, Kubernetes, NoSQL",Agile,0.011732016,0.636363636,0.993417349,-0.025140034,0.009940698,6.549374819,2.482798924
3346,"AWS, JavaScript, TypeScript",Go,0.013275702,0.636363636,0.99256891,-0.028447934,0.011953494,10.04055165,2.575706788
3347,"Python, Ansible",Terraform,0.016760023,0.636515913,0.990674688,-0.035901733,0.015601014,14.46064659,2.630054302
3348,"Python, Cloud computing",SQL,0.01027654,0.636612022,0.99422718,-0.022008556,0.006810659,2.965058417,2.161038153
3349,Tableau,Python,0.032858466,0.636752137,0.982175062,-0.070347991,0.017402306,2.125913886,1.928382295
3350,"Java, Agile, NoSQL",Docker,0.011908437,0.636792453,0.993332467,-0.025492877,0.010050166,6.408342336,2.479658568
3351,"Scala, Hadoop",Kafka,0.010452962,0.637096774,0.994141896,-0.022361399,0.009855232,17.48776654,2.655167919
3352,"Kubernetes, JavaScript","SQL, Java",0.015877916,0.637168142,0.991178243,-0.033961099,0.013862198,7.877051949,2.533159135
3353,"Kubernetes, JavaScript","AWS, Docker",0.015877916,0.637168142,0.991178243,-0.033961099,0.014374371,10.56031672,2.589805431
3354,Puppet,Terraform,0.011246857,0.6375,0.993715598,-0.024037401,0.010470302,14.48300351,2.637194171
3355,"Java, AWS, GCP",Azure,0.013187492,0.637526652,0.992654049,-0.028183302,0.011661153,8.639953252,2.55525489
3356,"SQL, Tableau, Data Visualization",Data Analysis,0.012570017,0.637583893,0.99299308,-0.026860142,0.010868327,7.386785691,2.52109623
3357,"SQL, AWS, Azure",Java,0.012966965,0.637744035,0.992781188,-0.027698143,0.009452508,3.68960717,2.283333655
3358,"AWS, Kubernetes, GCP",Java,0.010717594,0.637795276,0.994014054,-0.022890663,0.007813021,3.689903619,2.283656676
3359,"SQL, Docker","Python, AWS",0.029594672,0.6378327,0.983940991,-0.063202929,0.024820341,6.198705872,2.477038317
3360,"Kubernetes, Agile","SQL, AWS",0.016936444,0.637873754,0.990633727,-0.036166365,0.015063922,9.044722719,2.56671699
3361,"Kubernetes, TypeScript","Java, AWS",0.011732016,0.637889688,0.993460372,-0.025051824,0.010237008,7.847462236,2.537110541
3362,HTML/CSS,"JavaScript, Go, TypeScript",0.011114542,0.637974684,0.993800936,-0.023728664,0.010838691,40.29192201,2.718501011
3363,NoSQL,AWS,0.03140299,0.637992832,0.983017361,-0.067040092,0.023218577,3.836926119,2.303056412
3364,"Python, Kubernetes, NoSQL",Go,0.011511489,0.638141809,0.993588077,-0.024566665,0.010368184,10.06860768,2.588363824
3365,Open Source RDBMS,"SQL, Kubernetes, Go",0.011511489,0.638141809,0.993588077,-0.024566665,0.011045257,24.69042533,2.692088518
3366,RDBMS,"AWS, NoSQL",0.011687911,0.638554217,0.993503119,-0.024919508,0.01111312,20.33418505,2.67978506
3367,"Go, TypeScript","Java, Kubernetes",0.010761699,0.638743455,0.994014314,-0.022934768,0.009853635,11.85125235,2.618923613
3368,"Python, Spark, Kafka",SQL,0.010452962,0.638814016,0.994185037,-0.022273188,0.006939732,2.975314336,2.174213066
3369,"Python, Spark, Kafka",Scala,0.010452962,0.638814016,0.994185037,-0.022273188,0.009679301,13.51103562,2.637752116
3370,"JavaScript, Go","Python, Kubernetes",0.012481807,0.638826185,0.993078387,-0.02659551,0.011128845,9.225545283,2.577026915
3371,"SQL, AWS, JavaScript",Kubernetes,0.013496229,0.638830898,0.992527643,-0.028756671,0.011236641,5.972871317,2.472649473
3372,TypeScript,Java,0.02452256,0.63908046,0.986662702,-0.052220703,0.017890071,3.697338929,2.29178846
3373,"SQL, Azure","Python, AWS",0.017112866,0.639209226,0.990592784,-0.036430997,0.014358095,6.212083487,2.486488969
3374,"Python, Java, TypeScript",HTML/CSS,0.011335068,0.639303483,0.993716143,-0.024125612,0.011026177,36.6960199,2.724113901
3375,"Scala, Hadoop",SQL,0.010497067,0.639784946,0.99418529,-0.022317294,0.006974368,2.979836501,2.180073478
3376,"Python, Data Visualization, R",Data Analysis,0.010497067,0.639784946,0.99418529,-0.022317294,0.009080896,7.412286196,2.536501105
3377,Hive,"Python, Spark, Hadoop",0.011996648,0.64,0.99337605,-0.025492877,0.011584103,29.0795992,2.716642899
3378,"Java, AWS, NoSQL",Agile,0.015922022,0.640070922,0.991263933,-0.033828783,0.013505027,6.587529739,2.508371864
3379,"Java, AWS, Docker",Go,0.024478455,0.640138408,0.986745964,-0.052000176,0.022054872,10.10011004,2.602724691
3380,"Java, Hadoop",SQL,0.012173069,0.64037123,0.993291205,-0.02584572,0.008091663,2.982567151,2.183627535
3381,"Kubernetes, Software Engineering","AWS, Docker",0.013981388,0.64040404,0.992316989,-0.029682883,0.012664122,10.61394796,2.613110332
3382,"Java, Open Source RDBMS","Kubernetes, Go",0.010761699,0.640419948,0.99405743,-0.022846558,0.010179154,18.47358966,2.684612812
3383,Agile practices,Kubernetes,0.010056014,0.640449438,0.994441791,-0.021346977,0.008376654,5.98800417,2.483780267
3384,HTML/CSS,"Docker, JavaScript",0.011158647,0.640506329,0.993844286,-0.023684559,0.010688395,23.72908497,2.706605487
3385,Open Source RDBMS,"Python, Go",0.011555595,0.640586797,0.993631401,-0.02452256,0.010558684,11.5914002,2.628551266
3386,Open Source RDBMS,"SQL, Docker, Go",0.011555595,0.640586797,0.993631401,-0.02452256,0.011090157,24.82739222,2.71052476
3387,"Data Visualization, R",Data Analysis,0.01093812,0.640826873,0.993972246,-0.0231994,0.009464845,7.424357537,2.543859254
3388,"Python, Open Source RDBMS","Java, Go",0.010629383,0.640957447,0.994142913,-0.02253782,0.00997622,16.27371578,2.675487731
3389,"SQL, Teamwork",Communication,0.013628545,0.641078838,0.992528612,-0.028888987,0.009692396,3.462406026,2.270264165
3390,"SQL, TypeScript","Python, Kubernetes",0.01292286,0.641137856,0.992909641,-0.027389406,0.011527141,9.258929044,2.593627265
3391,"SQL, TypeScript","Python, Docker",0.01292286,0.641137856,0.992909641,-0.027389406,0.011610706,9.848589837,2.60518017
3392,"Kubernetes, Agile","Python, AWS",0.017024655,0.641196013,0.990719656,-0.036078155,0.014292576,6.23139186,2.500257281
3393,"Go, TypeScript","Java, Docker",0.010805804,0.641361257,0.994057688,-0.022890663,0.009911859,12.08776706,2.64037646
3394,"Java, Kubernetes, Agile",Go,0.012305385,0.64137931,0.993249091,-0.026066246,0.011089401,10.11968901,2.611730659
3395,Problemsolving skills,Communication skills,0.014201914,0.641434263,0.99223301,-0.030079831,0.012971486,11.54225321,2.633902782
3396,"Python, TypeScript",Kubernetes,0.014069598,0.641851107,0.992317652,-0.029771093,0.011725099,6.001109336,2.493500907
3397,"SQL, Java, Software Engineering",Kubernetes,0.011246857,0.64231738,0.99384482,-0.023772769,0.009374088,6.005468851,2.496751426
3398,"SQL, Java, Software Engineering",Docker,0.011246857,0.64231738,0.99384482,-0.023772769,0.00950692,6.463942284,2.517960495
3399,"SQL, GCP","Python, Java",0.013319808,0.642553191,0.992740786,-0.028139196,0.011080733,5.948798902,2.495437199
3400,"Docker, GCP","Java, AWS",0.010629383,0.642666667,0.994186047,-0.02244961,0.009284952,7.906229698,2.571027674
3401,"AWS, Software Engineering",Python,0.019759185,0.642754663,0.989345315,-0.041723636,0.010551541,2.145954421,1.960783459
3402,HTML/CSS,"Java, AWS, TypeScript",0.011202752,0.643037975,0.993887637,-0.023640453,0.010869273,33.59354839,2.747794499
3403,"Java, Open Source RDBMS","Docker, Go",0.010805804,0.643044619,0.994100807,-0.022802452,0.010275881,20.39125966,2.713125355
3404,"SQL, Linux",Python,0.01367265,0.643153527,0.992571799,-0.028844882,0.007305241,2.147286102,1.962975119
3405,"Python, Data Analysis, Data Visualization",R,0.010497067,0.643243243,0.994271579,-0.022140872,0.009860085,16.47938311,2.693619029
3406,"SQL, TypeScript",HTML/CSS,0.012966965,0.643326039,0.992952875,-0.027345301,0.012615813,36.92691466,2.754836365
3407,"Python, Open Source RDBMS","AWS, Docker",0.010673488,0.643617021,0.994186299,-0.022493715,0.009672899,10.66719936,2.636668903
3408,"Python, Cloud Computing",SQL,0.020994134,0.644113667,0.988766445,-0.044193534,0.013996084,2.999997776,2.206590174
3409,"Java, AWS, Microsoft Azure",SQL,0.010144224,0.644257703,0.994485454,-0.021346977,0.00676357,3.000668632,2.207483597
3410,"Python, Docker",AWS,0.041944163,0.644308943,0.978259969,-0.088254752,0.031119616,3.874911583,2.343952467
3411,Artificial Intelligence,Python,0.011026331,0.644329897,0.994015871,-0.0231994,0.005900698,2.151213629,1.96946761
3412,"AWS, Hadoop","Python, Java",0.010232435,0.644444444,0.994442756,-0.021523398,0.008517399,5.966308244,2.508710801
3413,"Java, Scala","Python, SQL",0.024875402,0.644571429,0.986792934,-0.052308914,0.019695852,4.802618469,2.435897309
3414,"SQL, Docker, NoSQL",Agile,0.012481807,0.644646925,0.99325026,-0.026242667,0.010600494,6.634625387,2.540673025
3415,"Machine Learning, Data Visualization","Python, SQL",0.010011908,0.644886364,0.994571118,-0.021038239,0.007928249,4.804965009,2.438057602
3416,"Java, Microsoft Azure",SQL,0.010894015,0.644908616,0.994101319,-0.022890663,0.00726715,3.003700299,2.211530104
3417,HTML,"JavaScript, CSS",0.023552243,0.644927536,0.987489894,-0.049486173,0.022585828,24.37073671,2.741797535
3418,"Kubernetes, TypeScript","Python, Go",0.011864332,0.645083933,0.993590299,-0.024919508,0.010847922,11.67277575,2.661857597
3419,"Kubernetes, Azure","Python, AWS",0.013716756,0.645228216,0.992614986,-0.028800776,0.011529277,6.27057837,2.528674264
3420,"SQL, Jenkins",Python,0.01018833,0.645251397,0.994485693,-0.021391082,0.005459009,2.154290225,1.974583526
3421,"Kubernetes, Microservices",AWS,0.012437701,0.645308924,0.993292947,-0.026110352,0.009232873,3.880925529,2.350560778
3422,"SQL, Cloud Computing",Java,0.016936444,0.645378151,0.990931752,-0.035548891,0.012400432,3.733773622,2.332488086
3423,"Java, Spark","Python, Scala",0.014775283,0.645472062,0.99206623,-0.031006042,0.013801019,15.16558348,2.700600599
3424,Open Source RDBMS,"AWS, Kubernetes",0.011643805,0.645476773,0.993718049,-0.024434349,0.010517208,10.33537773,2.644528735
3425,Open Source RDBMS,"AWS, Kubernetes, Docker",0.011643805,0.645476773,0.993718049,-0.024434349,0.010690653,12.2161059,2.671649554
3426,HTML/CSS,"Python, JavaScript, Go",0.011246857,0.64556962,0.993930987,-0.023596348,0.010934125,35.96314496,2.770781483
3427,RDBMS,"Python, SQL",0.011820227,0.645783133,0.993633056,-0.024787192,0.00936364,4.811646718,2.444230019
3428,"Python, NoSQL","SQL, Java",0.023816875,0.645933014,0.987409077,-0.049927226,0.020834325,7.985408525,2.595867093
3429,"Python, MySQL",Java,0.012878754,0.646017699,0.993081081,-0.026992458,0.00943291,3.737473665,2.336702245
3430,Agile practices,Docker,0.010144224,0.646067416,0.994528638,-0.021258766,0.008583978,6.501680656,2.544639138
3431,Cassandra,Kafka,0.010144224,0.646067416,0.994528638,-0.021258766,0.009572203,17.73400305,2.722464802
3432,"Docker, Cloud Computing","SQL, Kubernetes",0.010717594,0.646276596,0.994229685,-0.02244961,0.009941552,13.81058365,2.694772922
3433,"Kubernetes, DevOps",Docker,0.01773034,0.646302251,0.990555913,-0.037136682,0.015004291,6.504043911,2.546328633
3434,"AWS, Jenkins",Python,0.013540334,0.646315789,0.992742354,-0.028359723,0.007265397,2.157843896,1.980525924
3435,"Python, Snowflake",SQL,0.014863494,0.646833013,0.992066914,-0.031094253,0.009929822,3.012663294,2.223580672
3436,"AWS, Azure",Python,0.034269836,0.646960866,0.982240094,-0.071671151,0.018404154,2.159997602,1.98414476
3437,"Python, Java, Software Engineering",SQL,0.014069598,0.647058824,0.992488992,-0.029418251,0.009401075,3.013715018,2.225003308
3438,"Kubernetes, JavaScript, TypeScript",HTML/CSS,0.01018833,0.647058824,0.994528875,-0.021302871,0.009914016,37.14117647,2.783972125
3439,"SQL, AWS, JavaScript",Go,0.01367265,0.647181628,0.992700415,-0.02858025,0.01233367,10.21123804,2.654682198
3440,"Docker, TypeScript","Python, Java",0.012217175,0.647196262,0.993463486,-0.025536982,0.010178187,5.991784745,2.528278376
3441,"SQL, Microservices",Python,0.010364751,0.64738292,0.99444348,-0.021655714,0.005569378,2.161406707,1.986519621
3442,Kubernetes,Python,0.069245358,0.64742268,0.965933541,-0.144665461,0.037210154,2.161539454,1.986743642
3443,"AWS, Node.js",Python,0.011996648,0.647619048,0.993591132,-0.025051824,0.006448283,2.162195062,1.987850771
3444,"Kubernetes, Agile","Java, AWS",0.017201076,0.647840532,0.990891515,-0.035901733,0.015042816,7.969879746,2.60880076
3445,"JavaScript, Go","SQL, Docker",0.012658228,0.64785553,0.993251428,-0.026419089,0.011751658,13.96276468,2.707982894
3446,"Python, TypeScript",Docker,0.014201914,0.647887324,0.99244713,-0.029638777,0.012023705,6.519995249,2.557791205
3447,"Python, TypeScript","Java, AWS",0.014201914,0.647887324,0.99244713,-0.029638777,0.012420095,7.970455397,2.609147444
3448,Open Source RDBMS,"Kubernetes, Go",0.011687911,0.64792176,0.993761372,-0.024390244,0.011062554,18.68998737,2.741814481
3449,Open Source RDBMS,"SQL, Java, AWS",0.011687911,0.64792176,0.993761372,-0.024390244,0.010834211,13.69089476,2.705861597
3450,Open Source RDBMS,"Kubernetes, Docker, Go",0.011687911,0.64792176,0.993761372,-0.024390244,0.011132568,21.04631816,2.752838361
3451,HTML/CSS,"Python, Java, JavaScript",0.011290963,0.648101266,0.993974337,-0.023552243,0.010793817,22.71159196,2.760634698
3452,"Java, Kubernetes","Python, Docker",0.034931416,0.64811784,0.982004603,-0.072861994,0.03142277,9.955810147,2.656856891
3453,"Python, Kubernetes, Docker",SQL,0.035989944,0.648133439,0.981489219,-0.075067261,0.024067691,3.018720104,2.231798564
3454,"Python, Java, Hadoop",SQL,0.010805804,0.648148148,0.994230185,-0.02253782,0.007226288,3.018788612,2.231891863
3455,"Java, Open Source RDBMS","AWS, Docker",0.010894015,0.648293963,0.99418756,-0.022714242,0.00988012,10.7447142,2.671730989
3456,"Data Visualization, R",Tableau,0.011070436,0.648578811,0.994102342,-0.023067084,0.010189633,12.56857042,2.698746695
3457,"Java, Docker, NoSQL",Go,0.011643805,0.648648649,0.993804159,-0.024257928,0.010506091,10.2343847,2.665766466
3458,"Docker, Cloud Computing","Python, AWS",0.010761699,0.64893617,0.99427307,-0.022405504,0.009055284,6.306613711,2.555382253
3459,"Python, Kubernetes, Terraform",Ansible,0.01027654,0.64902507,0.99452935,-0.021391082,0.009601231,15.21752369,2.727688132
3460,"SQL, Java, JavaScript",AWS,0.018303709,0.649452269,0.990391215,-0.038062894,0.013617472,3.905843846,2.378343538
3461,"Python, SQL, Software Engineering",Docker,0.011202752,0.649616368,0.994060007,-0.023287611,0.009489111,6.537395436,2.570413183
3462,"Kubernetes, TypeScript","Docker, Go",0.011952543,0.649880096,0.993676916,-0.024831297,0.011372548,20.60801596,2.766094365
3463,"Python, AWS, Spark",Java,0.012525912,0.649885584,0.993379489,-0.026022141,0.00919442,3.75985094,2.362516932
3464,"Python, AWS, Spark",Hadoop,0.012525912,0.649885584,0.993379489,-0.026022141,0.011890047,19.69900513,2.761980577
3465,"AWS, Hadoop",SQL,0.010320646,0.65,0.994529588,-0.021435187,0.006911582,3.027413722,2.243700815
3466,"SQL, Microservices",AWS,0.010408856,0.650137741,0.99448689,-0.021611609,0.007746722,3.909966314,2.383003336
3467,"Python, Docker, JavaScript",Go,0.012305385,0.65034965,0.993507056,-0.025536982,0.011106173,10.26122312,2.678735059
3468,Open Source RDBMS,"Docker, Go",0.011732016,0.650366748,0.993804696,-0.024346139,0.011163148,20.62344795,2.769944474
3469,"Python, Data Visualization, R",Tableau,0.010673488,0.650537634,0.994358863,-0.022140872,0.009826825,12.60652973,2.713873838
3470,TypeScript,AWS,0.024963613,0.650574713,0.987087457,-0.05177965,0.018583291,3.912594286,2.385983386
3471,"SQL, Docker, Agile",NoSQL,0.012481807,0.650574713,0.993422191,-0.025889825,0.011537451,13.2172764,2.720977827
3472,RDBMS,"SQL, Java",0.011908437,0.65060241,0.993719681,-0.024698981,0.010427866,8.04313437,2.630558602
3473,HTML/CSS,"Python, Java, TypeScript",0.011335068,0.650632911,0.994017687,-0.023508137,0.011026177,36.6960199,2.811568954
3474,"Docker, GCP","SQL, Kubernetes",0.010761699,0.650666667,0.99431621,-0.022317294,0.009987721,13.90439711,2.728638125
3475,"Java, AWS, NoSQL",Docker,0.016186654,0.65070922,0.991522141,-0.033564151,0.013714803,6.548393316,2.578455423
3476,"JavaScript, HTML/CSS","SQL, Docker",0.010541172,0.651226158,0.994444444,-0.021832135,0.009790131,14.03540939,2.73415344
3477,"Python, Power BI",R,0.011952543,0.651442308,0.993719953,-0.024743086,0.011236369,16.68943666,2.75698058
3478,"Python, Power BI","SQL, Tableau",0.011952543,0.651442308,0.993719953,-0.024743086,0.011208855,16.07198198,2.752678334
3479,Agile practices,Go,0.010232435,0.651685393,0.994615485,-0.021170555,0.009237284,10.28229848,2.689007673
3480,"AWS, Scala","SQL, Java",0.019229921,0.651718984,0.990017993,-0.039783002,0.016843168,8.056938121,2.638992059
3481,"Software Engineering, Cloud Computing",Python,0.012217175,0.651764706,0.993592519,-0.02527235,0.006602757,2.176036103,2.011515662
3482,"Kubernetes, Docker",AWS,0.052838178,0.65179543,0.973889274,-0.109292992,0.03935883,3.919935751,2.394348041
3483,"DevOps, CI/CD",Python,0.011070436,0.651948052,0.994188568,-0.022890663,0.005984435,2.176648238,2.012575284
3484,"Scala, Spark",Hadoop,0.013893177,0.652173913,0.992744861,-0.028712566,0.013190379,19.76836782,2.780151502
3485,"Python, Docker, NoSQL",Go,0.011246857,0.652173913,0.994103365,-0.023243505,0.010153869,10.29000635,2.692784369
3486,"JavaScript, Go","SQL, Kubernetes",0.012746438,0.652370203,0.993337948,-0.026330878,0.011832112,13.94080077,2.742009633
3487,"Java, Angular",JavaScript,0.014246019,0.652525253,0.992575967,-0.029418251,0.012442483,7.898934891,2.64016518
3488,Redshift,AWS,0.01018833,0.652542373,0.994658444,-0.021038239,0.007592199,3.92442791,2.399495263
3489,"Python, Java, Kafka",Hadoop,0.01018833,0.652542373,0.994658444,-0.021038239,0.009673235,19.77953639,2.783099701
3490,"AWS, Agile, NoSQL",Kubernetes,0.01226128,0.65258216,0.993592796,-0.025316456,0.010251709,6.101441363,2.57052024
3491,"Java, HTML/CSS","SQL, Kubernetes",0.010144224,0.653409091,0.994701412,-0.020905923,0.009417717,13.96300124,2.750228661
3492,"Java, HTML/CSS","SQL, Docker",0.010144224,0.653409091,0.994701412,-0.020905923,0.00942388,14.08245658,2.751373953
3493,"SQL, AWS, JavaScript",Docker,0.013804966,0.653444676,0.992829993,-0.028447934,0.011705646,6.575921504,2.598807881
3494,"Python, Spark",SQL,0.024390244,0.653664303,0.987541987,-0.050235963,0.016378945,3.04448043,2.267439629
3495,"Kubernetes, Go","SQL, AWS",0.022670136,0.65394402,0.988405303,-0.046663432,0.020225282,9.272590853,2.685911073
3496,"JavaScript, HTML/CSS","SQL, Kubernetes",0.010585278,0.653950954,0.994487847,-0.02178803,0.009827811,13.97458056,2.754535121
3497,"Kubernetes, Docker, DevOps",Python,0.0115997,0.654228856,0.993976165,-0.02386098,0.006289122,2.18426312,2.025850796
3498,"AWS, Software Engineering",Java,0.020112028,0.654232425,0.989687634,-0.041370793,0.014798413,3.784999174,2.392217478
3499,"Java, AWS, NoSQL",Kubernetes,0.016274864,0.654255319,0.991608211,-0.033475941,0.013614306,6.117084887,2.582959739
3500,"Python, Kafka",Spark,0.016363075,0.654320988,0.991566265,-0.033652362,0.015305323,15.46967649,2.770497949
3501,"SQL, Scala","Python, AWS",0.020376659,0.654390935,0.989563283,-0.041900057,0.017172593,6.359625232,2.595713975
3502,"Docker, Software Engineering","Python, Kubernetes",0.013540334,0.654584222,0.992999741,-0.027830459,0.012107967,9.453113414,2.694592143
3503,"Python, AWS, GCP",Azure,0.018744762,0.654853621,0.990395335,-0.038503947,0.016632623,8.874773549,2.683533277
3504,"Java, Scala","Python, AWS",0.02527235,0.654857143,0.987175132,-0.051911966,0.021301305,6.364156022,2.599220183
3505,"Docker, Agile","SQL, Kubernetes",0.017509813,0.655115512,0.991021951,-0.035945839,0.016259065,13.99946653,2.763836251
3506,Docker,Python,0.065099458,0.655126498,0.96882773,-0.13363913,0.035336441,2.187260063,2.031123713
3507,"Python, Kubernetes, Agile",Go,0.012658228,0.655251142,0.993466315,-0.025978036,0.011433857,10.3385589,2.716820164
3508,"Python, Java, Kafka",AWS,0.010232435,0.655367232,0.994701872,-0.020994134,0.007636304,3.941416775,2.419163257
3509,"Java, Kubernetes","AWS, Docker",0.035328364,0.655482815,0.982381251,-0.072465047,0.032076448,10.86386101,2.727480539
3510,HTML/CSS,"Go, TypeScript",0.011423279,0.655696203,0.994104387,-0.023419927,0.011129756,38.91780105,2.855477557
3511,HTML/CSS,"Python, Go, TypeScript",0.011423279,0.655696203,0.994104387,-0.023419927,0.011139745,40.28888889,2.857142857
3512,HTML/CSS,"SQL, Go, TypeScript",0.011423279,0.655696203,0.994104387,-0.023419927,0.011163565,43.98402367,2.861113958
3513,Google Cloud,"Java, AWS",0.0115997,0.655860349,0.994019242,-0.023772769,0.010162055,8.068541343,2.669596155
3514,"Docker, Ansible",Terraform,0.01018833,0.65625,0.994744843,-0.020861818,0.009504961,14.9089742,2.781041126
3515,Angular,Java,0.021832135,0.656498674,0.98894438,-0.044678693,0.016083978,3.798110342,2.408000127
3516,"SQL, Agile, NoSQL",Kubernetes,0.012393596,0.656542056,0.993636639,-0.025360561,0.01037459,6.13846517,2.600157039
3517,"Java, JavaScript, Go",HTML/CSS,0.011555595,0.656641604,0.994062067,-0.023640453,0.011249009,37.69122807,2.861669931
3518,"Python, Scala, Spark",Hadoop,0.012570017,0.656682028,0.993551738,-0.025713404,0.011938517,19.90501553,2.816657722
3519,Data visualization,SQL,0.014951705,0.656976744,0.992367071,-0.030564989,0.01006538,3.059908324,2.289335408
3520,"Python, Docker, NoSQL",Agile,0.011335068,0.657289003,0.99419008,-0.023155295,0.009659457,6.764736067,2.634394516
3521,Agile practices,"Python, SQL",0.010320646,0.657303371,0.994702332,-0.021082345,0.008213309,4.897482526,2.526396313
3522,"Java, Cloud Computing",SQL,0.016936444,0.657534247,0.991400439,-0.034578574,0.011406186,3.062504925,2.293062233
3523,"AWS, Go","Java, Docker",0.024478455,0.657582938,0.987711018,-0.049971332,0.02250335,12.39349789,2.765461777
3524,Open Source RDBMS,"Python, SQL, AWS",0.011864332,0.657701711,0.993934668,-0.024213823,0.010822071,11.38326023,2.752634348
3525,"AWS, Terraform",Python,0.014157809,0.657786885,0.992789603,-0.028888987,0.007711137,2.196142254,2.046913803
3526,"Python, SQL, Java",AWS,0.040709214,0.65787598,0.980063133,-0.083050324,0.030420027,3.956504535,2.436902649
3527,Data Modeling,SQL,0.017156971,0.65820643,0.991317056,-0.034975522,0.011560425,3.065635658,2.297571849
3528,"Java, Docker","Python, Kubernetes",0.034931416,0.658354115,0.982786061,-0.071185992,0.031257347,9.507555951,2.724325631
3529,"Docker, Agile","SQL, AWS",0.017598024,0.658415842,0.991107865,-0.035857628,0.01571306,9.335998985,2.72107346
3530,Scala,SQL,0.031138358,0.65858209,0.984586229,-0.063423455,0.020986925,3.067385316,2.300099852
3531,"Docker, GCP","Python, SQL",0.010894015,0.658666667,0.994446373,-0.022184978,0.008674208,4.907640267,2.536486818
3532,"AWS, Kubernetes, NoSQL",Agile,0.01226128,0.658767773,0.993764884,-0.024963613,0.01045282,6.779955382,2.645810974
3533,"AWS, Kubernetes, GCP",SQL,0.011070436,0.658792651,0.994361065,-0.02253782,0.007462511,3.068366018,2.301519259
3534,"Python, SQL, JavaScript",TypeScript,0.016363075,0.658969805,0.99173696,-0.033299519,0.015410258,17.17335906,2.819774852
3535,"Java, AWS, TypeScript",Go,0.012614123,0.658986175,0.993595014,-0.025669298,0.011400933,10.39749029,2.746576771
3536,"AWS, TypeScript",Python,0.016451286,0.659010601,0.991694995,-0.033475941,0.008974203,2.200227853,2.054259603
3537,"Docker, Jenkins",Python,0.015525074,0.65917603,0.992157539,-0.031579412,0.008470724,2.200780169,2.0552567
3538,Integrity,"Confidentiality, Availability",0.013319808,0.659388646,0.993255804,-0.027080669,0.013048963,49.17868019,2.896532869
3539,"Java, GCP",SQL,0.014687073,0.659405941,0.99257917,-0.029859304,0.009904914,3.071222451,2.305663483
3540,"Kubernetes, Agile","SQL, Docker",0.017509813,0.659468439,0.991192266,-0.035592996,0.01627786,14.21304934,2.800331328
3541,"Kubernetes, TypeScript","Python, Java",0.012128964,0.659472422,0.993850152,-0.024654876,0.01014238,6.10543823,2.61942386
3542,"Python, Problem Solving",Communication,0.013849072,0.659663866,0.993001858,-0.028139196,0.009961921,3.562781997,2.394238429
3543,"Go, TypeScript","JavaScript, HTML/CSS",0.011114542,0.659685864,0.99436131,-0.022581926,0.010841825,40.75492532,2.890897679
3544,"Data Analysis, Tableau","SQL, Data Visualization",0.012570017,0.659722222,0.993637741,-0.025536982,0.011906132,18.93402778,2.836379151
3545,"Python, SQL, Software Engineering",Kubernetes,0.011379173,0.659846547,0.994233437,-0.02311119,0.009534708,6.169361141,2.625416804
3546,"Docker, Agile","Python, AWS",0.017642129,0.660066007,0.991150823,-0.035813523,0.014891897,6.414777783,2.639048455
3547,Open Source RDBMS,"AWS, Docker",0.011908437,0.660146699,0.993977992,-0.024169717,0.01082003,10.94115944,2.764910376
3548,Open Source RDBMS,"SQL, Java, Kubernetes",0.011908437,0.660146699,0.993977992,-0.024169717,0.011259212,18.342532,2.836547575
3549,RDBMS,"Python, AWS",0.012084859,0.660240964,0.993892931,-0.02452256,0.010201449,6.416478086,2.640407421
3550,"Python, Hive",SQL,0.010805804,0.660377358,0.994532199,-0.021920346,0.007292575,3.075746888,2.31225834
3551,Hadoop,SQL,0.02178803,0.660427807,0.989155032,-0.044193534,0.014704753,3.075981857,2.312601863
3552,"SQL, Cloud Computing",AWS,0.017333392,0.660504202,0.991318549,-0.035151943,0.012969838,3.972310813,2.455768037
3553,"Python, AWS, Software Engineering",SQL,0.013055176,0.660714286,0.99342589,-0.026463194,0.008812786,3.077316146,2.314554525
3554,HTML/CSS,"SQL, AWS",0.011511489,0.660759494,0.994191087,-0.023331716,0.010282841,9.369230769,2.739872068
3555,Microsoft Azure,Python,0.018303709,0.660828025,0.990858761,-0.037092577,0.010007582,2.206295659,2.065267182
3556,"Java, Cloud computing",SQL,0.010144224,0.66091954,0.994874245,-0.020553081,0.006848796,3.078272131,2.315955587
3557,"SQL, Agile, NoSQL",Docker,0.012481807,0.661214953,0.993723215,-0.02527235,0.010606005,6.654117459,2.658413395
3558,"Java, JavaScript, TypeScript",Go,0.014731178,0.661386139,0.992622314,-0.029815199,0.013319518,10.43535694,2.76604344
3559,"Docker, JavaScript",AWS,0.017862656,0.661764706,0.991110157,-0.03612226,0.013374429,3.979891559,2.464919968
3560,"Java, HTML/CSS","Kubernetes, JavaScript",0.01027654,0.661931818,0.994831705,-0.020773607,0.009889663,26.56279666,2.884271708
3561,"Java, HTML/CSS","Docker, JavaScript",0.01027654,0.661931818,0.994831705,-0.020773607,0.00985748,24.52284332,2.878139956
3562,"SQL, AWS, Docker",Go,0.022670136,0.662371134,0.988826816,-0.045781326,0.020500932,10.45089821,2.774113071
3563,"SQL, Power BI",Tableau,0.016186654,0.662454874,0.991949025,-0.032682045,0.014925762,12.83746953,2.809688831
3564,"SQL, NoSQL",AWS,0.026154457,0.662569832,0.987186015,-0.052794072,0.019590792,3.984733637,2.4708014
3565,"SQL, Kubernetes","Python, Java",0.031006042,0.662582469,0.984916154,-0.062585454,0.025951449,6.134231249,2.643567633
3566,RDBMS,"Python, NoSQL",0.012128964,0.662650602,0.993936244,-0.024478455,0.011454069,17.97162334,2.854986422
3567,"SQL, AWS, NoSQL",Docker,0.017333392,0.662731872,0.991403765,-0.034975522,0.014734442,6.669382925,2.670370044
3568,HTML/CSS,"Java, JavaScript, Go",0.011555595,0.663291139,0.994234437,-0.023287611,0.011249009,37.69122807,2.917660004
3569,"Java, Docker, NoSQL",Agile,0.011908437,0.663390663,0.994064125,-0.023993296,0.010164259,6.827533596,2.682147743
3570,"Docker, JavaScript",SQL,0.017906761,0.663398693,0.991153103,-0.036078155,0.012111353,3.089818932,2.333013177
3571,"AWS, Go","Java, Kubernetes",0.024698981,0.663507109,0.98792363,-0.049750805,0.022692682,12.31071742,2.811659087
3572,"AWS, Hadoop",Java,0.010541172,0.663888889,0.994746668,-0.021214661,0.007796694,3.840865725,2.46094583
3573,"Java, Open Source RDBMS","SQL, Go",0.011158647,0.664041995,0.994447818,-0.02244961,0.010604266,20.12810715,2.878363375
3574,"AWS, Agile, NoSQL",Docker,0.012481807,0.664319249,0.993809256,-0.025095929,0.01061477,6.685357447,2.682997768
3575,"SQL, Docker, Agile",Go,0.012746438,0.664367816,0.993681842,-0.025625193,0.011530454,10.48240187,2.790616321
3576,"SQL, AWS, NoSQL",Kubernetes,0.017377497,0.664418212,0.991446746,-0.034931416,0.014580137,6.212104797,2.661183126
3577,"Java, Spark",Hadoop,0.015216337,0.664739884,0.992497413,-0.030564989,0.014461156,20.14926123,2.884355081
3578,"Python, Open Source RDBMS","Kubernetes, Go",0.011026331,0.664893617,0.994533385,-0.022140872,0.010451431,19.1795585,2.880676898
3579,"Python, Microservices",AWS,0.011996648,0.665036675,0.994064639,-0.024081507,0.008997163,3.999569371,2.488997653
3580,"Docker, Terraform",Python,0.012084859,0.665048544,0.994022092,-0.024257928,0.006642177,2.220386634,2.091290349
3581,Microservices,Java,0.026286773,0.665178571,0.987271416,-0.052749967,0.019456071,3.84832706,2.470425028
3582,"AWS, Linux",Python,0.014554757,0.665322581,0.992835254,-0.029197724,0.008002402,2.221301557,2.093002717
3583,"SQL, Docker","Python, Java",0.030873726,0.66539924,0.98516333,-0.061923874,0.025862009,6.160309089,2.665821983
3584,"TypeScript, HTML/CSS","SQL, Kubernetes",0.010011908,0.66568915,0.995046493,-0.020067922,0.009308104,14.2254195,2.851251314
3585,"TypeScript, HTML/CSS","SQL, Docker",0.010011908,0.66568915,0.995046493,-0.020067922,0.009314074,14.34711986,2.852438676
3586,Agile practices,"SQL, Java",0.010452962,0.665730337,0.994832602,-0.020950029,0.009182881,8.230154816,2.74960889
3587,HTML/CSS,"Kubernetes, Docker",0.0115997,0.665822785,0.994277787,-0.023243505,0.010187408,8.213384113,2.749841622
3588,"Java, Docker","AWS, Kubernetes",0.035328364,0.665835411,0.983163009,-0.070789044,0.032014682,10.66136037,2.805643967
3589,"AWS, Go","Python, Kubernetes",0.024787192,0.665876777,0.988008675,-0.049662594,0.022209541,9.616193739,2.78566283
3590,Integrity,Availability,0.013452124,0.665938865,0.9933855,-0.026948353,0.013103767,38.61593831,2.941841221
3591,"Python, Agile",AWS,0.034666784,0.666101695,0.983482162,-0.069421779,0.026013014,4.005974464,2.496936695
3592,"Java, Scala",AWS,0.025713404,0.666285714,0.987599796,-0.051470913,0.019296413,4.007081167,2.498313576
3593,"Python, Data analysis",SQL,0.011026331,0.666666667,0.994576536,-0.022052662,0.007475223,3.105039715,2.355885855
3594,"Kubernetes, Software Engineering",Java,0.014554757,0.666666667,0.992878108,-0.029109514,0.010781099,3.856936293,2.481453711
3595,"Docker, GCP",Java,0.011026331,0.666666667,0.994576536,-0.022052662,0.008167499,3.856936293,2.481453711
3596,"Java, Open Source RDBMS","Python, Kubernetes",0.011202752,0.666666667,0.994491195,-0.022405504,0.010039144,9.627600849,2.792263926
3597,"Python, AWS, JavaScript",Go,0.014201914,0.666666667,0.993047158,-0.028403828,0.012851752,10.51867316,2.80986195
3598,"Docker, Agile","Java, AWS",0.017818551,0.666666667,0.991322651,-0.035637101,0.01564595,8.201483089,2.756141666
3599,"AWS, Kubernetes, JavaScript",Go,0.011202752,0.666666667,0.994491195,-0.022405504,0.010137717,10.51867316,2.80986195
3600,Hadoop,"Python, Spark",0.022008556,0.667112299,0.989368515,-0.043973008,0.020777568,17.87876734,2.891926901
3601,"Docker, Git",Kubernetes,0.014510651,0.667342799,0.99292066,-0.028977198,0.012185021,6.239448778,2.684579165
3602,"Kubernetes, Linux",Docker,0.013540334,0.667391304,0.993386072,-0.027036563,0.011524285,6.716272989,2.707778594
3603,Open Source RDBMS,"SQL, Go",0.012040753,0.667481663,0.994107963,-0.024037401,0.01144563,20.23236863,2.908138016
3604,Open Source RDBMS,"Python, SQL, Kubernetes",0.012040753,0.667481663,0.994107963,-0.024037401,0.011331856,16.98519836,2.889170457
3605,"Python, Open Source RDBMS","Docker, Go",0.011070436,0.667553191,0.994576771,-0.022096767,0.010547467,21.16843848,2.913141799
3606,"Hadoop, Hive","Python, Java",0.01018833,0.667630058,0.995004127,-0.020332554,0.008539989,6.180962148,2.683714589
3607,"Python, SQL, Power BI",R,0.010100119,0.667638484,0.995046924,-0.020156133,0.00950962,17.10436988,2.891329899
3608,"Java, Kubernetes",SQL,0.035989944,0.667757774,0.983008998,-0.071803467,0.024418067,3.110121613,2.363622755
3609,"Python, TypeScript","AWS, JavaScript",0.014642967,0.668008048,0.992878722,-0.029197724,0.013887894,19.39276118,2.908364909
3610,"Kubernetes, Jenkins",Python,0.014201914,0.668049793,0.993090045,-0.028315618,0.007834505,2.230406854,2.110198253
3611,"Docker, JavaScript","Java, Kubernetes",0.018039077,0.668300654,0.991281941,-0.035945839,0.016584273,12.39965689,2.852291706
3612,HTML/CSS,Kubernetes,0.011643805,0.66835443,0.994321138,-0.0231994,0.009780471,6.248907216,2.69276804
3613,HTML/CSS,"Python, SQL, Java",0.011643805,0.66835443,0.994321138,-0.0231994,0.010565761,10.80085531,2.82868314
3614,"AWS, Kubernetes, Docker",Java,0.035328364,0.668614357,0.983368941,-0.070347991,0.026195351,3.868204471,2.496038242
3615,"AWS, Node.js",Java,0.012393596,0.669047619,0.99398086,-0.024654876,0.009191705,3.870711066,2.499305896
3616,"Kubernetes, TypeScript",Go,0.012305385,0.669064748,0.994023387,-0.024478455,0.011139717,10.55651012,2.830223269
3617,"SQL, ETL",Python,0.011952543,0.669135802,0.994193604,-0.023772769,0.006602333,2.234032698,2.117124649
3618,"Python, AWS, Kubernetes",SQL,0.029374145,0.669346734,0.986099375,-0.058395448,0.019951873,3.117522287,2.374981182
3619,"SQL, Bachelor's Degree",Java,0.010364751,0.66951567,0.994961779,-0.020597186,0.007688885,3.873418927,2.502845554
3620,"Kubernetes, Linux",Python,0.01358444,0.669565217,0.9934293,-0.026992458,0.007507659,2.235466378,2.119875948
3621,"SQL, TypeScript","Python, AWS",0.013496229,0.669584245,0.993471682,-0.026816037,0.011422209,6.507279721,2.71507114
3622,"Agile, Azure","Python, AWS",0.010011908,0.669616519,0.995132974,-0.019891501,0.008473412,6.507593373,2.715336366
3623,"Java, HTML","JavaScript, CSS",0.011290963,0.670157068,0.994534808,-0.022405504,0.010845105,25.32411867,2.951516348
3624,Microsoft Azure,AWS,0.018568341,0.670382166,0.991116261,-0.036827945,0.013962775,4.031717464,2.52936232
3625,"SQL, Agile",AWS,0.028888987,0.670419652,0.986384778,-0.057292815,0.021723958,4.03194291,2.529650009
3626,"Hadoop, Hive",Scala,0.010232435,0.670520231,0.995047569,-0.020288449,0.009510908,14.18162799,2.89158602
3627,"AWS, GCP",Azure,0.024698981,0.670658683,0.988301855,-0.048956909,0.021981513,9.088968507,2.81231581
3628,HTML/CSS,"Python, SQL, Go",0.011687911,0.670886076,0.994364488,-0.023155295,0.011150041,21.73,2.944652908
3629,"SQL, AWS",Java,0.047325012,0.671044403,0.978328939,-0.093723812,0.035134955,3.882263267,2.51447686
3630,"Java, AWS, Software Engineering",SQL,0.013496229,0.671052632,0.993514635,-0.026727826,0.009178082,3.125467608,2.387297667
3631,"Python, Hive",Java,0.010982226,0.67115903,0.99470578,-0.021743924,0.008153888,3.88292643,2.515353352
3632,"Python, Scala",AWS,0.02858025,0.671502591,0.98658939,-0.056543025,0.021503225,4.038455766,2.537989362
3633,"Java, Docker",SQL,0.035637101,0.671654198,0.98345619,-0.070480307,0.024245147,3.128269439,2.391671463
3634,CSS,"JavaScript, HTML",0.023552243,0.671698113,0.988878473,-0.046575222,0.022633623,25.6387396,2.966176793
3635,"SQL, TypeScript","Kubernetes, JavaScript",0.013540334,0.671772429,0.993514916,-0.026771931,0.013038053,26.95769253,2.970745233
3636,"SQL, AWS, Kubernetes",Go,0.022670136,0.671895425,0.989290895,-0.044811009,0.020531681,10.60117256,2.854640627
3637,"Java, Open Source RDBMS",Go,0.011290963,0.67191601,0.994577947,-0.022317294,0.010225928,10.60149736,2.854819742
3638,"Python, Node.js",SQL,0.01093812,0.672086721,0.99474872,-0.021611609,0.00744383,3.13028394,2.394826117
3639,"SQL, JavaScript, TypeScript",HTML/CSS,0.012658228,0.672131148,0.993939394,-0.025007718,0.012330127,38.58032787,2.996864111
3640,"Java, AWS, JavaScript",Python,0.01773034,0.672240803,0.9915775,-0.035019627,0.009830525,2.244399311,2.137181058
3641,"SQL, GCP","Java, AWS",0.013937282,0.672340426,0.99334572,-0.027521722,0.012252262,8.271282945,2.803867063
3642,Terraform,Python,0.029594672,0.672344689,0.986185628,-0.058439554,0.016410699,2.244746156,2.137858674
3643,"Java, TypeScript","Python, JavaScript",0.016495391,0.672661871,0.992164966,-0.032549729,0.015530626,17.09782802,2.934757564
3644,"Problem Solving, Attention to Detail",Communication,0.011335068,0.672774869,0.994578183,-0.022361399,0.008215548,3.633593284,2.490168923
3645,"SQL, Scala",AWS,0.020950029,0.672804533,0.990119338,-0.041326688,0.015772434,4.046285721,2.548088263
3646,"Java, Agile",AWS,0.033828783,0.672807018,0.984336287,-0.066731354,0.025468361,4.046300665,2.548107616
3647,"Docker, Cloud Computing",SQL,0.011158647,0.67287234,0.994663543,-0.022008556,0.007598069,3.13394301,2.400577457
3648,"Docker, Cloud Computing","Java, Kubernetes",0.011158647,0.67287234,0.994663543,-0.022008556,0.010264845,12.48448001,2.892153161
3649,"Agile, Cloud Computing",SQL,0.010982226,0.672972973,0.994748948,-0.021655714,0.007478466,3.134411712,2.401316161
3650,Google Cloud,Java,0.011908437,0.673316708,0.994322614,-0.023464032,0.008851394,3.895409473,2.531966764
3651,HTML/CSS,Docker,0.011732016,0.673417722,0.994407838,-0.02311119,0.010000844,6.776919663,2.757745185
3652,HTML/CSS,"Python, Go",0.011732016,0.673417722,0.994407838,-0.02311119,0.010769229,12.18547486,2.89279637
3653,"Python, Java, Software Engineering",AWS,0.014642967,0.673427992,0.99305016,-0.028844882,0.011027451,4.050035241,2.552952824
3654,Data Mining,Data Visualization,0.01301107,0.673515982,0.99381247,-0.025625193,0.012041458,13.4188294,2.90920256
3655,"Python, Scala",SQL,0.02866846,0.67357513,0.986673999,-0.056454814,0.019530276,3.137216293,2.405745874
3656,"Java, AWS, GCP",SQL,0.013937282,0.673773987,0.993388644,-0.027433511,0.00949603,3.138142484,2.407212345
3657,"Docker, Azure","Python, Kubernetes",0.012481807,0.673809524,0.994067466,-0.024566665,0.011199089,9.730753715,2.853408392
3658,"Python, Hive",Scala,0.011026331,0.673854447,0.994749175,-0.021699819,0.01025267,14.25214728,2.921146972
3659,"SQL, Kubernetes, Agile",NoSQL,0.012393596,0.673860911,0.994110004,-0.024390244,0.011488317,13.69036599,2.91525454
3660,"Spark, Hadoop",SQL,0.01631897,0.673952641,0.992291792,-0.032108676,0.011120148,3.138974575,2.408531349
3661,"Python, AWS, Cloud Computing",SQL,0.014863494,0.674,0.992965952,-0.029241829,0.010128684,3.139195152,2.408881243
3662,"Java, Go","SQL, AWS",0.026551405,0.674132139,0.987651702,-0.052220703,0.023773726,9.55884802,2.852308247
3663,Agile practices,"Python, Java",0.010585278,0.674157303,0.994962873,-0.020817713,0.008889297,6.241391809,2.737474468
3664,"Kubernetes, JavaScript",AWS,0.016804128,0.674336283,0.992081935,-0.033034887,0.012660586,4.055497758,2.560073129
3665,"Python, Agile",Java,0.035107838,0.674576271,0.983901396,-0.068980726,0.026112048,3.902696554,2.541766823
3666,RDBMS,"Java, AWS",0.012349491,0.674698795,0.994152807,-0.024257928,0.010861653,8.300296138,2.824194547
3667,Open Source RDBMS,"SQL, Java, Docker",0.012173069,0.674816626,0.994237934,-0.023905085,0.011530209,18.93578881,2.965597184
3668,"Docker, Agile","Python, Kubernetes",0.018039077,0.674917492,0.991537437,-0.035416575,0.016188299,9.746754325,2.863133569
3669,"Docker, Agile","Java, Kubernetes",0.018039077,0.674917492,0.991537437,-0.035416575,0.016598536,12.52242577,2.910348206
3670,"JavaScript, Go","Kubernetes, Docker",0.013187492,0.674943567,0.993770549,-0.025889825,0.011603579,8.325895259,2.826999625
3671,"SQL, Software Engineering",AWS,0.015392758,0.675048356,0.992755498,-0.030212147,0.011601233,4.059780205,2.565683065
3672,"Docker, TypeScript","SQL, Java",0.012746438,0.675233645,0.993982944,-0.025007718,0.011219487,8.347640365,2.8300679
3673,Statistics,Python,0.018524236,0.675241158,0.991328611,-0.036342787,0.010307371,2.254416546,2.156925868
3674,"SQL, AWS, TypeScript",HTML/CSS,0.010364751,0.675287356,0.995091438,-0.020332554,0.010097353,38.76149425,3.025993648
3675,Hive,"Spark, Hadoop",0.012658228,0.675294118,0.994025457,-0.024831297,0.012204345,27.88878603,3.00513859
3676,"Java, Linux",Python,0.018171393,0.675409836,0.991495941,-0.035637101,0.010113053,2.25497971,2.158046749
3677,"Java, RDBMS","SQL, Kubernetes",0.010100119,0.675516224,0.995219885,-0.01980329,0.009400443,14.4354188,2.937602194
3678,"Python, Open Source RDBMS","Java, Kubernetes",0.011202752,0.675531915,0.994706929,-0.021964451,0.010308951,12.53382578,2.915859334
3679,"Kubernetes, Terraform",Docker,0.015613285,0.675572519,0.992671466,-0.030609095,0.013316742,6.798604405,2.776061706
3680,"Kubernetes, Docker, Software Engineering",SQL,0.012128964,0.675675676,0.994280763,-0.023772769,0.008274828,3.146999711,2.421327129
3681,"SQL, Data Analysis, Data Visualization",Python,0.014246019,0.675732218,0.993304825,-0.02791867,0.007931451,2.25605604,2.160192242
3682,"SQL, Kubernetes","AWS, Docker",0.031623517,0.675777568,0.985506025,-0.06196798,0.028800045,11.20022281,2.898207606
3683,"Docker, Software Engineering","AWS, Kubernetes",0.013981388,0.675906183,0.993431856,-0.027389406,0.01268952,10.82261363,2.892825515
3684,HTML/CSS,"Python, Java",0.011776121,0.675949367,0.994451188,-0.023067084,0.009894345,6.25798285,2.75261324
3685,"Java, Node.js",SQL,0.011335068,0.676315789,0.994664469,-0.022184978,0.007736612,3.149981079,2.426115515
3686,"Python, Cloud Computing",AWS,0.022052662,0.676589986,0.98979156,-0.043135006,0.016633055,4.069051661,2.577913161
3687,GCP,"Python, AWS",0.028624355,0.676746611,0.986882194,-0.055969656,0.02427209,6.576886375,2.775229312
3688,"AWS, Docker, NoSQL",Agile,0.012481807,0.677033493,0.994153566,-0.024390244,0.010690488,6.967943887,2.795447677
3689,Open Source RDBMS,Go,0.012217175,0.677261614,0.994281258,-0.02386098,0.01107387,10.68584034,2.902104893
3690,"Agile, JavaScript",AWS,0.013981388,0.677350427,0.993474785,-0.027301195,0.010549214,4.073624997,2.58398895
3691,"Kubernetes, Docker, GCP",Java,0.01018833,0.677419355,0.995220301,-0.019891501,0.007588699,3.919144943,2.564168835
3692,"TypeScript, HTML/CSS","Kubernetes, JavaScript",0.01018833,0.677419355,0.995220301,-0.019891501,0.009813542,27.18429917,3.022749526
3693,"SQL, Data Visualization, R",Tableau,0.010100119,0.677514793,0.995263135,-0.01971508,0.009330839,13.12931017,2.94090008
3694,"SQL, Java, Kubernetes",Go,0.024390244,0.677696078,0.98880327,-0.047589644,0.022109225,10.69269533,2.906016922
3695,"SQL, Collaboration",Python,0.012349491,0.677966102,0.994238933,-0.024081507,0.006893598,2.263514272,2.17517706
3696,Redshift,"Python, Snowflake",0.010585278,0.677966102,0.99504929,-0.020641291,0.010226502,29.50388757,3.033907708
3697,"Python, Java, Kafka",Scala,0.010585278,0.677966102,0.99504929,-0.020641291,0.009847067,14.33910954,2.9584435
3698,"Go, TypeScript",HTML/CSS,0.011423279,0.678010471,0.994664932,-0.022273188,0.011129756,38.91780105,3.051584941
3699,"Go, TypeScript","Python, HTML/CSS",0.011423279,0.678010471,0.994664932,-0.022273188,0.011206295,52.64565553,3.065693624
3700,"Go, TypeScript","SQL, HTML/CSS",0.011423279,0.678010471,0.994664932,-0.022273188,0.011177314,46.44269309,3.060351501
3701,"SQL, TypeScript","Docker, JavaScript",0.01367265,0.67833698,0.993644617,-0.026639615,0.013128587,25.13061169,3.024928209
3702,HTML/CSS,"AWS, JavaScript, TypeScript",0.011820227,0.678481013,0.994494538,-0.023022979,0.01145678,32.52262156,3.045351038
3703,"Python, SQL, JavaScript",AWS,0.016848234,0.678507993,0.992210363,-0.032814361,0.012719358,4.080586664,2.593292872
3704,"Kubernetes, TypeScript","AWS, JavaScript",0.012481807,0.678657074,0.994196622,-0.024302033,0.011848274,19.70191017,3.004745601
3705,"Java, AWS, JavaScript",TypeScript,0.017906761,0.678929766,0.991749388,-0.034843206,0.01689471,17.693534,2.99507169
3706,"Kubernetes, Scala","AWS, Go",0.010364751,0.679190751,0.995177897,-0.020156133,0.009796683,18.24560653,3.001082766
3707,"Kubernetes, Agile","Python, Docker",0.018039077,0.679401993,0.991707841,-0.035063732,0.016310595,10.43636951,2.916114646
3708,"Kubernetes, Agile","Java, Docker",0.018039077,0.679401993,0.991707841,-0.035063732,0.016630294,12.80472269,2.953671814
3709,"JavaScript, Go","AWS, TypeScript",0.013275702,0.679458239,0.993857069,-0.025801614,0.012787947,27.21794463,3.041838869
3710,"Python, Kubernetes, DevOps",Docker,0.0115997,0.679586563,0.994622723,-0.02253782,0.009903589,6.838999623,2.810839381
3711,Agile practices,"Java, AWS",0.010673488,0.679775281,0.99504972,-0.020729502,0.009397175,8.362748206,2.868966179
3712,"Python, Tableau, Data Visualization",R,0.010673488,0.679775281,0.99504972,-0.020729502,0.010060609,17.41530502,3.000913831
3713,"Java, TypeScript","SQL, JavaScript",0.016671812,0.679856115,0.992337165,-0.032373307,0.015786002,18.82097399,3.010764177
3714,"Docker, TypeScript","AWS, JavaScript",0.012834649,0.679906542,0.994069521,-0.024919508,0.012184404,19.73818313,3.016474465
3715,"Docker, GCP","SQL, AWS",0.011246857,0.68,0.994793474,-0.021832135,0.010080419,9.642051282,2.904611212
3716,"Python, TypeScript","SQL, Go",0.014907599,0.680080483,0.993137678,-0.028933092,0.01418443,20.61425774,3.022664034
3717,"React, Angular",Java,0.011070436,0.680216802,0.994878917,-0.021479293,0.008257346,3.935329307,2.586600055
3718,"TypeScript, HTML/CSS","Docker, JavaScript",0.010232435,0.680351906,0.995263752,-0.019847396,0.009826471,25.20525943,3.043996072
3719,"Go, TypeScript","Kubernetes, JavaScript",0.011467384,0.680628272,0.994708306,-0.022229083,0.011047534,27.31307047,3.053120885
3720,"Teamwork, Data Analysis",Communication,0.010717594,0.680672269,0.995049935,-0.020773607,0.00780223,3.676246392,2.551754115
3721,"Python, SQL, Cloud Computing",Java,0.014290125,0.680672269,0.993433842,-0.027698143,0.010661315,3.937964367,2.590289401
3722,HTML/CSS,"SQL, Java, Go",0.011864332,0.681012658,0.994537888,-0.022978874,0.011323389,21.93267045,3.037580886
3723,"Python, Java, Spark",Hadoop,0.013937282,0.681034483,0.993603319,-0.026992458,0.01326213,20.6431749,3.031704575
3724,"SQL, Kubernetes, Agile",Go,0.012525912,0.681055156,0.994239931,-0.024257928,0.011360244,10.74569488,2.93662264
3725,"JavaScript, HTML/CSS","SQL, AWS",0.011026331,0.68119891,0.994921875,-0.021346977,0.009884777,9.659051212,2.915534536
3726,"JavaScript, HTML/CSS","Kubernetes, Docker",0.011026331,0.68119891,0.994921875,-0.021346977,0.00971415,8.403059243,2.882469491
3727,"Java, C++",Python,0.01631897,0.681399632,0.992548243,-0.031579412,0.009145726,2.274977742,2.198618764
3728,"Java, RDBMS","SQL, NoSQL",0.01018833,0.681415929,0.995306796,-0.01971508,0.009598122,17.26228309,3.014983559
3729,"Software Engineering, Go",Kubernetes,0.010100119,0.681547619,0.995349646,-0.019538658,0.008515105,6.37225945,2.804326938
3730,"SQL, Docker","AWS, Kubernetes",0.031623517,0.681558935,0.985879874,-0.061174084,0.028725766,10.91312552,2.944177011
3731,"JavaScript, Go",Docker,0.013319808,0.681715576,0.993900329,-0.025757509,0.011378265,6.860424876,2.829641155
3732,"Java, Bachelor's Degree",AWS,0.012570017,0.681818182,0.99424018,-0.024302033,0.009504529,4.100494333,2.620272067
3733,"Java, HTML/CSS",Kubernetes,0.010585278,0.681818182,0.995135722,-0.02046487,0.008924787,6.374789128,2.80671157
3734,"Java, HTML/CSS",Docker,0.010585278,0.681818182,0.995135722,-0.02046487,0.009042562,6.861457451,2.830553648
3735,"Java, HTML/CSS","Kubernetes, Docker",0.010585278,0.681818182,0.995135722,-0.02046487,0.009326728,8.410698388,2.888079591
3736,"Java, HTML/CSS","Go, TypeScript",0.010585278,0.681818182,0.995135722,-0.02046487,0.010323708,40.46822941,3.089905552
3737,"Kubernetes, Cloud Computing",Java,0.012481807,0.681927711,0.994282744,-0.024125612,0.009318033,3.945227606,2.600513359
3738,"Java, Docker, JavaScript",TypeScript,0.013716756,0.682017544,0.993730814,-0.026507299,0.012945024,17.77400434,3.024155421
3739,"Python, TypeScript","Java, Go",0.014951705,0.682092555,0.993180837,-0.028888987,0.014088349,17.31812375,3.021678046
3740,Open Source RDBMS,"Python, Kubernetes",0.012305385,0.682151589,0.994367906,-0.023772769,0.011056263,9.85122483,2.928297297
3741,Open Source RDBMS,"Python, SQL, Docker",0.012305385,0.682151589,0.994367906,-0.023772769,0.011598875,17.417143,3.022933072
3742,Open Source RDBMS,"Python, Kubernetes, Docker",0.012305385,0.682151589,0.994367906,-0.023772769,0.011303701,12.28468863,2.97145232
3743,"AWS, Bachelor's Degree",Python,0.011643805,0.682170543,0.994666088,-0.022493715,0.006531383,2.27755157,2.203951622
3744,"Java, Open Source RDBMS","Python, Docker",0.011467384,0.682414698,0.994751453,-0.022140872,0.010373444,10.482648,2.943777741
3745,"Java, Kubernetes, JavaScript",TypeScript,0.013363913,0.682432432,0.993900593,-0.025801614,0.01261249,17.78481671,3.028106352
3746,"Python, Kubernetes, Terraform",Docker,0.010805804,0.682451253,0.995050365,-0.020861818,0.00923241,6.867828349,2.836196697
3747,"Docker, Microservices",Java,0.011687911,0.682989691,0.99466632,-0.02253782,0.008729973,3.951371589,2.609225041
3748,"Docker, Microservices",AWS,0.011687911,0.682989691,0.99466632,-0.02253782,0.008842434,4.107539856,2.62995526
3749,"Kubernetes, JavaScript","Python, Docker",0.017024655,0.683185841,0.9922971,-0.032814361,0.015402408,10.49449361,2.950943053
3750,"Kubernetes, JavaScript","SQL, Docker",0.017024655,0.683185841,0.9922971,-0.032814361,0.01586842,14.72421347,3.009970267
3751,"Go, TypeScript","Docker, JavaScript",0.011511489,0.683246073,0.994751681,-0.022184978,0.011056714,25.31248075,3.071808934
3752,"Python, Spark, Hadoop",SQL,0.015039915,0.683366733,0.993181426,-0.028977198,0.010314574,3.182821271,2.480141439
3753,HTML/CSS,"Java, Go",0.011908437,0.683544304,0.994581238,-0.022934768,0.011222269,17.3549832,3.03554007
3754,HTML/CSS,"Python, JavaScript, TypeScript",0.011908437,0.683544304,0.994581238,-0.022934768,0.011580337,36.29508197,3.100487805
3755,"Python, AWS, TypeScript",Kubernetes,0.011246857,0.683646113,0.994879806,-0.021655714,0.009487303,6.391879716,2.822929087
3756,"Spark, Kafka","Python, Hadoop",0.012393596,0.683698297,0.994368394,-0.02386098,0.011901098,25.1647589,3.075643005
3757,"AWS, Open Source RDBMS",Go,0.010011908,0.68373494,0.995435775,-0.019274026,0.009083847,10.78797654,2.961505294
3758,"SQL, Problem Solving",Communication,0.015172231,0.68389662,0.993139455,-0.029197724,0.011064591,3.693660808,2.577782789
3759,"JavaScript, HTML/CSS",Kubernetes,0.011070436,0.683923706,0.994965278,-0.021302871,0.009339186,6.394475126,2.825408316
3760,"SQL, DevOps",Python,0.013363913,0.683972912,0.993943589,-0.025713404,0.007511709,2.283569111,2.216521224
3761,"Python, Java, TypeScript",Kubernetes,0.012128964,0.684079602,0.994496208,-0.023331716,0.010232608,6.395932708,2.826802562
3762,"Kubernetes, Docker, Jenkins",Python,0.012128964,0.684079602,0.994496208,-0.023331716,0.006818386,2.283925315,2.217269769
3763,"Kubernetes, Microservices",Java,0.013187492,0.684210526,0.994028559,-0.025360561,0.009856,3.958434617,2.619312251
3764,"Python, Java, AWS",SQL,0.040709214,0.684210526,0.982266256,-0.078286949,0.027934695,3.186751287,2.486768403
3765,"Kubernetes, Docker, JavaScript",TypeScript,0.015392758,0.684313725,0.993055256,-0.029594672,0.014529637,17.83384494,3.046151975
3766,"Kubernetes, Cloud Computing","Python, Docker",0.012525912,0.684337349,0.994326057,-0.024081507,0.01133435,10.51218206,2.961707825
3767,"SQL, Java, Docker",Go,0.024390244,0.684405941,0.989140156,-0.046883959,0.022131588,10.7985636,2.967801903
3768,"Python, AWS, Kubernetes",Java,0.030035725,0.684422111,0.986733142,-0.057733868,0.022450292,3.959658717,2.621068411
3769,"Docker, TypeScript","Python, SQL",0.01292286,0.684579439,0.994156097,-0.024831297,0.01038932,5.100712989,2.744867039
3770,"Tableau, Data Visualization",Python,0.015701495,0.684615385,0.992928901,-0.030168041,0.008832091,2.285714124,2.221036518
3771,PyTorch,"Python, TensorFlow",0.010452962,0.684971098,0.995264781,-0.020067922,0.010259118,53.92482539,3.133990759
3772,"Kubernetes, Docker",Python,0.055528602,0.684983678,0.976377953,-0.106602567,0.031247899,2.286943739,2.223633186
3773,"Kubernetes, Terraform",Python,0.015833811,0.685114504,0.992887011,-0.030388568,0.008911565,2.287380525,2.224557042
3774,"Python, JavaScript, Go",Docker,0.012305385,0.685503686,0.994454073,-0.023596348,0.01052162,6.89854641,2.863724198
3775,"SQL, HTML/CSS","Kubernetes, TypeScript",0.010011908,0.685800604,0.995479047,-0.019185816,0.009743407,37.28814652,3.124156486
3776,"SQL, HTML/CSS","Docker, TypeScript",0.010011908,0.685800604,0.995479047,-0.019185816,0.009736325,36.32980631,3.122612375
3777,"Python, AWS, Cloud Computing",Java,0.015128126,0.686,0.993224874,-0.028977198,0.011316351,3.968787446,2.634239609
3778,"Docker, Cloud Computing",Java,0.011379173,0.686170213,0.994880472,-0.02178803,0.008512718,3.969772195,2.635668349
3779,"Python, Open Source RDBMS","SQL, Go",0.011379173,0.686170213,0.994880472,-0.02178803,0.010832067,20.79884657,3.081317508
3780,"Python, JavaScript, TypeScript",Kubernetes,0.01292286,0.68618267,0.994199134,-0.024743086,0.010908571,6.415595741,2.845746568
3781,"Python, Kubernetes, Docker",AWS,0.038107,0.686258936,0.983494902,-0.072950205,0.028873866,4.127201286,2.657359922
3782,Kafka,Python,0.025007718,0.686440678,0.988978254,-0.047854276,0.014095933,2.291808201,2.233965629
3783,"Kubernetes, Docker, Cloud Computing",SQL,0.010717594,0.686440678,0.995179572,-0.020508975,0.007365348,3.197138351,2.504455234
3784,"Python, Java, Open Source RDBMS",Go,0.010629383,0.686609687,0.995222377,-0.020332554,0.009648209,10.83333432,2.988671347
3785,"JavaScript, HTML/CSS","Go, TypeScript",0.011114542,0.686648501,0.995008681,-0.021258766,0.010841825,40.75492532,3.137536507
3786,"Python, Microsoft Azure",SQL,0.012570017,0.686746988,0.994369369,-0.024037401,0.008640125,3.198565008,2.506904179
3787,Data Governance,SQL,0.010452962,0.686956522,0.99530802,-0.019979712,0.007185942,3.199540924,2.508582161
3788,"Python, Data Science",SQL,0.017421603,0.686956522,0.992257398,-0.033299519,0.011976571,3.199540924,2.508582161
3789,Open Source RDBMS,"Python, Java, AWS",0.012393596,0.687041565,0.994454553,-0.023684559,0.011320305,11.5472894,3.005197537
3790,"Software Engineering, Cloud Computing",Java,0.012878754,0.687058824,0.994241926,-0.024610771,0.009638745,3.974913168,2.64315245
3791,"SQL, TypeScript","Java, AWS",0.013849072,0.687089716,0.993817553,-0.026463194,0.012210658,8.452732024,2.9360297
3792,"SQL, TypeScript","Java, Go",0.013849072,0.687089716,0.993817553,-0.026463194,0.013055201,17.44500013,3.06993408
3793,"SQL, Go","AWS, Kubernetes",0.022670136,0.687165775,0.990008966,-0.043311428,0.020609758,11.00290228,2.99694467
3794,"SQL, Go","AWS, Docker",0.022670136,0.687165775,0.990008966,-0.043311428,0.020679602,11.38896902,3.00371201
3795,"Java, RDBMS","SQL, Docker",0.01027654,0.687315634,0.995393708,-0.019626869,0.009582799,14.81321994,3.049724591
3796,"Java, JavaScript, HTML/CSS",Kubernetes,0.01027654,0.687315634,0.995393708,-0.019626869,0.008677375,6.426188608,2.8560577
3797,"Java, JavaScript, HTML/CSS",Docker,0.01027654,0.687315634,0.995393708,-0.019626869,0.0087908,6.916780903,2.880318956
3798,"Python, AWS, JavaScript",TypeScript,0.014642967,0.6873706,0.993479012,-0.027962775,0.013825541,17.91350991,3.075937099
3799,"SQL, JavaScript",Python,0.024831297,0.687423687,0.989102673,-0.047413223,0.014011985,2.295090158,2.240991143
3800,"Java, HTML/CSS","SQL, AWS",0.010673488,0.6875,0.995222584,-0.020376659,0.009578592,9.748397436,2.974321881
3801,"Tableau, Power BI",Python,0.013496229,0.687640449,0.993987369,-0.025757509,0.007617604,2.295813858,2.24254628
3802,"SQL, Data Analysis, Tableau",Python,0.011070436,0.687671233,0.995051654,-0.02112645,0.006248643,2.295916634,2.242767307
3803,"DevOps, Ansible",Kubernetes,0.010011908,0.687878788,0.995522323,-0.019097605,0.008455198,6.431453921,2.861210824
3804,"Python, AWS, Hadoop",Java,0.010232435,0.6884273,0.995436767,-0.019494553,0.007663299,3.982830356,2.65476159
3805,"Data Analysis, Problem Solving",Communication,0.015789706,0.688461538,0.993015134,-0.030079831,0.011543238,3.718315498,2.615554586
3806,"AWS, Google Cloud",Java,0.0115997,0.688481675,0.99483843,-0.022096767,0.008687504,3.983144942,2.65522498
3807,"JavaScript, Go",Kubernetes,0.013452124,0.688487585,0.994030109,-0.025625193,0.011362358,6.437145982,2.866802562
3808,"AWS, Docker, GCP",Java,0.010629383,0.688571429,0.995265604,-0.020244343,0.00796114,3.9836642,2.655990211
3809,HTML/CSS,"Java, AWS, JavaScript",0.011996648,0.688607595,0.994667938,-0.022846558,0.011537154,26.1083612,3.126681964
3810,"Data Visualization, Power BI",Data Analysis,0.010144224,0.688622754,0.995479637,-0.019318132,0.008872716,7.978101028,2.934337351
3811,"Python, AWS, TypeScript",Docker,0.011335068,0.689008043,0.994966589,-0.021567503,0.009700316,6.933812409,2.895993564
3812,"Python, Java, TypeScript",Docker,0.012217175,0.689054726,0.994582882,-0.023243505,0.010455323,6.934282206,2.896428351
3813,"TypeScript, HTML/CSS","SQL, AWS",0.010364751,0.68914956,0.995394108,-0.01971508,0.00930407,9.771787352,2.990105428
3814,RDBMS,"Java, NoSQL",0.012614123,0.689156627,0.994412682,-0.023993296,0.011983628,20.00671984,3.106238783
3815,"Kubernetes, Cloud Computing","AWS, Docker",0.012614123,0.689156627,0.994412682,-0.023993296,0.011509748,11.42196505,3.022949812
3816,"Agile, Cloud Computing",Java,0.011246857,0.689189189,0.99500933,-0.021391082,0.008426144,3.987238195,2.661269198
3817,"Java, JavaScript, Go",Docker,0.012128964,0.689223058,0.99462552,-0.023067084,0.010380261,6.935976203,2.897997191
3818,"SQL, TypeScript","Kubernetes, Docker",0.013893177,0.689277899,0.993860787,-0.026419089,0.012259208,8.502719158,2.957415689
3819,"JavaScript, HTML/CSS",Docker,0.011158647,0.689373297,0.995052083,-0.021214661,0.00955019,6.937488133,2.899398852
3820,"AWS, NoSQL","SQL, Java",0.021655714,0.689606742,0.990549498,-0.041150267,0.019115552,8.525329145,2.961117266
3821,"Python, Hadoop",SQL,0.018744762,0.689935065,0.991798703,-0.035592996,0.012911476,3.213413666,2.532680082
3822,"SQL, Collaboration",Communication,0.012570017,0.690072639,0.994455514,-0.02386098,0.009197342,3.727016901,2.629151069
3823,"SQL, Java, TypeScript",HTML/CSS,0.012084859,0.690176322,0.994668401,-0.022934768,0.01177981,39.61612091,3.171411575
3824,"SQL, Data visualization",Python,0.010320646,0.690265487,0.995437163,-0.019582764,0.005842322,2.304578027,2.261552129
3825,"SQL, Hadoop","Python, Spark",0.015039915,0.690283401,0.993395778,-0.028536144,0.014226936,18.49975833,3.108283182
3826,"Python, Bachelor's Degree",Java,0.01367265,0.690423163,0.993988409,-0.02593393,0.010249676,3.99437723,2.671877018
3827,"AWS, Scala","Python, SQL",0.020376659,0.69058296,0.991131865,-0.038636263,0.016416524,5.145444444,2.798124821
3828,"Go, TypeScript","SQL, Kubernetes",0.011643805,0.691099476,0.994881804,-0.022052662,0.01085538,14.76842453,3.085796815
3829,"Go, TypeScript","SQL, Docker",0.011643805,0.691099476,0.994881804,-0.022052662,0.010862068,14.89477037,3.08708185
3830,HTML/CSS,"Python, SQL, JavaScript",0.012040753,0.691139241,0.994711288,-0.022802452,0.011608152,27.83339254,3.157308505
3831,"Java, Kafka",Python,0.015613285,0.69140625,0.993185249,-0.029550567,0.008849563,2.308386674,2.269912297
3832,"Java, NoSQL","Python, SQL",0.023816875,0.691421255,0.989724567,-0.045075641,0.019193756,5.151690473,2.805726298
3833,"Java, Scala",SQL,0.026683721,0.691428571,0.988534058,-0.050500595,0.018397802,3.220369762,2.544938424
3834,"Python, Open Source RDBMS","Java, Docker",0.011467384,0.691489362,0.994967244,-0.021699819,0.01058748,13.03253391,3.069395924
3835,"SQL, Tableau",Python,0.028050986,0.692056583,0.988004408,-0.053014599,0.015910634,2.310557931,2.274706033
3836,"Kubernetes, Docker, Terraform",Python,0.010805804,0.692090395,0.995266426,-0.020420765,0.006129325,2.31067082,2.274955824
3837,"Kubernetes, GCP","Python, Docker",0.012790544,0.692124105,0.99441365,-0.024169717,0.011587497,10.63179528,3.03661494
3838,"Agile, Go","Java, Kubernetes",0.012305385,0.692307692,0.994626452,-0.023243505,0.011347401,12.84508372,3.074835708
3839,"AWS, NoSQL","Python, Java",0.021743924,0.69241573,0.990635022,-0.041062056,0.018351964,6.410429503,2.899972953
3840,"Kubernetes, Agile",SQL,0.01839192,0.69269103,0.992051557,-0.03471089,0.012691208,3.226249737,2.555393306
3841,"Kubernetes, TypeScript","SQL, Java",0.012746438,0.693045564,0.994456475,-0.024037401,0.011258731,8.56784191,2.994290773
3842,"Kubernetes, Docker, TypeScript",Go,0.011952543,0.693094629,0.994797086,-0.02253782,0.010859554,10.93565381,3.051822285
3843,"Go, Scala","AWS, Kubernetes",0.010364751,0.693215339,0.995480619,-0.019538658,0.00943097,11.09976793,3.056042175
3844,"Problem Solving, Project Management",Communication,0.012173069,0.693467337,0.994711976,-0.022934768,0.008922888,3.74535134,2.658267615
3845,"Python, Java, Agile",SQL,0.024346139,0.693467337,0.989603306,-0.045869536,0.01680832,3.229865432,2.561864947
3846,"Scala, Spark","Python, Java",0.014775283,0.693581781,0.993608568,-0.027830459,0.012474276,6.421224871,2.91100857
3847,"Java, Agile, JavaScript",Python,0.010982226,0.693593315,0.995224036,-0.020685397,0.006239694,2.315688592,2.286114441
3848,"Java, Agile, JavaScript",SQL,0.010982226,0.693593315,0.995224036,-0.020685397,0.007582632,3.230452183,2.562918249
3849,HTML/CSS,"AWS, TypeScript",0.012084859,0.693670886,0.994754638,-0.022758347,0.011649952,27.78727915,3.182970023
3850,HTML/CSS,"SQL, Java, TypeScript",0.012084859,0.693670886,0.994754638,-0.022758347,0.01177981,39.61612091,3.207302675
3851,"Java, AWS, JavaScript",SQL,0.018303709,0.693979933,0.992136135,-0.034446258,0.012640876,3.232252881,2.566156178
3852,Data Visualization,SQL,0.034843206,0.694200351,0.985384906,-0.065540511,0.024066777,3.233279492,2.568005846
3853,"Java, JavaScript, Go",Kubernetes,0.012217175,0.694235589,0.994712205,-0.022978874,0.010334971,6.490888045,2.920695013
3854,"Java, Go","Kubernetes, Docker",0.027345301,0.694288914,0.988415514,-0.051426807,0.024152447,8.564533483,3.005891696
3855,Open Source RDBMS,"Java, Kubernetes",0.012525912,0.694376528,0.994584525,-0.023552243,0.011553665,12.88346892,3.09564998
3856,Open Source RDBMS,"Java, Kubernetes, Docker",0.012525912,0.694376528,0.994584525,-0.023552243,0.011696877,15.10902017,3.121626251
3857,"JavaScript, HTML/CSS","Python, Go",0.011246857,0.694822888,0.995138889,-0.02112645,0.010352319,12.57280076,3.095697526
3858,"SQL, HTML/CSS","Java, Kubernetes",0.010144224,0.694864048,0.995609459,-0.0190535,0.009357394,12.89251438,3.100595946
3859,"SQL, HTML/CSS","Java, Docker",0.010144224,0.694864048,0.995609459,-0.0190535,0.009369628,13.0961368,3.103342266
3860,"Kubernetes, Software Engineering",AWS,0.015172231,0.694949495,0.99348239,-0.028492039,0.011542048,4.179466817,2.733065235
3861,"Kafka, Hadoop","Python, Scala",0.010056014,0.695121951,0.995652363,-0.018877078,0.009440294,16.33212435,3.14039783
3862,"AWS, Docker",Python,0.041944163,0.695175439,0.982654632,-0.078728002,0.023872344,2.320970802,2.297980008
3863,Confluence,Jira,0.015701495,0.6953125,0.993271512,-0.029462356,0.014979407,21.74457974,3.17710323
3864,"Python, JavaScript, Go",Kubernetes,0.012481807,0.695331695,0.994627383,-0.023419927,0.010561864,6.5011363,2.931202809
3865,"Python, RDBMS","SQL, AWS",0.01027654,0.695522388,0.995566759,-0.019274026,0.009234522,9.862150785,3.05268943
3866,"Communication, Data Visualization",SQL,0.010982226,0.695530726,0.995267248,-0.020597186,0.007592101,3.239475792,2.579226716
3867,"Java, Open Source RDBMS","SQL, AWS",0.011687911,0.695538058,0.994968335,-0.021920346,0.010502809,9.862372973,3.052846542
3868,"Java, RDBMS","Kubernetes, Docker",0.010408856,0.696165192,0.995524074,-0.019494553,0.009196788,8.587678668,3.024454047
3869,HTML/CSS,"Python, JavaScript",0.012128964,0.696202532,0.994797989,-0.022714242,0.011443564,17.69618834,3.162166086
3870,"Spark, Hive",Scala,0.010320646,0.696428571,0.995566952,-0.019318132,0.009619972,14.72959422,3.138368778
3871,"Kubernetes, NoSQL","Python, Java",0.015480969,0.696428571,0.993398628,-0.028977198,0.013079918,6.447580645,2.93830703
3872,Integrity,Confidentiality,0.014069598,0.69650655,0.993990748,-0.026330878,0.013692731,37.33308041,3.233491362
3873,"Python, Open Source RDBMS",Go,0.011555595,0.696808511,0.995054015,-0.021611609,0.010504537,10.99425147,3.089204951
3874,Open Source RDBMS,"Python, Docker",0.012570017,0.696821516,0.994627849,-0.023508137,0.011395683,10.70395273,3.083663886
3875,"Python, Docker, JavaScript",TypeScript,0.013187492,0.696969697,0.994372782,-0.024654876,0.012461455,18.16367119,3.173373616
3876,"AWS, Docker, TypeScript",Go,0.010144224,0.696969697,0.995652741,-0.018965289,0.009221753,10.99679467,3.090848145
3877,"Python, Kubernetes, JavaScript",Go,0.012481807,0.697044335,0.99467048,-0.023331716,0.011346888,10.99797231,3.091609626
3878,"Python, Scala, Hadoop",Kafka,0.010056014,0.697247706,0.995695652,-0.018788868,0.00953059,19.13885865,3.182697615
3879,"SQL, AWS, JavaScript",TypeScript,0.014731178,0.697286013,0.993737042,-0.027521722,0.013920522,18.17191467,3.176689576
3880,"JavaScript, HTML/CSS","Python, Java",0.011290963,0.697547684,0.995182292,-0.021082345,0.009542579,6.457941461,2.949179144
3881,"Docker, Azure","Python, AWS",0.01292286,0.697619048,0.994500498,-0.024125612,0.011016758,6.779732819,2.966794943
3882,"Docker, JavaScript, TypeScript",Go,0.011511489,0.697860963,0.995096976,-0.021479293,0.010466022,11.01085707,3.099965692
3883,"JavaScript, TypeScript, HTML/CSS",Kubernetes,0.01018833,0.697885196,0.99565293,-0.019009394,0.008626902,6.525010745,2.955977594
3884,"TypeScript, HTML/CSS",Kubernetes,0.010497067,0.697947214,0.995524463,-0.019582764,0.008888467,6.525590592,2.956584518
3885,"TypeScript, HTML/CSS","Kubernetes, Docker",0.010497067,0.697947214,0.995524463,-0.019582764,0.009277847,8.609661145,3.042297433
3886,"Java, Agile",Python,0.035107838,0.698245614,0.985554109,-0.0654523,0.020047989,2.331221147,2.321360618
3887,"Spark, Kafka",Java,0.012658228,0.698296837,0.994628314,-0.023596348,0.009524949,4.039929621,2.741606117
3888,"Python, Java, Go",Docker,0.024302033,0.698352345,0.989855937,-0.045296167,0.020844071,7.027848519,2.985704316
3889,"Docker, TypeScript","Python, JavaScript",0.013187492,0.698598131,0.994415826,-0.024566665,0.012444831,17.75708007,3.187299581
3890,"Agile, Azure",Python,0.010452962,0.699115044,0.99556753,-0.019450448,0.005974638,2.334123899,2.328068368
3891,"Agile, Go","Java, Docker",0.012437701,0.699751861,0.994756457,-0.02311119,0.011494612,13.18825764,3.153862332
3892,"JavaScript, Go","SQL, AWS",0.01367265,0.699774266,0.994246409,-0.025404666,0.012294698,9.922440238,3.095922446
3893,NoSQL,Java,0.034446258,0.699820789,0.985917861,-0.063996824,0.025938375,4.048746297,2.755524718
3894,"Kubernetes, Docker, Microservices",AWS,0.010497067,0.7,0.995567723,-0.019494553,0.008003608,4.209840849,2.779076435
3895,"Java, AWS, Agile",SQL,0.023684559,0.700130378,0.990187713,-0.043973008,0.016421359,3.260898945,2.61878906
3896,"Python, TypeScript","SQL, Java",0.015348653,0.700201207,0.993569271,-0.028492039,0.013575534,8.656304238,3.065758965
3897,"Python, JavaScript, TypeScript",Docker,0.013187492,0.700234192,0.994458874,-0.024478455,0.011316072,7.046786434,3.004447746
3898,"SQL, Data Analytics",Python,0.013408018,0.700460829,0.994373999,-0.024875402,0.007674708,2.33861705,2.338528036
3899,Google Cloud,"Python, AWS",0.012393596,0.70074813,0.994799341,-0.022978874,0.010573723,6.810142454,2.997816786
3900,"TypeScript, HTML/CSS",Docker,0.010541172,0.700879765,0.995567915,-0.019538658,0.009046667,7.053283143,3.010932067
3901,"SQL, HTML/CSS","AWS, Go",0.010232435,0.700906344,0.995696401,-0.018965289,0.009688994,18.82896866,3.218975358
3902,"JavaScript, TypeScript, HTML/CSS",Docker,0.010232435,0.700906344,0.995696401,-0.018965289,0.008781756,7.05355062,3.011199634
3903,"Docker, JavaScript",Python,0.018921184,0.700980392,0.992140863,-0.035063732,0.010836423,2.340351705,2.342591354
3904,"Kubernetes, Software Engineering",Python,0.015304547,0.701010101,0.993611878,-0.028359723,0.008765402,2.340450894,2.342824123
3905,HTML/CSS,"Python, TypeScript",0.012217175,0.701265823,0.994884689,-0.022626031,0.011835287,31.9915493,3.274080198
3906,"AWS, Kafka",Java,0.012217175,0.701265823,0.994884689,-0.022626031,0.009205872,4.057106405,2.768853718
3907,HTML/CSS,"Python, SQL, TypeScript",0.012217175,0.701265823,0.994884689,-0.022626031,0.011921346,41.29818182,3.290615957
3908,HTML/CSS,"SQL, JavaScript, Go",0.012217175,0.701265823,0.994884689,-0.022626031,0.011927493,42.17453581,3.291797083
3909,"Docker, Software Engineering",Java,0.014510651,0.701492537,0.993950393,-0.026860142,0.010935206,4.05841804,2.770956644
3910,"Python, Java, Scala",SQL,0.024875402,0.701492537,0.989777229,-0.046045958,0.017261827,3.267243282,2.630739205
3911,"Go, TypeScript","Python, Docker",0.011820227,0.701570681,0.995055303,-0.02187624,0.010723416,10.77690518,3.132736906
3912,"Java, HTML/CSS","Python, Go",0.010894015,0.701704545,0.995439739,-0.020156133,0.010036038,12.69732415,3.167115071
3913,"JavaScript, TypeScript",AWS,0.020861818,0.701780415,0.991390757,-0.038592158,0.015918902,4.220548371,2.795667936
3914,"Python, Go, TypeScript",HTML/CSS,0.011423279,0.701897019,0.995226109,-0.02112645,0.011139745,40.28888889,3.296103896
3915,"AWS, JavaScript, TypeScript",Python,0.014642967,0.701902748,0.993908235,-0.027080669,0.008394451,2.343431161,2.349839672
3916,"JavaScript, Go, TypeScript",HTML/CSS,0.011114542,0.701949861,0.99535429,-0.020553081,0.010838691,40.29192201,3.296688267
3917,"Go, Scala","AWS, Docker",0.010497067,0.702064897,0.995610986,-0.019406342,0.00959494,11.63590454,3.153921465
3918,"Python, Cloud computing",Java,0.011335068,0.702185792,0.995268892,-0.020950029,0.008544849,4.062428801,2.777406906
3919,"Software Engineering, Go","Python, SQL",0.010408856,0.702380952,0.995653875,-0.019229921,0.008419909,5.233349764,2.909046002
3920,"SQL, TypeScript",Kubernetes,0.014157809,0.702407002,0.99412019,-0.026154457,0.012002001,6.567288231,3.000892484
3921,"SQL, Data Visualization",Python,0.024478455,0.702531646,0.98998423,-0.045207957,0.014042244,2.34553085,2.354807621
3922,"Kubernetes, TypeScript","Python, SQL",0.01292286,0.70263789,0.99462971,-0.02386098,0.010454434,5.235264171,2.911559578
3923,"Kubernetes, TypeScript","Python, JavaScript",0.01292286,0.70263789,0.99462971,-0.02386098,0.012199286,17.85976331,3.23060006
3924,"AWS, Kubernetes",Python,0.043884797,0.702683616,0.982523143,-0.081021479,0.02517888,2.34603823,2.356011257
3925,"SQL, Docker, TypeScript",HTML/CSS,0.010011908,0.702786378,0.995825361,-0.018480131,0.00976372,40.33993808,3.305966899
3926,"NoSQL, Scala","Java, AWS",0.011379173,0.702997275,0.995269097,-0.020994134,0.010063423,8.648430396,3.093284378
3927,"Java, Hadoop",Scala,0.013363913,0.703016241,0.994459834,-0.024654876,0.012465132,14.86892466,3.207983822
3928,"SQL, Agile",Java,0.030300357,0.703172979,0.987737844,-0.055881445,0.022852148,4.068140072,2.786643996
3929,"Teamwork, Collaboration",Communication,0.012437701,0.703241895,0.99484268,-0.022934768,0.009163022,3.798142804,2.745825098
3930,"Java, Go",Docker,0.027698143,0.70324748,0.988754986,-0.051073965,0.023784379,7.077110574,3.034955549
3931,"AWS, Kubernetes, DevOps",Python,0.010673488,0.703488372,0.995568493,-0.019670974,0.006129113,2.348725057,2.36240566
3932,"Python, Spark, Kafka",Java,0.011511489,0.703504043,0.995226523,-0.021214661,0.008683152,4.070055415,2.789755536
3933,"Kubernetes, Go","SQL, Java",0.024390244,0.703562341,0.990067778,-0.044943325,0.021586077,8.697856574,3.100519818
3934,HTML/CSS,"JavaScript, Go",0.01226128,0.703797468,0.994928039,-0.022581926,0.011920885,36.02076749,3.31010453
3935,"Java, Go, TypeScript",HTML/CSS,0.010585278,0.703812317,0.995611367,-0.019494553,0.010323258,40.39882698,3.317418153
3936,"TypeScript, HTML/CSS","Java, Go",0.010585278,0.703812317,0.995611367,-0.019494553,0.009992915,17.86958192,3.243260947
3937,"Machine Learning, Artificial Intelligence",Python,0.01027654,0.703927492,0.995739871,-0.018921184,0.0059039,2.350191141,2.365909465
3938,Open Source RDBMS,"SQL, AWS",0.012702333,0.704156479,0.99475782,-0.023375821,0.011430138,9.984577769,3.141781119
3939,"Go, TypeScript","Python, Kubernetes",0.011864332,0.704188482,0.995098677,-0.021832135,0.01069767,10.16946844,3.146444896
3940,"Kafka, Hadoop","Python, Java",0.01018833,0.704268293,0.995782792,-0.018744762,0.008625741,6.52016129,3.016200295
3941,"Docker, Ansible",Python,0.01093812,0.704545455,0.99548317,-0.020112028,0.006288062,2.352254321,2.370857916
3942,"Python, SQL, AWS",Java,0.040709214,0.704580153,0.98386357,-0.074846734,0.030722362,4.076281144,2.799917624
3943,"Agile, Go","SQL, Kubernetes",0.012525912,0.70471464,0.994843127,-0.023022979,0.011694143,15.05937327,3.228078264
3944,Power BI,SQL,0.024434349,0.704834606,0.990110405,-0.044899219,0.016991227,3.282809164,2.660526268
3945,"Kubernetes, Go","Python, SQL",0.024434349,0.704834606,0.990110405,-0.044899219,0.019781633,5.251631618,2.933228342
3946,"SQL, AWS, Software Engineering",Kubernetes,0.01084991,0.70487106,0.995526019,-0.019935606,0.009203571,6.590326411,3.025947205
3947,"SQL, Kubernetes, JavaScript",Go,0.012746438,0.704878049,0.994758047,-0.023419927,0.011600338,11.12157272,3.173673277
3948,"Agile, NoSQL","Java, AWS",0.015922022,0.705078125,0.993487168,-0.029241829,0.014086425,8.674029478,3.115109345
3949,"Java, Spark",Scala,0.016142548,0.705202312,0.993402898,-0.029638777,0.015060257,14.91516047,3.23177261
3950,"Kubernetes, Azure",Python,0.01499581,0.705394191,0.993867415,-0.027521722,0.0086284,2.355087983,2.377688173
3951,"Python, AWS, Docker",SQL,0.029594672,0.705573081,0.988147646,-0.054293653,0.020589063,3.286248658,2.667199343
3952,ETL,SQL,0.017862656,0.705574913,0.992730245,-0.032770255,0.012427094,3.28625719,2.667215939
3953,"Kubernetes, Docker, JavaScript",AWS,0.015877916,0.705882353,0.993529742,-0.029109514,0.012137727,4.245217663,2.834657963
3954,"Python, AWS, Agile",SQL,0.024478455,0.70610687,0.990153033,-0.044855114,0.017035333,3.288734813,2.672043697
3955,"AWS, JavaScript, TypeScript",SQL,0.014731178,0.706131078,0.993994643,-0.026992458,0.010252047,3.288847563,2.672263812
3956,"Kubernetes, Ansible",Terraform,0.01367265,0.706150342,0.994418484,-0.025051824,0.012820381,16.04263196,3.253306104
3957,PowerShell,Python,0.017818551,0.706293706,0.992772639,-0.032637939,0.010262206,2.35809118,2.384970166
3958,"Python, Docker, JavaScript",AWS,0.013363913,0.706293706,0.994545927,-0.024478455,0.010217754,4.247691566,2.838628072
3959,"Python, AWS, Docker",Java,0.029638777,0.706624606,0.988189976,-0.054249548,0.022388781,4.088109131,2.819429486
3960,"Docker, GCP",SQL,0.011687911,0.706666667,0.995227352,-0.021391082,0.008136803,3.291342098,2.677143018
3961,"SQL, TypeScript",Docker,0.014246019,0.70678337,0.994206658,-0.026066246,0.012243119,7.112693894,3.071553975
3962,"SQL, Docker, JavaScript",Go,0.012658228,0.706896552,0.994843797,-0.023155295,0.011523309,11.15342068,3.195529277
3963,"SQL, Kubernetes, TypeScript",HTML/CSS,0.010011908,0.707165109,0.995911977,-0.018303709,0.009765257,40.59127726,3.355400697
3964,"SQL, AWS, Software Engineering",Docker,0.010894015,0.70773639,0.995569455,-0.019891501,0.009364447,7.122284582,3.081569769
3965,"Java, RDBMS",Kubernetes,0.010585278,0.707964602,0.995697897,-0.019318132,0.008986112,6.619250068,3.058001173
3966,"Java, RDBMS","SQL, AWS",0.010585278,0.707964602,0.995697897,-0.019318132,0.009530817,10.03857499,3.18274974
3967,"Python, SQL, Cloud Computing",AWS,0.014863494,0.707983193,0.993995421,-0.027124774,0.011372651,4.257852239,2.855051186
3968,"Hadoop, Hive",Java,0.010805804,0.708092486,0.99561232,-0.01971508,0.008168056,4.09660141,2.833607208
3969,"Kubernetes, Scala","SQL, Go",0.010805804,0.708092486,0.99561232,-0.01971508,0.01030235,21.46334348,3.312724648
3970,Machine learning,Python,0.016583602,0.708097928,0.993320117,-0.030256252,0.009568883,2.364114907,2.399711466
3971,Big Data,Python,0.011555595,0.708108108,0.99531311,-0.021082345,0.006667749,2.364148893,2.399795155
3972,"Kubernetes, Ansible",Docker,0.013716756,0.708428246,0.994461751,-0.025007718,0.011792744,7.129247058,3.088881875
3973,"SQL, GCP",Java,0.014687073,0.708510638,0.994080283,-0.026771931,0.011104004,4.099020593,2.837672127
3974,"AWS, Go","Python, SQL",0.026374983,0.708530806,0.989539482,-0.048074803,0.021378938,5.279171527,2.970425408
3975,"Java, Open Source RDBMS","SQL, Kubernetes",0.011908437,0.708661417,0.995185217,-0.021699819,0.011122076,15.14371377,3.271809188
3976,Open Source RDBMS,"Java, Docker",0.012790544,0.709046455,0.994844468,-0.023287611,0.011833414,13.36343331,3.254613361
3977,"Go, TypeScript","Kubernetes, Docker",0.011952543,0.709424084,0.995185426,-0.021743924,0.010586731,8.751236263,3.162458979
3978,"AWS, Cloud computing",Python,0.011643805,0.709677419,0.995313517,-0.021170555,0.006729539,2.369388327,2.412767021
3979,"Agile, Go","Python, Docker",0.012614123,0.709677419,0.994929797,-0.022934768,0.011457016,10.90143369,3.22021298
3980,"SQL, Microsoft Azure","Java, AWS",0.010144224,0.709876543,0.99591251,-0.018436025,0.008982636,8.733060697,3.166630851
3981,"SQL, HTML/CSS","AWS, TypeScript",0.010364751,0.709969789,0.995826813,-0.018832973,0.010000311,28.44018554,3.361844209
3982,"AWS, Scala",SQL,0.020950029,0.710014948,0.991688801,-0.038062894,0.014614852,3.306936916,2.70805436
3983,"Docker, Software Engineering",Python,0.014687073,0.710021322,0.994123239,-0.026683721,0.008491398,2.370536509,2.415628462
3984,"AWS, Microsoft Azure","Python, Java",0.013187492,0.710213777,0.994717243,-0.023949191,0.011181852,6.575204965,3.078083052
3985,NoSQL databases,AWS,0.010056014,0.710280374,0.995955467,-0.018259604,0.007701895,4.271667617,2.877688824
3986,"Python, RDBMS","AWS, NoSQL",0.010497067,0.710447761,0.995784075,-0.0190535,0.010033079,22.62357035,3.345154621
3987,"Docker, NoSQL","Python, Java",0.015172231,0.710743802,0.993954312,-0.027521722,0.01286646,6.58011197,3.083723245
3988,"Python, SQL, Scala",AWS,0.020376659,0.710769231,0.991939287,-0.036960261,0.015609752,4.274607631,2.882552685
3989,"AWS, Open Source RDBMS","Python, Kubernetes",0.010408856,0.710843373,0.995826994,-0.018877078,0.009394899,10.2655744,3.218859804
3990,"JavaScript, Angular",Java,0.014246019,0.711453744,0.994335625,-0.025801614,0.010784928,4.116047652,2.866615738
3991,"Python, SQL, Kafka",Spark,0.010452962,0.711711712,0.995827176,-0.018921184,0.009831742,16.82652726,3.322032263
3992,Redshift,Snowflake,0.011114542,0.711864407,0.995570417,-0.020112028,0.010655226,24.19805352,3.3684896
3993,"Go, TypeScript",Docker,0.011996648,0.712041885,0.995228801,-0.021699819,0.010322451,7.165612807,3.127644816
3994,"Agile, Scala","Python, SQL",0.012437701,0.712121212,0.995058303,-0.022493715,0.010093585,5.305923182,3.00747237
3995,"Agile, Go","Python, Kubernetes",0.012658228,0.712158809,0.994973132,-0.022890663,0.01142743,10.28457113,3.233570007
3996,"Java, Go","Python, AWS",0.028050986,0.712206047,0.989094458,-0.050721122,0.023998251,6.921494944,3.117168624
3997,"Python, AWS, Microsoft Azure",SQL,0.010805804,0.712209302,0.995698831,-0.019538658,0.007548255,3.317157254,2.728702809
3998,"Kubernetes, NoSQL","Python, AWS",0.015833811,0.712301587,0.993743798,-0.028624355,0.013546489,6.922423441,3.118203788
3999,"Scala, Hadoop","Java, Spark",0.011687911,0.712365591,0.99535691,-0.02112645,0.011312339,31.12035656,3.397053022
4000,"Kubernetes, Go","Java, AWS",0.024698981,0.712468193,0.990366171,-0.044634587,0.021881053,8.764943759,3.195173082
4001,"Python, Java, JavaScript",SQL,0.020332554,0.71251932,0.992024014,-0.036739734,0.014205709,3.318601179,2.731645427
4002,Data Engineering,Python,0.023508137,0.712566845,0.990820204,-0.042473427,0.013626763,2.379035205,2.437021393
4003,"Docker, Scala","AWS, Go",0.010497067,0.71257485,0.995827357,-0.018965289,0.0099487,19.14242841,3.34965506
4004,"Python, Java, Scala",AWS,0.02527235,0.712686567,0.990160583,-0.04564901,0.019376052,4.286138604,2.9017889
4005,"Agile, NoSQL","Python, SQL",0.016098443,0.712890625,0.993659694,-0.029065408,0.013067666,5.311655978,3.015531975
4006,"Agile, NoSQL","SQL, AWS",0.016098443,0.712890625,0.993659694,-0.029065408,0.014505866,10.10842348,3.237357149
4007,"Python, AWS, Scala",SQL,0.020376659,0.712962963,0.992024356,-0.03678384,0.014240345,3.320667473,2.735867445
4008,"AWS, Go","SQL, Java",0.026551405,0.713270142,0.989709572,-0.047898381,0.023540314,8.817870193,3.205493992
4009,"SQL, Kubernetes","Java, Docker",0.03338773,0.713477851,0.987191371,-0.060203767,0.030904808,13.44695205,3.30494972
4010,"Python, Java, Go",Kubernetes,0.024831297,0.71356147,0.990367403,-0.044766903,0.021109345,6.671579057,3.117753017
4011,"JavaScript, HTML/CSS","Java, Go",0.011555595,0.713896458,0.995442708,-0.020817713,0.010918066,18.12561521,3.357574459
4012,HTML/CSS,"Java, AWS",0.012437701,0.713924051,0.995101439,-0.022405504,0.011021567,8.782854042,3.211433505
4013,Confidentiality,"Integrity, Availability",0.013319808,0.713947991,0.994760998,-0.023993296,0.013068837,53.07325505,3.448840923
4014,"Python, Java, GCP",SQL,0.013319808,0.713947991,0.994760998,-0.023993296,0.009314158,3.325255298,2.745288476
4015,"Java, TypeScript",SQL,0.017509813,0.714028777,0.993155108,-0.031535306,0.012244704,3.325631565,2.746064016
4016,"AWS, Agile",Java,0.033828783,0.7141527,0.987072051,-0.060909452,0.02564109,4.131662202,2.893682178
4017,"Data Analysis, Power BI",Data Visualization,0.010144224,0.714285714,0.99599913,-0.018259604,0.009431404,14.23110721,3.324328496
4018,"Software Engineering, Go","SQL, Java",0.010585278,0.714285714,0.99582772,-0.0190535,0.00938655,8.8304253,3.216887928
4019,"SQL, Open Source RDBMS","AWS, Kubernetes",0.011026331,0.714285714,0.995656517,-0.019847396,0.01006225,11.43714689,3.281414017
4020,"Agile, Scala","SQL, Java",0.012481807,0.714646465,0.995101652,-0.02244961,0.01106902,8.834885111,3.22095479
4021,"Kubernetes, Docker, Cloud Computing",Java,0.011158647,0.714689266,0.995613845,-0.020067922,0.00845991,4.13476645,2.899124138
4022,"Kubernetes, Docker, Microservices",Java,0.010717594,0.714705882,0.995784991,-0.019274026,0.008125586,4.134862585,2.899292996
4023,"Data Analysis, R","Python, Data Visualization",0.010497067,0.714714715,0.995870642,-0.018877078,0.010064999,24.29494262,3.402144447
4024,"Python, Data Engineering",SQL,0.016804128,0.714821764,0.99344997,-0.030212147,0.01175682,3.329324948,2.753699914
4025,"Kubernetes, Go","Python, AWS",0.024787192,0.715012723,0.990451426,-0.044546377,0.021220059,6.948771308,3.147867823
4026,"AWS, Kubernetes, Software Engineering",SQL,0.01084991,0.715116279,0.995742277,-0.019494553,0.00759236,3.330696671,2.756546715
4027,Business Intelligence,SQL,0.021832135,0.715317919,0.991568585,-0.039209633,0.015279157,3.331635822,2.758499174
4028,"Spark, Kafka",Hadoop,0.012966965,0.715328467,0.994931554,-0.023287611,0.012368932,21.68267692,3.396929817
4029,"Python, Open Source RDBMS","SQL, AWS",0.011864332,0.715425532,0.995357716,-0.021302871,0.010694783,10.14436716,3.266194589
4030,"Kubernetes, Docker, GCP",SQL,0.010761699,0.715542522,0.995785174,-0.019318132,0.007532558,3.332681923,2.76067724
4031,"Java, Go, TypeScript",Kubernetes,0.010761699,0.715542522,0.995785174,-0.019318132,0.009153099,6.690101279,3.139466035
4032,Google Cloud,Python,0.012658228,0.715710723,0.995059374,-0.022714242,0.00736086,2.389531619,2.463971754
4033,"Kubernetes, Azure","AWS, Docker",0.015216337,0.715767635,0.994083351,-0.027301195,0.013933666,11.86301139,3.305970863
4034,"Java, AWS, Cloud Computing",SQL,0.013452124,0.715962441,0.994761678,-0.024125612,0.009418065,3.334637722,2.764758607
4035,"Docker, Linux",Python,0.012790544,0.716049383,0.995016899,-0.022934768,0.007440334,2.390662296,2.46691046
4036,"Kubernetes, Go","Python, Java",0.024831297,0.716284987,0.990494053,-0.044502271,0.021086801,6.631412624,3.143950876
4037,"AWS, NoSQL","Python, SQL",0.022493715,0.716292135,0.991361984,-0.040312266,0.018279041,5.337000188,3.051686636
4038,"Python, TypeScript","JavaScript, Go",0.015701495,0.716297787,0.993914545,-0.028139196,0.015273201,36.66054112,3.455952389
4039,"Data Analysis, Data Visualization",SQL,0.021082345,0.716641679,0.991902314,-0.037754157,0.014766107,3.337801313,2.771386006
4040,"Java, Go",Kubernetes,0.028227407,0.71668533,0.989264194,-0.050544701,0.024014856,6.700786183,3.152129721
4041,"Java, RDBMS",Docker,0.010717594,0.716814159,0.995828264,-0.019185816,0.009231853,7.213638453,3.180352181
4042,"Agile, Go","SQL, Docker",0.012746438,0.717121588,0.995059802,-0.022802452,0.011921726,15.45560624,3.37106389
4043,"AWS, TypeScript","Java, JavaScript",0.017906761,0.717314488,0.993115022,-0.032020465,0.016698933,14.82558922,3.366343228
4044,HTML,JavaScript,0.026198562,0.717391304,0.990042977,-0.046839854,0.023181737,8.68415005,3.246151811
4045,"Kubernetes, Ansible",Python,0.013893177,0.717539863,0.994634822,-0.024831297,0.008093814,2.395638539,2.47992781
4046,"Docker, Agile",SQL,0.019185816,0.717821782,0.992654324,-0.034269836,0.013447225,3.343297713,2.782976274
4047,"JavaScript, Go","Java, AWS",0.014025493,0.717832957,0.99459249,-0.025051824,0.012437271,8.830942288,3.255922022
4048,"AWS, Kubernetes, TypeScript",Go,0.010100119,0.717868339,0.996085595,-0.018039077,0.009208397,11.32653364,3.31979986
4049,Azure,AWS,0.052970494,0.717872086,0.980612832,-0.094605919,0.040701207,4.317324617,2.955123861
4050,"AWS, MySQL",Python,0.011114542,0.717948718,0.995700139,-0.019847396,0.006477693,2.397003576,2.483522652
4051,"Java, Go, TypeScript",Docker,0.010805804,0.718475073,0.995828626,-0.019274026,0.009311298,7.230353013,3.199115321
4052,"AWS, Docker, JavaScript",TypeScript,0.012834649,0.718518519,0.995060231,-0.022890663,0.01214923,18.7252533,3.416311309
4053,"Kubernetes, JavaScript",Python,0.017906761,0.718584071,0.993157759,-0.031932254,0.010442889,2.399124818,2.489129702
4054,Confidentiality,Availability,0.013408018,0.718676123,0.994847593,-0.023905085,0.013086283,41.6740249,3.49332175
4055,"Agile, NoSQL","Python, Java",0.016230759,0.71875,0.993789088,-0.028933092,0.013791596,6.654233871,3.171506001
4056,"Agile, NoSQL","SQL, Java",0.016230759,0.71875,0.993789088,-0.028933092,0.014404126,8.885615458,3.267949642
4057,Open Source RDBMS,"SQL, Kubernetes",0.012966965,0.718826406,0.995017763,-0.02311119,0.012122813,15.36093412,3.390091643
4058,Open Source RDBMS,"SQL, Kubernetes, Docker",0.012966965,0.718826406,0.995017763,-0.02311119,0.012213514,17.21008564,3.407973859
4059,"Docker, Go","SQL, AWS",0.022670136,0.718881119,0.991405849,-0.040400476,0.020446127,10.19336561,3.306343508
4060,"Python, NoSQL",AWS,0.026507299,0.718899522,0.990003828,-0.047236801,0.020376323,4.323503674,2.965924978
4061,"SQL, JavaScript, TypeScript",Kubernetes,0.013540334,0.718969555,0.994805195,-0.024125612,0.011526046,6.722142978,3.177750334
4062,Data Mining,SQL,0.013893177,0.719178082,0.994677859,-0.024743086,0.009745483,3.349614761,2.796417357
4063,"Python, SQL, TypeScript",HTML/CSS,0.012217175,0.719480519,0.995316159,-0.021743924,0.011921346,41.29818182,3.502710027
4064,"SQL, NoSQL",Java,0.028403828,0.719553073,0.989349966,-0.050544701,0.021580751,4.162905541,2.949403814
4065,"SQL, Docker","Java, Kubernetes",0.03338773,0.719581749,0.987565859,-0.059409871,0.030886987,13.35112684,3.373900563
4066,"Docker, TypeScript","AWS, Kubernetes",0.01358444,0.719626168,0.99480542,-0.024169717,0.012405507,11.52265827,3.343917141
4067,"Kubernetes, Scala","Docker, Go",0.010982226,0.719653179,0.99578609,-0.019538658,0.010500983,22.82055459,3.454523547
4068,"Python, Data Analysis",SQL,0.022890663,0.719833564,0.991365307,-0.040709214,0.016063066,3.352667709,2.802959904
4069,"SQL, TypeScript","JavaScript, Go",0.014510651,0.719912473,0.994466061,-0.025801614,0.014116828,36.84554287,3.500553384
4070,Data Quality,SQL,0.010320646,0.72,0.996043134,-0.018347815,0.007243019,3.353442892,2.804626018
4071,"Azure, GCP","Python, AWS",0.018744762,0.720338983,0.992907192,-0.033299519,0.016067144,7.000533975,3.207820275
4072,"Python, Microsoft Azure","Java, AWS",0.013187492,0.720481928,0.994975745,-0.023419927,0.011699654,8.863530519,3.286778137
4073,"SQL, Java, Scala",AWS,0.019229921,0.720661157,0.992739926,-0.03413752,0.01479303,4.334098253,2.984629425
4074,"Docker, Software Engineering",AWS,0.014907599,0.720682303,0.994339297,-0.026463194,0.011468092,4.334225425,2.984855377
4075,"Java, Docker",AWS,0.038239315,0.720698254,0.985927291,-0.067878093,0.02941687,4.334321358,2.985025849
4076,Data Warehousing,SQL,0.021302871,0.720895522,0.991989033,-0.037798262,0.014958225,3.357613841,2.813624818
4077,"Java, Kubernetes",AWS,0.03885679,0.720949264,0.985729232,-0.068936621,0.029895004,4.335830942,2.987710912
4078,"SQL, Kubernetes",AWS,0.033740572,0.721017908,0.98752844,-0.059850924,0.025959513,4.336243772,2.988446044
4079,"AWS, Kubernetes, Docker",Python,0.038107,0.721202003,0.986008127,-0.067569356,0.022280948,2.407865266,2.512502803
4080,"Python, Cloud computing",AWS,0.011643805,0.721311475,0.995572725,-0.020641291,0.00895967,4.338009306,2.991594044
4081,"SQL, Java, JavaScript",Python,0.020332554,0.72143975,0.992364447,-0.036034049,0.011891113,2.408659026,2.51464718
4082,"DevOps, Terraform",Kubernetes,0.011423279,0.721448468,0.995658215,-0.020244343,0.009729767,6.745320047,3.20603008
4083,"AWS, Microservices",Java,0.015084021,0.721518987,0.994297317,-0.026727826,0.011470458,4.174279153,2.970224897
4084,"Java, HTML/CSS","AWS, TypeScript",0.011202752,0.721590909,0.995743757,-0.019847396,0.01081519,28.90570792,3.502171512
4085,"Python, Kubernetes, JavaScript",TypeScript,0.01292286,0.721674877,0.995103774,-0.022890663,0.012235748,18.8075109,3.455054138
4086,"Python, Java, Spark",Scala,0.014775283,0.721982759,0.994424515,-0.026154457,0.013807686,15.27007004,3.426834568
4087,"SQL, HTML/CSS","Docker, JavaScript",0.010541172,0.722054381,0.996000696,-0.018656552,0.010147113,26.75022708,3.500711917
4088,"Agile, Go","AWS, Kubernetes",0.012834649,0.722084367,0.995146473,-0.022714242,0.011724579,11.56201897,3.373494512
4089,"Agile, Go","AWS, Docker",0.012834649,0.722084367,0.995146473,-0.022714242,0.011762209,11.96770384,3.381112131
4090,"Java, NoSQL",AWS,0.024875402,0.722151088,0.990747847,-0.044017113,0.01914778,4.343058787,3.000634141
4091,"Python, Java, Hadoop",Scala,0.012040753,0.722222222,0.995444883,-0.021302871,0.011252495,15.27513474,3.429788736
4092,Hive,"Python, Hadoop",0.013540334,0.722352941,0.994891333,-0.023949191,0.01303106,26.58751337,3.503840901
4093,"Python, Kubernetes, GCP",SQL,0.010673488,0.72238806,0.995957928,-0.018877078,0.007501165,3.364565423,2.828751834
4094,"Python, Kubernetes, Cloud Computing",SQL,0.010100119,0.722397476,0.996172249,-0.017862656,0.007098249,3.364609281,2.828847789
4095,"Kafka, Hadoop",Scala,0.010452962,0.722560976,0.99604365,-0.018480131,0.00976897,15.28229944,3.433976512
4096,"Kubernetes, Agile",Java,0.019185816,0.722591362,0.992824919,-0.033916994,0.014596438,4.180483275,2.981706855
4097,"Go, Scala","SQL, Kubernetes",0.010805804,0.722713864,0.995915175,-0.019097605,0.010106128,15.44400702,3.437619589
4098,"Python, AWS, Kafka",Java,0.010232435,0.722741433,0.996129425,-0.018083183,0.007785275,4.181351496,2.983320754
4099,"Python, AWS, Go",Docker,0.023684559,0.722745626,0.991202597,-0.041855952,0.020428202,7.273329594,3.248391333
4100,"SQL, Open Source RDBMS","Java, Go",0.011158647,0.722857143,0.995786822,-0.01971508,0.01055065,18.3531243,3.466132795
4101,RDBMS,"Python, Java",0.013231597,0.722891566,0.995019058,-0.023375821,0.011254541,6.692576759,3.218906226
4102,"Java, TypeScript",Python,0.01773034,0.723021583,0.993370356,-0.03131478,0.010385361,2.413940266,2.529008415
4103,"Java, AWS, TypeScript",SQL,0.013849072,0.723502304,0.994806769,-0.024434349,0.009739256,3.369755083,2.840151281
4104,"Python, Java, Open Source RDBMS",Kubernetes,0.011202752,0.723646724,0.995787005,-0.019759185,0.009546979,6.765873058,3.231532487
4105,"Kubernetes, JavaScript","Java, Docker",0.018039077,0.723893805,0.993286858,-0.031799938,0.016716881,13.64326205,3.429627129
4106,"Java, Scala, Spark",Hadoop,0.011687911,0.724043716,0.995616129,-0.020597186,0.011155355,21.94684916,3.504211622
4107,"JavaScript, Go, TypeScript",Kubernetes,0.011467384,0.724233983,0.995701633,-0.020200238,0.009773872,6.771363754,3.238414222
4108,"Docker, TypeScript","SQL, JavaScript",0.01367265,0.724299065,0.994891996,-0.024081507,0.012990768,20.05132199,3.496098922
4109,"Java, Open Source RDBMS","SQL, Docker",0.012173069,0.724409449,0.995445476,-0.021435187,0.011393378,15.61267627,3.460210067
4110,"Data Visualization, Power BI",Tableau,0.010673488,0.724550898,0.996001217,-0.018788868,0.009913312,14.04080557,3.443092627
4111,"SQL, RDBMS","Java, Kubernetes",0.010100119,0.724683544,0.996215581,-0.017774445,0.009348945,13.4457856,3.436421162
4112,"SQL, HTML/CSS","Kubernetes, JavaScript",0.010585278,0.725075529,0.996044166,-0.018612447,0.010221481,29.09670347,3.546721351
4113,"AWS, Go","Kubernetes, Docker",0.026992458,0.725118483,0.990134796,-0.047457328,0.0239748,8.944837527,3.343020028
4114,"Docker, NoSQL","Python, AWS",0.015480969,0.725206612,0.994256596,-0.027212985,0.013284413,7.047839479,3.264642885
4115,"Java, Kubernetes, JavaScript",AWS,0.014201914,0.725225225,0.994722499,-0.024963613,0.01094575,4.361546825,3.034204763
4116,"SQL, Microsoft Azure","Python, Java",0.010364751,0.725308642,0.99612993,-0.018215499,0.008821218,6.714954202,3.247230161
4117,"Python, JavaScript",Java,0.028536144,0.725336323,0.989603225,-0.050147753,0.021735937,4.196363983,3.011505729
4118,"Kubernetes, Scala","Java, Go",0.011070436,0.725433526,0.995872974,-0.019450448,0.010469388,18.41853789,3.498657109
4119,"Kubernetes, JavaScript",SQL,0.018083183,0.725663717,0.993329891,-0.031755833,0.012732847,3.379821991,2.862527975
4120,"Java, RDBMS","Python, SQL",0.01084991,0.725663717,0.99595863,-0.0190535,0.008843204,5.406826635,3.155935083
4121,"Java, Docker, JavaScript",AWS,0.014598862,0.725877193,0.994595529,-0.025625193,0.011254693,4.365467797,3.04142125
4122,"AWS, Open Source RDBMS","Java, Kubernetes",0.010629383,0.725903614,0.996044338,-0.018656552,0.009840175,13.46842279,3.451717515
4123,"SQL, JavaScript, TypeScript",Docker,0.01367265,0.725995316,0.994935065,-0.023993296,0.011801231,7.306032758,3.286917192
4124,"Python, Open Source RDBMS","SQL, Kubernetes",0.012040753,0.72606383,0.995531259,-0.02112645,0.011264711,15.51559398,3.479658239
4125,"Scala, Kafka","Python, Hadoop",0.010056014,0.72611465,0.996258755,-0.017642129,0.00967975,26.72596989,3.55196479
4126,"Python, Microservices",Java,0.013099281,0.726161369,0.995147734,-0.022978874,0.009981249,4.201137209,3.020579071
4127,"Software Engineering, Go","Java, AWS",0.010761699,0.726190476,0.996001565,-0.018877078,0.009557088,8.933758365,3.355302898
4128,"Python, Go, TypeScript",Docker,0.011820227,0.726287263,0.9956167,-0.020729502,0.010203005,7.308970755,3.290423075
4129,"Java, Kubernetes, Docker",SQL,0.03338773,0.726487524,0.98798229,-0.058527764,0.023520385,3.383658922,2.871149779
4130,"Agile, NoSQL","Python, AWS",0.01640718,0.7265625,0.993961613,-0.028756671,0.014083552,7.061016529,3.280831196
4131,HTML/CSS,"Python, SQL",0.012658228,0.726582278,0.99531819,-0.022184978,0.010320031,5.41367072,3.166537618
4132,HTML/CSS,"SQL, JavaScript, TypeScript",0.012658228,0.726582278,0.99531819,-0.022184978,0.012330127,38.58032787,3.588527552
4133,"Kubernetes, TypeScript","Java, JavaScript",0.013363913,0.726618705,0.995062798,-0.023419927,0.012474047,15.01789052,3.480912841
4134,"Docker, TypeScript","Python, Kubernetes",0.013716756,0.726635514,0.994935284,-0.024037401,0.012409606,10.49363504,3.404811853
4135,"Docker, TypeScript","Java, JavaScript",0.013716756,0.726635514,0.994935284,-0.024037401,0.012803416,15.01823793,3.48112688
4136,Written Communication,Verbal Communication,0.012437701,0.726804124,0.995403495,-0.02178803,0.01219693,51.65777397,3.60887732
4137,"JavaScript, Go","Python, AWS",0.014201914,0.726862302,0.99476553,-0.024875402,0.012191431,7.063930126,3.284432315
4138,"JavaScript, Go, TypeScript",Docker,0.011511489,0.727019499,0.99574505,-0.020156133,0.009938095,7.316339588,3.299249219
4139,"Agile, Cloud Computing",Python,0.011864332,0.727027027,0.99561689,-0.020773607,0.006976486,2.427313177,2.566117592
4140,"SQL, Tableau, Data Visualization",Python,0.01433423,0.727069351,0.994723183,-0.025095929,0.008429184,2.427454484,2.566515528
4141,"Java, HTML/CSS","Python, JavaScript",0.011290963,0.727272727,0.995830619,-0.019759185,0.010680176,18.48593559,3.522412855
4142,"Kubernetes, Agile",Python,0.019318132,0.727574751,0.992953813,-0.033784678,0.011365475,2.429141853,2.571276892
4143,"Python, SQL, GCP",Java,0.013319808,0.727710843,0.995105683,-0.023287611,0.010156034,4.210101544,3.037767818
4144,"SQL, Java, TypeScript",Kubernetes,0.012746438,0.727959698,0.995318596,-0.022273188,0.010873669,6.806198032,3.282765763
4145,"SQL, Java, TypeScript",Docker,0.012746438,0.727959698,0.995318596,-0.022273188,0.011006501,7.325801255,3.310651762
4146,"Java, AWS, Software Engineering",Python,0.014642967,0.728070175,0.994638765,-0.025581088,0.008619028,2.430795919,2.57596146
4147,"Java, Docker",Python,0.038636263,0.728179551,0.986304239,-0.067481145,0.02274416,2.43116109,2.576997981
4148,"Kubernetes, JavaScript, TypeScript",Go,0.011467384,0.728291317,0.995788102,-0.020023817,0.010469438,11.49098749,3.447150228
4149,"AWS, Cloud computing",Java,0.011952543,0.728494624,0.995617271,-0.020861818,0.009116582,4.21463603,3.04653723
4150,"AWS, Docker, GCP",SQL,0.011246857,0.728571429,0.995873692,-0.019626869,0.00793249,3.393364832,2.893193156
4151,"AWS, Open Source RDBMS","Python, Docker",0.010673488,0.728915663,0.996087807,-0.018612447,0.009720239,11.19695448,3.448744223
4152,"Python, Go, TypeScript",Kubernetes,0.011864332,0.72899729,0.995660099,-0.020685397,0.010123647,6.815899198,3.295334539
4153,"Python, Kubernetes, JavaScript",AWS,0.013055176,0.729064039,0.995233762,-0.022758347,0.010077692,4.384633678,3.077195543
4154,HTML/CSS,"SQL, Go",0.012702333,0.729113924,0.99536154,-0.022140872,0.012127581,22.10053476,3.569800384
4155,"Java, Cloud Computing",AWS,0.018788868,0.729452055,0.993206346,-0.03272615,0.014505985,4.386967225,3.081608806
4156,Windows,Linux,0.030123936,0.729700855,0.989283748,-0.05244123,0.026083621,7.455839332,3.337525489
4157,"Kubernetes, Docker, Software Engineering",Java,0.013099281,0.72972973,0.995233969,-0.022802452,0.009996496,4.221781618,3.060459577
4158,GCP,Python,0.030873726,0.729927007,0.989040284,-0.053720284,0.018204959,2.436995293,2.593671959
4159,Computer Engineering,Computer Science,0.010497067,0.73006135,0.996173747,-0.018259604,0.009418993,9.736871166,3.426782156
4160,"Java, HTML/CSS","Python, TypeScript",0.011335068,0.730113636,0.99587405,-0.01971508,0.010994753,33.30757843,3.624042508
4161,"SQL, Data Mining",Data Visualization,0.010144224,0.73015873,0.996302419,-0.017642129,0.0094469,14.54735403,3.519877232
4162,"Java, TypeScript","AWS, JavaScript",0.017906761,0.730215827,0.993542555,-0.031138358,0.017062051,21.1986984,3.578985872
4163,"NoSQL, Scala","SQL, Java",0.011820227,0.730245232,0.995703125,-0.020553081,0.010510902,9.027726356,3.407208859
4164,"JavaScript, HTML/CSS","AWS, TypeScript",0.011820227,0.730245232,0.995703125,-0.020553081,0.011416149,29.2523854,3.614528828
4165,Agile practices,SQL,0.011467384,0.730337079,0.995831343,-0.019935606,0.008096199,3.401588452,2.912136682
4166,"Go, TypeScript",Kubernetes,0.012305385,0.730366492,0.995532422,-0.021391082,0.010503376,6.828700815,3.312068287
4167,"Docker, Node.js",Java,0.010056014,0.730769231,0.996345443,-0.017465708,0.007677466,4.227795552,3.072276024
4168,"AWS, Docker, Software Engineering",SQL,0.010894015,0.730769231,0.99604537,-0.018921184,0.007693283,3.403601226,2.916811059
4169,"SQL, TypeScript","AWS, JavaScript",0.014731178,0.730853392,0.994682231,-0.025581088,0.014036875,21.21720736,3.587463904
4170,"SQL, RDBMS","Java, NoSQL",0.01018833,0.731012658,0.996302579,-0.017686235,0.009708243,21.22183099,3.58958803
4171,"SQL, RDBMS","Kubernetes, Docker",0.01018833,0.731012658,0.996302579,-0.017686235,0.009058496,9.017546246,3.416273827
4172,"Docker, Agile","AWS, Kubernetes",0.019538658,0.731023102,0.992997981,-0.033916994,0.017869422,11.70514604,3.485603671
4173,"SQL, HTML/CSS","Java, AWS",0.010673488,0.731117825,0.996131108,-0.018524236,0.009486804,8.994375714,3.416789856
4174,"Kubernetes, Scala",Go,0.011158647,0.731213873,0.995959859,-0.019362237,0.01019145,11.53709961,3.484631666
4175,"Kubernetes, Scala","Python, Go",0.011158647,0.731213873,0.995959859,-0.019362237,0.010315294,13.2312946,3.514824368
4176,"SQL, Open Source RDBMS","AWS, Docker",0.011290963,0.731428571,0.995917126,-0.019582764,0.010359563,12.1225731,3.498748629
4177,"Kubernetes, Go","SQL, Docker",0.025360561,0.731552163,0.991005584,-0.043973008,0.023752064,15.76661805,3.552277455
4178,"Java, Kubernetes",Python,0.039430159,0.731587561,0.986273279,-0.068363251,0.023287058,2.442539358,2.609717909
4179,"AWS, Go, TypeScript",Kubernetes,0.010100119,0.731629393,0.996345602,-0.017509813,0.008623603,6.840508547,3.327654248
4180,HTML/CSS,Go,0.012746438,0.73164557,0.99540489,-0.022096767,0.011642269,11.54391093,3.490237328
4181,"Teamwork, Problem Solving",Communication,0.020685397,0.731669267,0.992622459,-0.035857628,0.015450809,3.951676342,3.036722041
4182,"Kafka, Hadoop",Java,0.010585278,0.731707317,0.996174079,-0.018347815,0.008084753,4.233222761,3.083018248
4183,"React, Angular",JavaScript,0.011908437,0.731707317,0.995703498,-0.020641291,0.010563983,8.857447944,3.419365445
4184,"AWS, Agile",Python,0.034666784,0.731843575,0.987872152,-0.060071451,0.020478822,2.443394108,2.612209456
4185,"Java, AWS",Python,0.059498081,0.731958763,0.979849894,-0.103074141,0.035151326,2.443778682,2.613332021
4186,"AWS, JavaScript, Go",Kubernetes,0.011202752,0.731988473,0.995960035,-0.019406342,0.009565848,6.843865831,3.332112612
4187,"AWS, JavaScript, Go",Docker,0.011202752,0.731988473,0.995960035,-0.019406342,0.00968195,7.366344714,3.360417796
4188,"Kubernetes, NoSQL","Java, AWS",0.016274864,0.732142857,0.99417526,-0.028183302,0.014467949,9.006985893,3.429865185
4189,"Python, Hive","Spark, Hadoop",0.011996648,0.733153639,0.995703871,-0.020729502,0.011600435,30.27831048,3.656734059
4190,"Java, Hadoop","Python, Spark",0.013937282,0.733178654,0.995022507,-0.024081507,0.013227983,19.64936126,3.607983064
4191,Open Source RDBMS,"SQL, Docker",0.013231597,0.733496333,0.995277706,-0.022846558,0.012394606,15.80851934,3.578191657
4192,"Problem Solving, Collaboration",Communication,0.013849072,0.73364486,0.995065149,-0.023905085,0.010353902,3.962346333,3.05924583
4193,"Scala, Hadoop","Python, Java",0.012040753,0.733870968,0.995704057,-0.020773607,0.010268549,6.794224766,3.351705205
4194,Hadoop,Spark,0.024213823,0.733957219,0.991503352,-0.041767741,0.022818411,17.35246302,3.599808242
4195,"Software Engineering, Cloud Computing",AWS,0.013760861,0.734117647,0.995107802,-0.023728664,0.010644037,4.415026369,3.135683588
4196,HTML/CSS,"AWS, JavaScript",0.012790544,0.734177215,0.99544824,-0.022052662,0.012190435,21.31370038,3.632321221
4197,"AWS, Cloud Computing",Python,0.022052662,0.734214391,0.992249722,-0.038018789,0.013056384,2.451309509,2.635510439
4198,"Python, RDBMS","SQL, Java",0.01084991,0.734328358,0.99613178,-0.018700657,0.009654749,9.078204398,3.459574498
4199,"Java, RDBMS","AWS, NoSQL",0.010982226,0.734513274,0.996088997,-0.018921184,0.010512697,23.38991498,3.64838207
4200,"Go, Scala","Kubernetes, Docker",0.010982226,0.734513274,0.996088997,-0.018921184,0.009770157,9.060728764,3.461319631
4201,"Python, Java, Cloud Computing",SQL,0.014290125,0.734693878,0.994938133,-0.024610771,0.010114022,3.421880502,2.959959152
4202,"SQL, JavaScript, Go",HTML/CSS,0.012217175,0.734748011,0.995661605,-0.021038239,0.011927493,42.17453581,3.704320557
4203,"AWS, Go, TypeScript",Docker,0.010144224,0.734824281,0.996389106,-0.017465708,0.008772435,7.39488279,3.39635435
4204,"Agile, Scala","Java, AWS",0.012834649,0.734848485,0.995448437,-0.022096767,0.01141493,9.040271132,3.464863809
4205,"Python, SQL, NoSQL",AWS,0.022493715,0.734870317,0.992125647,-0.038724474,0.017404124,4.41955297,3.1445854
4206,"Python, Kubernetes, Cloud Computing",Java,0.01027654,0.735015773,0.996346237,-0.017686235,0.007859875,4.252363516,3.121511216
4207,"AWS, Agile, JavaScript",SQL,0.01027654,0.735015773,0.996346237,-0.017686235,0.007274671,3.423379749,2.963554826
4208,NoSQL databases,"Python, Java",0.010408856,0.735202492,0.996303383,-0.017906761,0.008879616,6.806552105,3.368559131
4209,"AWS, RDBMS","Kubernetes, Docker",0.010056014,0.735483871,0.996432145,-0.017289287,0.008947632,9.072701745,3.474020351
4210,"Python, Power BI",Tableau,0.013496229,0.735576923,0.995235827,-0.0231994,0.012549423,14.25447485,3.586664154
4211,"AWS, Google Cloud",Python,0.012393596,0.735602094,0.995619172,-0.021302871,0.007347226,2.455942613,2.649343027
4212,"JavaScript, HTML/CSS","Python, TypeScript",0.011908437,0.735694823,0.995789931,-0.02046487,0.01155362,33.56219058,3.700569413
4213,"AWS, Go",Docker,0.027389406,0.735781991,0.990517498,-0.04706038,0.023690395,7.404520671,3.408665094
4214,"Kubernetes, Agile","AWS, Docker",0.019538658,0.735880399,0.993168636,-0.033564151,0.017936651,12.19635693,3.557721247
4215,"Docker, TypeScript","SQL, Kubernetes",0.013893177,0.735981308,0.995108437,-0.02386098,0.01300981,15.72752517,3.610366546
4216,"Docker, TypeScript","Java, Kubernetes",0.013893177,0.735981308,0.995108437,-0.02386098,0.012875765,13.65540442,3.583470886
4217,"Leadership, Collaboration",Communication,0.012173069,0.736,0.995704616,-0.020905923,0.009110713,3.975066222,3.086537318
4218,"Kubernetes, TypeScript","SQL, JavaScript",0.013540334,0.736211031,0.995236033,-0.023243505,0.012875977,20.38109,3.653972887
4219,"DevOps, Ansible",Python,0.010717594,0.736363636,0.996217885,-0.01839192,0.006358164,2.458485161,2.656995941
4220,"AWS, Bachelor's Degree",Java,0.012570017,0.736434109,0.995576756,-0.021567503,0.009619703,4.260569161,3.138309106
4221,Hive,"Python, Spark",0.013804966,0.736470588,0.995151095,-0.023684559,0.013105541,19.73758587,3.653052955
4222,"SQL, AWS, GCP",Java,0.013937282,0.736596737,0.995108649,-0.023905085,0.010666779,4.26151003,3.140246732
4223,"SQL, Go","Python, Docker",0.024302033,0.736631016,0.991588745,-0.041679531,0.022154351,11.31547089,3.549774649
4224,"Python, Java, Microsoft Azure",SQL,0.010364751,0.736677116,0.996346555,-0.017774445,0.007343942,3.431117554,2.982252333
4225,"Agile, Go","Kubernetes, Docker",0.013099281,0.736972705,0.995406483,-0.02244961,0.011658385,9.091067538,3.493684617
4226,"Python, Kubernetes, Linux",Docker,0.010011908,0.737012987,0.996475349,-0.017156971,0.008662032,7.416908768,3.424620463
4227,"Python, Node.js",AWS,0.011996648,0.737127371,0.995790296,-0.020553081,0.009290511,4.433127026,3.171585168
4228,"SQL, Open Source RDBMS","Python, Go",0.011379173,0.737142857,0.996003996,-0.019494553,0.010526071,13.33857941,3.594104461
4229,"AWS, Software Engineering, Cloud Computing",Python,0.010144224,0.737179487,0.996432456,-0.017377497,0.006022582,2.461209029,2.665243822
4230,"Python, Java, Kafka",Spark,0.011511489,0.737288136,0.995961263,-0.01971508,0.010851094,17.43121366,3.645450109
4231,"SQL, RDBMS","Python, AWS",0.01027654,0.737341772,0.996389578,-0.017598024,0.008842426,7.165773682,3.415473742
4232,"SQL, RDBMS","Java, Docker",0.01027654,0.737341772,0.996389578,-0.017598024,0.009537046,13.89671654,3.605222283
4233,"Go, Scala","SQL, Docker",0.011026331,0.737463127,0.996132453,-0.018877078,0.01033259,15.89401281,3.632256255
4234,"Java, Open Source RDBMS","Python, AWS",0.012393596,0.737532808,0.995662358,-0.021214661,0.010664489,7.167630246,3.417959688
4235,"Teamwork, Leadership",Communication,0.020332554,0.7376,0.992960769,-0.0347991,0.015228627,3.98370767,3.105357667
4236,"SQL, Docker",AWS,0.034225731,0.737642586,0.988366702,-0.05857187,0.026510674,4.436225555,3.177813488
4237,"Python, Statistics",SQL,0.01367265,0.738095238,0.995236652,-0.023375821,0.00969541,3.437722542,2.99840018
4238,"SQL, Tableau, Power BI",Python,0.011952543,0.738419619,0.995833333,-0.020420765,0.007104328,2.465349435,2.677879526
4239,"Java, Cloud computing",Python,0.011335068,0.738505747,0.996047087,-0.019362237,0.006737851,2.465636991,2.678761542
4240,"Kubernetes, TypeScript","AWS, Docker",0.01358444,0.738609113,0.995279342,-0.0231994,0.012474743,12.24158217,3.594861042
4241,"TypeScript, HTML/CSS","JavaScript, Go",0.011114542,0.739002933,0.996132789,-0.018965289,0.010820682,37.82260381,3.756599073
4242,HTML/CSS,Python,0.012878754,0.739240506,0.99553494,-0.021964451,0.007660649,2.468090119,2.686309665
4243,"SQL, Go","Java, Kubernetes",0.024390244,0.739304813,0.991674139,-0.04159132,0.022612149,13.71706876,3.629155202
4244,"SQL, Go","Java, Docker",0.024390244,0.739304813,0.991674139,-0.04159132,0.022639796,13.93371407,3.632369689
4245,"Software Engineering, JavaScript",Java,0.01226128,0.739361702,0.995748189,-0.020905923,0.009394825,4.277506474,3.173559849
4246,"Kubernetes, Docker, Linux",Python,0.010011908,0.739413681,0.996518712,-0.01706876,0.005956318,2.468668294,2.688094871
4247,"Java, Node.js",AWS,0.012393596,0.739473684,0.995705548,-0.02112645,0.009606788,4.447237889,3.200148622
4248,"SQL, TypeScript",Go,0.014907599,0.739606127,0.994855166,-0.025404666,0.013630117,11.66951268,3.596938127
4249,"SQL, TypeScript","Python, Go",0.014907599,0.739606127,0.994855166,-0.025404666,0.013793691,13.38315221,3.628103912
4250,"Python, Kubernetes, Ansible",Terraform,0.01027654,0.73968254,0.996432922,-0.017509813,0.009665003,16.80443108,3.672373286
4251,"Java, CSS","JavaScript, HTML",0.011290963,0.739884393,0.996090186,-0.019229921,0.010891161,28.2414122,3.743725528
4252,"SQL, Agile",Python,0.031888149,0.740020471,0.989260042,-0.054293653,0.018981594,2.470694174,2.694368862
4253,"Kubernetes, NoSQL","Python, Docker",0.016451286,0.740079365,0.994347845,-0.02800688,0.015004184,11.36844136,3.596869263
4254,"Go, Scala","Java, Kubernetes",0.011070436,0.740412979,0.996175908,-0.018832973,0.010264589,13.73762969,3.644647919
4255,"Docker, Azure",Python,0.013716756,0.74047619,0.995279955,-0.023331716,0.00816839,2.472215678,2.69910013
4256,"SQL, RDBMS",Kubernetes,0.010320646,0.740506329,0.996433077,-0.017553919,0.008829978,6.923505155,3.44148891
4257,"Java, JavaScript, TypeScript",Python,0.016495391,0.740594059,0.994348089,-0.028050986,0.009824142,2.472609205,2.700326548
4258,"Python, Kubernetes, Software Engineering",Java,0.011335068,0.740634006,0.996090356,-0.019274026,0.008689696,4.284867265,3.189127548
4259,"SQL, Go","Python, Kubernetes",0.024434349,0.740641711,0.991716835,-0.041547215,0.022149891,10.69590415,3.588682847
4260,"Python, Java, Open Source RDBMS",Docker,0.011467384,0.740740741,0.996047603,-0.019494553,0.009929051,7.454422909,3.473861295
4261,"Python, AWS, Software Engineering",Java,0.014642967,0.741071429,0.994982916,-0.024875402,0.011227617,4.287397933,3.194515123
4262,"JavaScript, HTML/CSS","Java, AWS",0.011996648,0.741144414,0.995876736,-0.020376659,0.010680898,9.117725069,3.549136812
4263,"AWS, Kubernetes, DevOps",Docker,0.011246857,0.74127907,0.996133293,-0.019097605,0.009739204,7.459840368,3.481089471
4264,"Java, Go","Python, SQL",0.029197724,0.741321389,0.990197743,-0.049574384,0.023911623,5.523489925,3.346962069
4265,"Java, Bachelor's Degree",Python,0.01367265,0.741626794,0.995322853,-0.0231994,0.008150706,2.47605718,2.711119932
4266,"Java, AWS, TypeScript",Python,0.014201914,0.741935484,0.995152984,-0.024081507,0.008468603,2.477087796,2.714362899
4267,"Python, Open Source RDBMS",Kubernetes,0.012305385,0.742021277,0.995791574,-0.020861818,0.010531679,6.937669445,3.461698619
4268,"Python, Open Source RDBMS","SQL, Docker",0.012305385,0.742021277,0.995791574,-0.020861818,0.011535926,15.99225133,3.696433516
4269,"Python, Open Source RDBMS","Kubernetes, Docker",0.012305385,0.742021277,0.995791574,-0.020861818,0.010961026,9.15334516,3.562055053
4270,"Java, Azure","Python, AWS",0.017906761,0.742230347,0.993927649,-0.030344463,0.015424291,7.213282754,3.480247853
4271,"Java, AWS, Kubernetes",SQL,0.028844882,0.742338252,0.990362571,-0.048868698,0.020502146,3.457484632,3.047775974
4272,"Python, TypeScript",Go,0.016274864,0.742454728,0.994475615,-0.027565827,0.014885567,11.71445794,3.636722368
4273,"JavaScript, Go","SQL, TypeScript",0.014510651,0.742663657,0.995068351,-0.024566665,0.014116828,36.84554287,3.807638887
4274,"AWS, Kubernetes, JavaScript",TypeScript,0.012481807,0.742782152,0.995749111,-0.02112645,0.011837005,19.35758591,3.738575596
4275,"Data Analysis, Tableau",Data Visualization,0.014157809,0.743055556,0.995195845,-0.023949191,0.013201478,14.80430458,3.696550606
4276,Open Source RDBMS,"Python, AWS",0.013408018,0.743276284,0.995451001,-0.022670136,0.011551838,7.223447569,3.494426977
4277,"Go, TypeScript","SQL, AWS",0.012525912,0.743455497,0.995749295,-0.021170555,0.0113377,10.54181769,3.623057903
4278,"Python, Kubernetes, Software Engineering",SQL,0.011379173,0.74351585,0.996133797,-0.019229921,0.008093215,3.462969365,3.061769258
4279,"JavaScript, HTML/CSS","Python, SQL",0.012040753,0.74386921,0.995920139,-0.020332554,0.009868302,5.542473412,3.380255454
4280,"AWS, Open Source RDBMS","Java, Docker",0.010894015,0.743975904,0.996305151,-0.01839192,0.010117078,14.02175034,3.698641297
4281,"AWS, Kubernetes, Azure",Python,0.013716756,0.744019139,0.99536616,-0.023155295,0.008194811,2.484044461,2.736457502
4282,"Azure, GCP",Python,0.019362237,0.744067797,0.993509006,-0.032682045,0.011568105,2.484206914,2.736977757
4283,HTML/CSS,"SQL, TypeScript",0.012966965,0.744303797,0.99562164,-0.02187624,0.012615813,36.92691466,3.832062649
4284,"Java, HTML/CSS","JavaScript, Go",0.011555595,0.744318182,0.996091205,-0.019494553,0.011252256,38.09464139,3.834693247
4285,NoSQL databases,SQL,0.010541172,0.744548287,0.996433852,-0.017774445,0.007501424,3.467778,3.074143738
4286,RDBMS,NoSQL,0.013628545,0.744578313,0.99540887,-0.022978874,0.012727608,15.12708252,3.722387363
4287,"Kubernetes, Cloud Computing",AWS,0.013628545,0.744578313,0.99540887,-0.022978874,0.010585058,4.477937426,3.264103925
4288,"Java, Docker, TypeScript",Go,0.010805804,0.744680851,0.996348144,-0.018215499,0.009886129,11.74958172,3.66843088
4289,"Data Analysis, R",Data Visualization,0.01093812,0.744744745,0.996305312,-0.018436025,0.010200949,14.83795922,3.721013073
4290,"Java, Go, Scala",Kubernetes,0.011070436,0.744807122,0.996262495,-0.018656552,0.009480705,6.963716235,3.499488686
4291,"TypeScript, HTML/CSS","Java, AWS",0.011202752,0.744868035,0.996219692,-0.018877078,0.009980216,9.163533891,3.600936047
4292,"Docker, JavaScript",Java,0.020112028,0.745098039,0.993300408,-0.033872888,0.015446415,4.310693504,3.24497793
4293,"Python, Kafka, Hadoop",Scala,0.010056014,0.745098039,0.996605596,-0.016936444,0.0094179,15.75896254,3.737590289
4294,"AWS, RDBMS",Kubernetes,0.01018833,0.74516129,0.996562677,-0.017156971,0.008725966,6.967027602,3.50435219
4295,TensorFlow,"Python, PyTorch",0.010452962,0.745283019,0.996476882,-0.017598024,0.010261815,54.685443,3.872421268
4296,"Java, Open Source RDBMS",Kubernetes,0.012525912,0.745406824,0.995792487,-0.021082345,0.010728619,6.969323268,3.507731845
4297,"Java, Open Source RDBMS","Kubernetes, Docker",0.012525912,0.745406824,0.995792487,-0.021082345,0.011163675,9.195108228,3.609422807
4298,"Docker, Scala","Kubernetes, Go",0.010982226,0.745508982,0.996305472,-0.018480131,0.010471543,21.50499383,3.793191695
4299,"Kubernetes, Go",SQL,0.02584572,0.745547074,0.991474487,-0.043487849,0.018402598,3.47242991,3.086210471
4300,PyTorch,TensorFlow,0.011379173,0.74566474,0.996177071,-0.01914171,0.011165138,53.16495801,3.876672494
4301,"SQL, Open Source RDBMS","Kubernetes, Go",0.011511489,0.745714286,0.9961343,-0.019362237,0.010976343,21.51091603,3.796254219
4302,Open Source RDBMS,"Python, SQL, Java",0.013452124,0.745721271,0.995494325,-0.022626031,0.01233587,12.05113214,3.689338217
4303,"Kubernetes, TypeScript","Python, Docker",0.013716756,0.745803357,0.995409268,-0.023067084,0.012519452,11.45636824,3.677863455
4304,"Go, Scala",Kubernetes,0.011158647,0.746312684,0.996262819,-0.018744762,0.009559481,6.97779278,3.520257165
4305,"Go, Scala","Python, Kubernetes",0.011158647,0.746312684,0.996262819,-0.018744762,0.010123311,10.77780095,3.668904926
4306,"SQL, Kubernetes, JavaScript",AWS,0.013496229,0.746341463,0.99549452,-0.022670136,0.01048941,4.488541114,3.286792322
4307,"Python, TypeScript","SQL, JavaScript",0.016363075,0.746478873,0.994561934,-0.027477617,0.015571263,20.66534248,3.801962197
4308,"SQL, RDBMS",Docker,0.010408856,0.746835443,0.996520075,-0.017465708,0.009023918,7.515756769,3.557491289
4309,HTML/CSS,"SQL, Java, JavaScript",0.01301107,0.746835443,0.99566499,-0.021832135,0.012520072,26.49921753,3.838675958
4310,RDBMS,AWS,0.01367265,0.746987952,0.995452183,-0.022934768,0.010629163,4.492429133,3.29519063
4311,"Software Engineering, Go","Python, AWS",0.011070436,0.74702381,0.996305793,-0.018568341,0.009545555,7.259867481,3.546192543
4312,"SQL, AWS, TypeScript",Kubernetes,0.011467384,0.747126437,0.996177403,-0.019229921,0.009825763,6.985401114,3.531585426
4313,"Machine Learning, Data Visualization",SQL,0.0115997,0.747159091,0.996134636,-0.019450448,0.008266394,3.479937976,3.10588697
4314,"Python, Open Source RDBMS","Java, AWS",0.012393596,0.747340426,0.995878346,-0.020773607,0.011045579,9.193949793,3.636172865
4315,"Python, SQL, Kubernetes",AWS,0.029374145,0.747474747,0.990451536,-0.049221541,0.022839815,4.495356751,3.301542804
4316,"NoSQL, RDBMS","SQL, Java",0.01018833,0.747572816,0.99660604,-0.01706876,0.009085928,9.241940265,3.64109293
4317,"AWS, Kubernetes, Cloud Computing",Java,0.01018833,0.747572816,0.99660604,-0.01706876,0.007832653,4.325011086,3.276791439
4318,"Java, AWS, Scala",SQL,0.019229921,0.747855918,0.993679051,-0.032196886,0.013709132,3.483183488,3.114470417
4319,"AWS, Docker, JavaScript",Python,0.013363913,0.748148148,0.995580206,-0.022361399,0.008013704,2.497829917,2.781320617
4320,"Java, Kubernetes, TypeScript",Go,0.010761699,0.748466258,0.996434628,-0.017994972,0.009850409,11.80930791,3.723638194
4321,"Docker, Scala","SQL, Go",0.011026331,0.748502994,0.996348937,-0.018436025,0.010540338,22.6882465,3.845012843
4322,"Java, JavaScript, TypeScript",SQL,0.016671812,0.748514851,0.994520666,-0.027874564,0.011889654,3.486252512,3.122630858
4323,"SQL, Open Source RDBMS","Docker, Go",0.011555595,0.748571429,0.996177735,-0.019318132,0.011068789,23.73756643,3.851848214
4324,"Go, TypeScript","Java, AWS",0.012614123,0.748691099,0.995836044,-0.021082345,0.011244595,9.210566087,3.655715682
4325,"SQL, Kubernetes, JavaScript",TypeScript,0.013540334,0.748780488,0.995537842,-0.022626031,0.012846453,19.51390805,3.827841079
4326,"SQL, Hadoop",Spark,0.01631897,0.748987854,0.994647559,-0.02725709,0.015397401,17.70782234,3.815365157
4327,NoSQL,Python,0.03687205,0.749103943,0.988229854,-0.061571032,0.022129251,2.501021012,2.791916124
4328,"AWS, HTML/CSS",Python,0.010011908,0.749174917,0.996692201,-0.016715918,0.006009159,2.501257974,2.79270614
4329,"JavaScript, TypeScript",Java,0.022273188,0.74925816,0.992761383,-0.037180788,0.017134915,4.334761487,3.298816177
4330,"Go, Scala","Java, Docker",0.011202752,0.749262537,0.996306275,-0.018700657,0.010409434,14.12138778,3.776624697
4331,"JavaScript, HTML/CSS",Python,0.012128964,0.749318801,0.996006944,-0.020244343,0.00728075,2.501738356,2.794309071
4332,Scala,"Python, Java",0.03546068,0.75,0.988713413,-0.059101134,0.030353683,6.943548387,3.567944251
4333,"Agile, Scala",SQL,0.013099281,0.75,0.995708527,-0.021832135,0.009349311,3.49316968,3.141181141
4334,"Java, HTML/CSS","Python, SQL",0.011643805,0.75,0.996178067,-0.019406342,0.009560146,5.588153138,3.463150002
4335,"Python, TypeScript",AWS,0.016451286,0.750503018,0.994648252,-0.027389406,0.012806435,4.513568947,3.341615293
4336,"Python, Go, Scala",Kubernetes,0.011158647,0.75074184,0.996349413,-0.018568341,0.009568916,7.019204014,3.582809845
4337,"Docker, Agile",Python,0.020067922,0.750825083,0.993513467,-0.03338773,0.012062424,2.506767353,2.811200883
4338,"Docker, Go","Python, AWS",0.023684559,0.751048951,0.992389259,-0.039386054,0.020439648,7.29898537,3.603528822
4339,"AWS, Go",SQL,0.027962775,0.751184834,0.99107029,-0.046487011,0.019970415,3.498688115,3.156139146
4340,"AWS, RDBMS",Docker,0.01027654,0.751612903,0.996649698,-0.01706876,0.008917899,7.5638346,3.62591583
4341,"AWS, RDBMS","Python, SQL",0.01027654,0.751612903,0.996649698,-0.01706876,0.0084415,5.600170672,3.485637989
4342,"Kubernetes, Terraform, Ansible",Python,0.01027654,0.751612903,0.996649698,-0.01706876,0.006181318,2.509397637,2.820117297
4343,"Kubernetes, GCP","Python, AWS",0.013893177,0.751789976,0.995496276,-0.023067084,0.011991614,7.306186939,3.614287071
4344,"NoSQL, Scala","Python, SQL",0.012173069,0.752043597,0.996050347,-0.020200238,0.010000618,5.603379714,3.491692447
4345,"Go, Scala",Docker,0.011246857,0.752212389,0.996349731,-0.018656552,0.009761117,7.569867512,3.634688207
4346,"Go, Scala","Python, Docker",0.011246857,0.752212389,0.996349731,-0.018656552,0.01027351,11.55481809,3.772991475
4347,"Docker, TypeScript",Python,0.014201914,0.752336449,0.995411454,-0.023552243,0.008547866,2.511813326,2.828356228
4348,"Python, Redshift",Snowflake,0.010585278,0.752351097,0.996564022,-0.017553919,0.010171375,25.57429749,3.919184532
4349,"Python, Hadoop, Hive",Java,0.01018833,0.752442997,0.996692776,-0.016892339,0.0078479,4.353187054,3.341255655
4350,"Python, TypeScript","Java, JavaScript",0.016495391,0.752515091,0.994691411,-0.027345301,0.015434807,15.55312183,3.845149436
4351,"Kubernetes, Docker, Azure",Python,0.012481807,0.752659574,0.995965118,-0.020685397,0.007514699,2.512892141,2.832051196
4352,Agile practices,Python,0.011820227,0.752808989,0.996178731,-0.019582764,0.007117327,2.513390988,2.833763026
4353,Cassandra,Java,0.011820227,0.752808989,0.996178731,-0.019582764,0.009106243,4.355304466,3.346202732
4354,"Docker, Jenkins",Kubernetes,0.01773034,0.752808989,0.994312061,-0.029374145,0.0152113,7.038531217,3.612771298
4355,"Software Engineering, Go",SQL,0.011158647,0.75297619,0.996392716,-0.018480131,0.007976854,3.507031464,3.179026696
4356,"AWS, Open Source RDBMS","SQL, Kubernetes",0.011026331,0.753012048,0.996435557,-0.018259604,0.010341102,16.09146293,3.859314775
4357,"AWS, Go","Python, Java",0.028050986,0.753554502,0.991155334,-0.0463988,0.024030178,6.976456199,3.619404985
4358,"TypeScript, HTML/CSS","Python, Java",0.011335068,0.753665689,0.996350048,-0.018744762,0.009710548,6.977485574,3.621038659
4359,"Java, Go, Scala",Docker,0.011202752,0.753709199,0.996392873,-0.018524236,0.009725777,7.58493061,3.656777686
4360,"JavaScript, Go","Java, TypeScript",0.014731178,0.753950339,0.995284651,-0.024346139,0.01425204,30.74517271,3.964555101
4361,Confidentiality,Integrity,0.014069598,0.754137116,0.995497056,-0.023243505,0.013692731,37.33308041,3.985147108
4362,Machine Learning,Python,0.045869536,0.754169688,0.985905538,-0.075772946,0.027652404,2.517933933,2.849448235
4363,"Kubernetes, Docker, Software Engineering",Python,0.013540334,0.754299754,0.995667244,-0.022361399,0.008163704,2.518368183,2.850956644
4364,"Agile, Go",Docker,0.013408018,0.754342432,0.995709828,-0.022140872,0.011641784,7.591303132,3.666203784
4365,"Teamwork, Problemsolving",Communication,0.012878754,0.754521964,0.995880312,-0.021258766,0.009718403,4.075101593,3.319424681
4366,"SQL, Azure",Python,0.020200238,0.754530478,0.993599656,-0.033343625,0.012181529,2.519138495,2.853636336
4367,"Data Analysis, Business Intelligence",SQL,0.01084991,0.754601227,0.996521588,-0.017906761,0.007762813,3.514600168,3.200078287
4368,"Docker, TypeScript",SQL,0.014246019,0.754672897,0.995454742,-0.023508137,0.010193022,3.514933977,3.201013162
4369,CSS,JavaScript,0.026463194,0.754716981,0.991690813,-0.04366427,0.023566605,9.135984043,3.740131434
4370,"Java, TypeScript, HTML/CSS",Go,0.010585278,0.754716981,0.996607368,-0.017465708,0.009696351,11.90793188,3.818530343
4371,"JavaScript, HTML/CSS","SQL, Go",0.012217175,0.754768392,0.99609375,-0.020156133,0.011683164,22.87816011,3.9432487
4372,"Scala, Kafka",Hadoop,0.010452962,0.75477707,0.996650281,-0.017245181,0.00999607,22.87842314,3.94338824
4373,"Scala, Kafka","Python, Spark",0.010452962,0.75477707,0.996650281,-0.017245181,0.00993621,20.22820391,3.925762149
4374,"Python, NoSQL",Java,0.027830459,0.754784689,0.991279935,-0.045913642,0.021457171,4.366734691,3.373163094
4375,"Python, Kafka, Hadoop",Java,0.01018833,0.754901961,0.99673615,-0.016804128,0.007855523,4.367413156,3.374777048
4376,"Java, Cloud Computing",Python,0.019450448,0.755136986,0.993851314,-0.03206457,0.011735578,2.521163435,2.860704593
4377,"Java, RDBMS","Python, AWS",0.011290963,0.755162242,0.996393186,-0.018612447,0.009752467,7.338959927,3.664068349
4378,"Java, JavaScript, HTML/CSS",Python,0.011290963,0.755162242,0.996393186,-0.018612447,0.006812639,2.521247756,2.860999682
4379,"SQL, HTML/CSS",Docker,0.011026331,0.755287009,0.996478873,-0.018171393,0.009575652,7.600808858,3.680355108
4380,"SQL, HTML/CSS","AWS, JavaScript",0.011026331,0.755287009,0.996478873,-0.018171393,0.010523455,21.92653311,3.945657885
4381,"SQL, HTML/CSS","Kubernetes, Docker",0.011026331,0.755287009,0.996478873,-0.018171393,0.009842866,9.316987136,3.755151747
4382,"Docker, Cloud Computing","Python, Kubernetes",0.012525912,0.755319149,0.996008504,-0.020641291,0.011377574,10.90786692,3.803953755
4383,"Kubernetes, TypeScript","SQL, Docker",0.013893177,0.755395683,0.995582503,-0.022890663,0.013039814,16.28050031,3.898546081
4384,"Kubernetes, TypeScript","Java, Docker",0.013893177,0.755395683,0.995582503,-0.022890663,0.012917325,14.23697949,3.871318827
4385,Open Source RDBMS,Kubernetes,0.013628545,0.755501222,0.99566762,-0.02244961,0.011699168,7.06370277,3.652552375
4386,Open Source RDBMS,"Java, AWS",0.013628545,0.755501222,0.99566762,-0.02244961,0.012162219,9.29434575,3.757539805
4387,Open Source RDBMS,"Kubernetes, Docker",0.013628545,0.755501222,0.99566762,-0.02244961,0.012166197,9.319629607,3.758441759
4388,"Python, Data Analysis, R",Data Visualization,0.010497067,0.755555556,0.996650426,-0.017289287,0.009799743,15.05334896,3.885578762
4389,"Python, SQL, Docker",AWS,0.029594672,0.755630631,0.990789865,-0.048736382,0.023082343,4.544406708,3.411732545
4390,"Docker, Agile",Java,0.020200238,0.755775578,0.993642339,-0.033255414,0.015580367,4.372467382,3.386848985
4391,"Software Engineering, Go","Python, Java",0.011202752,0.755952381,0.996436177,-0.018436025,0.009602052,6.998655914,3.654967281
4392,"Java, Agile, Go",Kubernetes,0.012305385,0.756097561,0.996094089,-0.020244343,0.0105647,7.069278351,3.661482821
4393,"SQL, Microsoft Azure","Python, AWS",0.010805804,0.75617284,0.996564769,-0.017774445,0.009335383,7.348781307,3.679254922
4394,"SQL, Software Engineering",Python,0.017245181,0.756286267,0.994566624,-0.028359723,0.010415408,2.52500052,2.874194815
4395,"SQL, JavaScript, HTML/CSS",Docker,0.010541172,0.756329114,0.996650572,-0.017333392,0.009156234,7.61129605,3.696094846
4396,"Python, AWS, Go",Kubernetes,0.024787192,0.756393001,0.992270243,-0.040753319,0.021282236,7.072040627,3.665923374
4397,"SQL, Java, HTML/CSS",Kubernetes,0.010144224,0.756578947,0.996779388,-0.016671812,0.008710164,7.073779164,3.668723723
4398,"SQL, Java, HTML/CSS",Docker,0.010144224,0.756578947,0.996779388,-0.016671812,0.008811879,7.613810241,3.699888306
4399,"Python, Go, Scala",Docker,0.011246857,0.756676558,0.996436332,-0.018480131,0.009769883,7.614792542,3.701372536
4400,"Python, Docker, Software Engineering",Java,0.011114542,0.756756757,0.996479179,-0.018259604,0.008575899,4.3781439,3.400510642
4401,"Agile, Go",Kubernetes,0.013452124,0.756823821,0.995753163,-0.022096767,0.011551051,7.07606866,3.672418061
4402,"Kubernetes, Docker, JavaScript",Python,0.017024655,0.756862745,0.994651253,-0.027962775,0.010287354,2.526925198,2.881009528
4403,"Kubernetes, Docker, JavaScript",SQL,0.017024655,0.756862745,0.994651253,-0.027962775,0.012195148,3.525133324,3.229843511
4404,"Terraform, Ansible",Python,0.016760023,0.756972112,0.994735707,-0.027521722,0.010128405,2.527290338,2.882306029
4405,"Python, SQL, Software Engineering",AWS,0.013055176,0.757033248,0.995881027,-0.021435187,0.010187698,4.552842131,3.431428061
4406,"SQL, Kubernetes, Docker",AWS,0.031623517,0.757127772,0.990262489,-0.051911966,0.024678499,4.553410603,3.432763544
4407,"SQL, Open Source RDBMS","Java, AWS",0.011687911,0.757142857,0.99630804,-0.019185816,0.010433108,9.314541508,3.782939542
4408,"Python, Spark, Kafka",Hadoop,0.012393596,0.757412399,0.996094428,-0.020332554,0.011853765,22.9583039,3.986226888
4409,"JavaScript, HTML/CSS",Go,0.01226128,0.757493188,0.996137153,-0.020112028,0.01123538,11.9517349,3.862244703
4410,"Kubernetes, Docker, Agile",SQL,0.017509813,0.757633588,0.994525154,-0.028712566,0.012547732,3.528723569,3.24011598
4411,"Scala, Spark",Java,0.016142548,0.757763975,0.994947314,-0.026463194,0.012460373,4.383971066,3.414649979
4412,Kubernetes,Docker,0.081065585,0.757938144,0.976611682,-0.132845234,0.070437501,7.62748848,3.720663479
4413,"Python, Open Source RDBMS",Docker,0.012570017,0.757978723,0.996051889,-0.020597186,0.010922116,7.627896847,3.721287313
4414,"Docker, Linux",Kubernetes,0.013540334,0.758024691,0.995753532,-0.022184978,0.011629827,7.087296424,3.690643461
4415,"Python, Agile, Scala",SQL,0.012437701,0.758064516,0.996094598,-0.020376659,0.008915002,3.530730644,3.245887179
4416,"Docker, NoSQL","Java, AWS",0.016186654,0.758264463,0.994947532,-0.026507299,0.014451441,9.328339753,3.800491642
4417,"SQL, HTML/CSS",Kubernetes,0.011070436,0.758308157,0.996522344,-0.018127288,0.009509009,7.089946741,3.694971993
4418,Cassandra,Python,0.011908437,0.758426966,0.996265578,-0.019494553,0.007205537,2.532147638,2.899664492
4419,"Java, HTML/CSS",Python,0.011776121,0.758522727,0.99630836,-0.019274026,0.007126063,2.532467353,2.900814392
4420,"SQL, AWS, TypeScript",Docker,0.011643805,0.75862069,0.996351158,-0.0190535,0.010118621,7.634357255,3.731184354
4421,"AWS, Azure, GCP",Python,0.018744762,0.758928571,0.9941893,-0.0306532,0.011346942,2.533822338,2.905697918
4422,"Java, AWS, Docker",SQL,0.029021303,0.75893887,0.991121495,-0.047457328,0.020811142,3.534802998,3.257660346
4423,"SQL, Azure",AWS,0.020332554,0.759472817,0.993728522,-0.033211309,0.015880996,4.567513842,3.466231635
4424,"SQL, RDBMS","Java, AWS",0.010585278,0.759493671,0.996694071,-0.017289287,0.00945237,9.343461747,3.819915643
4425,"SQL, JavaScript, HTML/CSS",Kubernetes,0.010585278,0.759493671,0.996694071,-0.017289287,0.00909461,7.101030928,3.713185403
4426,"TypeScript, HTML/CSS",Go,0.011423279,0.759530792,0.996436951,-0.018656552,0.010470059,11.98388423,3.89497124
4427,"TypeScript, HTML/CSS","Python, Go",0.011423279,0.759530792,0.996436951,-0.018656552,0.010592113,13.74368846,3.928719343
4428,"TypeScript, HTML/CSS","SQL, Go",0.011423279,0.759530792,0.996436951,-0.018656552,0.0109271,23.02251556,4.021343211
4429,"Java, Kubernetes, Docker",Python,0.034931416,0.760076775,0.989458149,-0.056984078,0.021166186,2.537655828,2.919603758
4430,"Docker, Scala","Java, Go",0.011202752,0.760479042,0.996522797,-0.018259604,0.010622549,19.30833294,4.010563225
4431,"Docker, Cloud Computing","AWS, Kubernetes",0.012614123,0.760638298,0.996095275,-0.020553081,0.011578425,12.17934472,3.916862445
4432,"Python, SQL, TypeScript",Kubernetes,0.01292286,0.761038961,0.996010062,-0.021038239,0.011106698,7.115478913,3.737197471
4433,"Python, SQL, TypeScript",Docker,0.01292286,0.761038961,0.996010062,-0.021038239,0.011235515,7.658693459,3.768943716
4434,"Java, Open Source RDBMS",Docker,0.012790544,0.761154856,0.996052746,-0.020817713,0.011120729,7.659859761,3.770772517
4435,"SQL, JavaScript, Go",Docker,0.012658228,0.76127321,0.996095445,-0.020597186,0.011005944,7.661050812,3.772641958
4436,"JavaScript, TypeScript, HTML/CSS",Go,0.011114542,0.761329305,0.996565815,-0.018083183,0.010189275,12.01226119,3.924321964
4437,RDBMS,SQL,0.013937282,0.761445783,0.995712058,-0.022670136,0.01000739,3.546479096,3.291894377
4438,"SQL, TypeScript",AWS,0.015348653,0.761487965,0.995287505,-0.024963613,0.01199715,4.579633058,3.49551724
4439,"SQL, TypeScript","Python, Java",0.015348653,0.761487965,0.995287505,-0.024963613,0.013171509,7.049904708,3.739794777
4440,"Python, Java, Kubernetes",AWS,0.030035725,0.761744966,0.990961938,-0.048824593,0.023479394,4.58117868,3.499287792
4441,"SQL, HTML",JavaScript,0.010320646,0.762214984,0.996823325,-0.016760023,0.009202089,9.226748706,3.858067861
4442,"SQL, Microsoft Azure",Java,0.010894015,0.762345679,0.996651737,-0.017686235,0.008423985,4.410478076,3.48048053
4443,"SQL, Java, NoSQL",AWS,0.021655714,0.76242236,0.993438264,-0.035151943,0.016932809,4.585252566,3.509265145
4444,"Python, Docker, Software Engineering",SQL,0.011202752,0.762762763,0.996566113,-0.018171393,0.008049368,3.552613007,3.310168734
4445,"Docker, Scala",Go,0.011246857,0.763473054,0.996566262,-0.018215499,0.010313205,12.04608528,3.959889837
4446,"Docker, Scala","Python, Go",0.011246857,0.763473054,0.996566262,-0.018215499,0.010432754,13.81502358,3.994200429
4447,"Python, SQL, Agile",Java,0.024346139,0.763485477,0.992691058,-0.039430159,0.018834311,4.417072269,3.497253476
4448,"Java, Kubernetes, JavaScript",Python,0.014951705,0.763513514,0.995457888,-0.024213823,0.00908629,2.549130009,2.962032877
4449,"SQL, Docker, JavaScript",TypeScript,0.01367265,0.763546798,0.995840374,-0.022140872,0.012985539,19.89873167,4.066886642
4450,Data Pipelines,Python,0.010541172,0.763578275,0.996780649,-0.01706876,0.006406319,2.549346226,2.962844245
4451,"Go, GCP","SQL, AWS",0.010541172,0.763578275,0.996780649,-0.01706876,0.009567585,10.82714836,3.931430526
4452,"Kubernetes, Open Source RDBMS","Python, AWS",0.010408856,0.763754045,0.996823601,-0.016848234,0.00900651,7.422458409,3.797323351
4453,"Kubernetes, Cloud Computing",Python,0.013981388,0.763855422,0.995755371,-0.022626031,0.008499074,2.550271532,2.966321535
4454,"Kubernetes, NoSQL","Python, SQL",0.01698055,0.763888889,0.9948656,-0.027477617,0.013997129,5.691637456,3.666864708
4455,"Kubernetes, NoSQL","Java, Docker",0.01698055,0.763888889,0.9948656,-0.027477617,0.015801103,14.39705135,4.0105749
4456,"Python, RDBMS","Java, AWS",0.011290963,0.764179104,0.996566412,-0.018259604,0.010089937,9.401103004,3.89581206
4457,"Java, HTML/CSS","SQL, Go",0.011864332,0.764204545,0.996395223,-0.019185816,0.011352148,23.16418404,4.101051141
4458,"AWS, Go",Kubernetes,0.028447934,0.764218009,0.991538036,-0.046001852,0.02446653,7.145202033,3.787586102
4459,"Java, Agile, Go",Docker,0.012437701,0.764227642,0.996224286,-0.020112028,0.010820479,7.69078266,3.819916443
4460,"Scala, Kafka","Python, Java",0.010585278,0.76433121,0.996780789,-0.017112866,0.009089385,7.076227656,3.784913834
4461,"Kubernetes, TypeScript",Python,0.014069598,0.76498801,0.995755738,-0.022714242,0.008560864,2.554052885,2.98061706
4462,"Kubernetes, TypeScript",AWS,0.014069598,0.76498801,0.995755738,-0.022714242,0.011011444,4.600682531,3.547576142
4463,"SQL, Java",Python,0.061879769,0.764994547,0.982413188,-0.099898558,0.037651907,2.554074713,2.980699981
4464,"Java, Docker, JavaScript",Python,0.015392758,0.765350877,0.995373773,-0.024831297,0.009368818,2.555264385,2.985226365
4465,"Python, ETL",SQL,0.011952543,0.765536723,0.996395536,-0.019274026,0.008600297,3.565532893,3.349331698
4466,"AWS, HTML/CSS",Go,0.010232435,0.765676568,0.996909819,-0.016495391,0.009385439,12.08085234,3.997127563
4467,"AWS, HTML/CSS","SQL, Go",0.010232435,0.765676568,0.996909819,-0.016495391,0.009791549,23.20880323,4.126813987
4468,"AWS, JavaScript",Java,0.026374983,0.765685019,0.992197493,-0.042517532,0.02042099,4.42979751,3.530082602
4469,"Java, Docker, Software Engineering",Python,0.011114542,0.765957447,0.996652465,-0.017906761,0.006768322,2.557289529,2.992963196
4470,"Scala, Hadoop","Python, Spark",0.012570017,0.766129032,0.996224778,-0.020244343,0.011957814,20.53243918,4.116316384
4471,"SQL, Go, TypeScript",HTML/CSS,0.011423279,0.766272189,0.996566859,-0.01839192,0.011163565,43.98402367,4.203943016
4472,"SQL, Bachelor's Degree",Python,0.011864332,0.766381766,0.996438499,-0.019097605,0.007227484,2.558706198,2.998399299
4473,"Python, Kubernetes, Software Engineering",AWS,0.011732016,0.766570605,0.996481321,-0.018877078,0.009187221,4.610200353,3.571627862
4474,"SQL, JavaScript, Go",Kubernetes,0.012746438,0.766578249,0.996182213,-0.020508975,0.010968015,7.167269545,3.825884211
4475,"Python, Agile, Go",Docker,0.012614123,0.766756032,0.996224941,-0.020288449,0.01097937,7.716227038,3.861324752
4476,"AWS, TypeScript",Java,0.01914171,0.766784452,0.994319893,-0.030785516,0.014826781,4.436158175,3.546724244
4477,Agile practices,AWS,0.012040753,0.766853933,0.996395849,-0.019362237,0.009429955,4.611904301,3.575968231
4478,"Agile, GCP","Python, AWS",0.010011908,0.766891892,0.996995951,-0.016098443,0.008668561,7.452953221,3.848438767
4479,"Java, RDBMS","Python, NoSQL",0.011467384,0.766961652,0.996567009,-0.018436025,0.010916084,20.80062384,4.132916138
4480,"Python, PyTorch",TensorFlow,0.010452962,0.766990291,0.996867113,-0.016804128,0.010261815,54.685443,4.231473926
4481,"AWS, Docker, Azure",Python,0.01292286,0.767015707,0.996139666,-0.020773607,0.007876489,2.560822724,3.006557817
4482,"Java, HTML/CSS",Go,0.011908437,0.767045455,0.996438654,-0.01914171,0.010924468,12.10245065,4.020615474
4483,HTML/CSS,AWS,0.013363913,0.767088608,0.996011791,-0.021479293,0.0104671,4.61331565,3.579571277
4484,"Agile, JavaScript",Java,0.015833811,0.767094017,0.995289745,-0.025448772,0.012265989,4.437949132,3.551438339
4485,"Python, Java, Docker",AWS,0.029638777,0.767123288,0.991337212,-0.047633749,0.023214453,4.613524218,3.580104348
4486,"Agile, Cloud Computing",AWS,0.012525912,0.767567568,0.996267847,-0.020112028,0.009812441,4.616196143,3.586947491
4487,"Python, SQL, Agile",AWS,0.024478455,0.767634855,0.992819285,-0.039297843,0.019176187,4.616600812,3.587986182
4488,"AWS, RDBMS","Python, NoSQL",0.010497067,0.767741935,0.99686725,-0.016848234,0.009992928,20.82178577,4.146800894
4489,"AWS, Agile, Go",Kubernetes,0.012834649,0.767810026,0.996182544,-0.020597186,0.011046791,7.17878628,3.846180679
4490,"AWS, Agile, Go",Docker,0.012834649,0.767810026,0.996182544,-0.020597186,0.0111736,7.726833878,3.8788527
4491,"SQL, Software Engineering",Java,0.017509813,0.767891683,0.994825356,-0.028095091,0.013568438,4.442563951,3.563643247
4492,"SQL, Docker",Java,0.035637101,0.768060837,0.98971549,-0.057160499,0.027617126,4.443542574,3.566242219
4493,"Java, Spark, Hadoop",Scala,0.011687911,0.768115942,0.996524459,-0.018744762,0.010968469,16.24579548,4.108601089
4494,"Docker, Open Source RDBMS","Python, AWS",0.010673488,0.768253968,0.99682443,-0.017112866,0.009243912,7.466190408,3.871057785
4495,"NoSQL, Scala",SQL,0.012437701,0.768392371,0.996310764,-0.019935606,0.00896235,3.578833241,3.390627878
4496,"Java, Node.js",Python,0.012878754,0.768421053,0.996182709,-0.020641291,0.007858805,2.565514729,3.02480323
4497,"Kubernetes, Go","Python, Docker",0.026639615,0.768447837,0.992241784,-0.042693953,0.024382827,11.80421261,4.037537508
4498,"Kubernetes, GCP","AWS, Docker",0.014201914,0.76849642,0.995799411,-0.022758347,0.013086895,12.73692934,4.058960633
4499,"Ansible, Puppet",Python,0.010982226,0.768518519,0.996738705,-0.017598024,0.006702058,2.565840137,3.026076831
4500,"SQL, Open Source RDBMS","Python, AWS",0.011864332,0.768571429,0.996481779,-0.019009394,0.010275914,7.469275611,3.876367878
4501,"Docker, NoSQL","Python, SQL",0.01640718,0.768595041,0.995163449,-0.026286773,0.013542149,5.72670239,3.741438842
4502,"Python, Microsoft Azure",Java,0.014069598,0.768674699,0.995841996,-0.02253782,0.010905825,4.447094015,3.575705869
4503,"Docker, TypeScript",Java,0.014510651,0.768691589,0.995714471,-0.023243505,0.011247772,4.447191731,3.575966965
4504,"Java, Kubernetes, Docker",AWS,0.035328364,0.768714012,0.989837655,-0.05658713,0.027686645,4.623090924,3.604727359
4505,Data Science,Python,0.025360561,0.768716578,0.992613467,-0.040621003,0.015479187,2.566501393,3.028668205
4506,"SQL, Go","Kubernetes, Docker",0.025360561,0.768716578,0.992613467,-0.040621003,0.022686144,9.482650143,3.973196201
4507,"Python, NoSQL, Scala",SQL,0.012173069,0.768802228,0.996396318,-0.019494553,0.008773475,3.580742178,3.396638643
4508,"Data Analysis, Machine Learning",Python,0.010717594,0.768987342,0.996824568,-0.017156971,0.006543109,2.567405389,3.032218033
4509,"SQL, Kubernetes",Java,0.035989944,0.769085768,0.989677256,-0.057601553,0.027901357,4.449472218,3.582071276
4510,"SQL, Kubernetes","Python, Docker",0.035989944,0.769085768,0.989677256,-0.057601553,0.032943566,11.81401194,4.048691737
4511,"Python, Agile, Go",Kubernetes,0.012658228,0.769436997,0.996268333,-0.020244343,0.010898674,7.193997955,3.873321305
4512,"AWS, Ansible",Python,0.010452962,0.769480519,0.996910491,-0.016715918,0.00638416,2.569051954,3.038705217
4513,HTML/CSS,"SQL, Java",0.013408018,0.769620253,0.996055141,-0.021435187,0.011998799,9.514503817,3.989547038
4514,"Kubernetes, TypeScript",SQL,0.014157809,0.769784173,0.995842356,-0.022626031,0.010208977,3.585315642,3.411126395
4515,Puppet,Python,0.01358444,0.77,0.996012655,-0.021699819,0.008300282,2.570786335,3.04556847
4516,Open Source RDBMS,Docker,0.013893177,0.770171149,0.995927563,-0.022184978,0.012100647,7.750594969,3.918701689
4517,"NoSQL, RDBMS","Python, AWS",0.010497067,0.770226537,0.996910626,-0.016760023,0.009094721,7.485360599,3.904290206
4518,"SQL, JavaScript, TypeScript",Go,0.014510651,0.770491803,0.995757576,-0.023155295,0.01331703,12.15682718,4.080989975
4519,"Docker, Go","Python, SQL",0.024302033,0.770629371,0.992987857,-0.038768579,0.020069601,5.741859915,3.774622335
4520,"Docker, Go","Python, Java",0.024302033,0.770629371,0.992987857,-0.038768579,0.020895781,7.134536431,3.888841676
4521,"Docker, NoSQL","Python, Kubernetes",0.016451286,0.770661157,0.995206633,-0.026242667,0.014973107,11.12942701,4.058425647
4522,"SQL, Java, Software Engineering",AWS,0.013496229,0.770780856,0.996055483,-0.021523398,0.010584749,4.63552105,3.637230806
4523,"SQL, Docker, JavaScript",AWS,0.013804966,0.770935961,0.995970363,-0.022008556,0.010827482,4.636453855,3.639693653
4524,"Docker, TypeScript",AWS,0.014554757,0.771028037,0.995757759,-0.0231994,0.011415931,4.637007611,3.641157288
4525,"AWS, Open Source RDBMS","SQL, Docker",0.011290963,0.771084337,0.99669637,-0.017994972,0.010611547,16.6186266,4.165731556
4526,"Python, Java, Agile",AWS,0.027080669,0.771356784,0.992245089,-0.043135006,0.02124304,4.638984711,3.646392597
4527,"SQL, Open Source RDBMS","Java, Kubernetes",0.011908437,0.771428571,0.996525214,-0.018965289,0.011076441,14.31309329,4.139201914
4528,"Java, Agile, JavaScript",AWS,0.012217175,0.771587744,0.996439736,-0.019450448,0.009584375,4.640373717,3.650079659
4529,"Kubernetes, NoSQL","SQL, Java",0.017156971,0.771825397,0.995038184,-0.027301195,0.015358879,9.541765116,4.028103145
4530,"Python, Scala, Spark",Java,0.014775283,0.771889401,0.995715584,-0.023508137,0.011466662,4.465692367,3.626097343
4531,"AWS, Agile, Azure",Python,0.010011908,0.772108844,0.997082771,-0.015922022,0.006128053,2.577827096,3.073751342
4532,"SQL, TypeScript, HTML/CSS",Kubernetes,0.010011908,0.772108844,0.997082771,-0.015922022,0.008625021,7.218978891,3.918732979
4533,"SQL, TypeScript, HTML/CSS",Docker,0.010011908,0.772108844,0.997082771,-0.015922022,0.00872339,7.7700949,3.952021307
4534,Availability,"Integrity, Confidentiality",0.013319808,0.772378517,0.996141172,-0.021170555,0.013077175,54.89698466,4.331447046
4535,"AWS, Software Engineering, Cloud Computing",Java,0.010629383,0.772435897,0.996911029,-0.016892339,0.008250835,4.468854071,3.634805437
4536,"Java, Kubernetes, Software Engineering",SQL,0.011246857,0.772727273,0.996739556,-0.017862656,0.008121883,3.599023306,3.455299255
4537,"Java, HTML/CSS","AWS, JavaScript",0.011996648,0.772727273,0.996525516,-0.0190535,0.011461867,22.43283669,4.248436466
4538,"AWS, Docker, JavaScript",SQL,0.013804966,0.772839506,0.996013519,-0.021920346,0.00996977,3.59954604,3.457006418
4539,"Java, JavaScript, HTML/CSS",Go,0.011555595,0.772861357,0.99665392,-0.018347815,0.010607965,12.19421402,4.123563641
4540,"Java, AWS, Kubernetes",Python,0.030035725,0.772985244,0.991508873,-0.047677855,0.018397369,2.58075312,3.085617695
4541,"Docker, React",Kubernetes,0.010364751,0.773026316,0.996996997,-0.016451286,0.008930691,7.227556972,3.934573268
4542,"Go, GCP","Python, SQL",0.010673488,0.773162939,0.996911163,-0.016936444,0.008820689,5.760737208,3.816781517
4543,"Problem Solving, Leadership",Communication,0.016539496,0.773195876,0.995250022,-0.026242667,0.012578849,4.175957623,3.592729438
4544,"AWS, Kubernetes, Software Engineering",Python,0.011732016,0.773255814,0.9966112,-0.018612447,0.007187641,2.581656467,3.089299709
4545,"Data Visualization, Business Intelligence",SQL,0.012790544,0.773333333,0.996312044,-0.020288449,0.009239436,3.60184607,3.464538023
4546,"Docker, GCP","Python, Kubernetes",0.012790544,0.773333333,0.996312044,-0.020288449,0.01164526,11.16801699,4.10627048
4547,"Docker, Go","SQL, Java",0.024390244,0.773426573,0.993073371,-0.038680369,0.021839379,9.561559814,4.056569433
4548,"Machine Learning, Cloud Computing",Python,0.010541172,0.773462783,0.996954138,-0.016715918,0.006459161,2.582347472,3.092122159
4549,"SQL, Node.js",AWS,0.010541172,0.773462783,0.996954138,-0.016715918,0.008275058,4.651650314,3.680291221
4550,"Python, Kubernetes, Scala",Go,0.011158647,0.773700306,0.996782609,-0.017686235,0.010244562,12.20745096,4.138850711
4551,"Java, AWS, Go",Docker,0.024478455,0.774058577,0.993073963,-0.038768579,0.021336048,7.78971599,3.986124792
4552,"AWS, RDBMS","SQL, Java",0.010585278,0.774193548,0.996954271,-0.016760023,0.009479308,9.571041615,4.070347991
4553,"Python, TypeScript",SQL,0.01698055,0.774647887,0.995166163,-0.026860142,0.012274148,3.607968683,3.484747828
4554,"Java, Kubernetes, Scala",Go,0.011070436,0.774691358,0.996825673,-0.017509813,0.010164737,12.22308779,4.157056036
4555,TypeScript,JavaScript,0.029726988,0.774712644,0.991674808,-0.047016275,0.026557136,9.378035115,4.072091501
4556,"Python, Data visualization",SQL,0.010320646,0.774834437,0.997040261,-0.01631897,0.00746082,3.60883755,3.487634943
4557,"Java, Docker, Software Engineering",SQL,0.011246857,0.775075988,0.996782888,-0.017774445,0.008131352,3.609962587,3.491380389
4558,"Java, AWS, Docker",Python,0.029638777,0.775086505,0.991716228,-0.046839854,0.018185366,2.587768566,3.114445172
4559,"SQL, RDBMS",NoSQL,0.010805804,0.775316456,0.996911566,-0.01706876,0.01011979,15.7515681,4.231633705
4560,"SQL, NoSQL",Python,0.030609095,0.775418994,0.991471487,-0.048339435,0.018785792,2.588878642,3.119056067
4561,"AWS, HTML/CSS","SQL, TypeScript",0.010364751,0.775577558,0.99704039,-0.016363075,0.010095386,38.47849008,4.366068996
4562,"SQL, Docker","Python, Kubernetes",0.035989944,0.775665399,0.990052687,-0.056807657,0.032777042,11.20169528,4.148957133
4563,"SQL, Java, Open Source RDBMS",Go,0.011158647,0.77607362,0.996825949,-0.017598024,0.010247357,12.24489713,4.182716876
4564,"SQL, AWS, Cloud Computing",Java,0.013452124,0.776081425,0.996184861,-0.021214661,0.010456068,4.489944922,3.69398223
4565,"Python, RDBMS","Java, NoSQL",0.011467384,0.776119403,0.996740264,-0.018083183,0.010958431,22.53131271,4.312806716
4566,"Docker, Go","Java, AWS",0.024478455,0.776223776,0.993158885,-0.038592158,0.021915072,9.549279261,4.10550269
4567,"Python, AWS, Open Source RDBMS",Kubernetes,0.010408856,0.776315789,0.997040519,-0.01640718,0.008974796,7.258312534,3.99243464
4568,"AWS, Kubernetes, JavaScript",Python,0.013055176,0.776902887,0.996313004,-0.020553081,0.008022016,2.593832891,3.139801941
4569,"AWS, GCP",Python,0.028624355,0.777245509,0.9920878,-0.045031535,0.017593676,2.594976797,3.144631315
4570,"Python, HTML/CSS",AWS,0.010011908,0.77739726,0.997169606,-0.0157456,0.007870467,4.675312489,3.745339933
4571,"Kubernetes, Scala","SQL, AWS",0.011864332,0.777456647,0.996654937,-0.018656552,0.010788098,11.02393656,4.176604589
4572,Availability,Confidentiality,0.013408018,0.777493606,0.996227888,-0.021082345,0.013086283,41.6740249,4.410405612
4573,"Python, JavaScript, TypeScript",AWS,0.014642967,0.777517564,0.995887446,-0.023022979,0.011511476,4.676036005,3.747365171
4574,"Python, Java, Cloud Computing",AWS,0.015128126,0.777777778,0.995760145,-0.023772769,0.011893963,4.677600943,3.751753187
4575,"Docker, Open Source RDBMS","Java, Go",0.010805804,0.777777778,0.996954933,-0.01698055,0.010258607,19.74754262,4.322762757
4576,"Kubernetes, Microservices",Docker,0.01499581,0.778032037,0.995802683,-0.023552243,0.013080564,7.829702781,4.057480604
4577,"Docker, JavaScript, TypeScript",AWS,0.012834649,0.778074866,0.996398664,-0.020156133,0.010091844,4.679387651,3.756775614
4578,"Python, SQL, NoSQL",Java,0.023816875,0.778097983,0.993409509,-0.037401314,0.018526131,4.501611524,3.727551679
4579,"AWS, Agile, Scala",SQL,0.010982226,0.778125,0.996912104,-0.017245181,0.007951947,3.624163543,3.539359032
4580,"Java, HTML/CSS","SQL, TypeScript",0.012084859,0.778409091,0.996612378,-0.018965289,0.011771933,38.61897006,4.421859503
4581,"SQL, RDBMS","Python, Java",0.01084991,0.778481013,0.996955065,-0.017024655,0.009344489,7.20722744,4.02667994
4582,"Java, Docker, JavaScript",SQL,0.01565739,0.778508772,0.995633188,-0.024566665,0.011339243,3.625950983,3.545491584
4583,"Kubernetes, Go","AWS, Docker",0.026992458,0.778625954,0.992582804,-0.042341111,0.0249008,12.90481452,4.24468873
4584,"Java, Cloud computing",AWS,0.011952543,0.778735632,0.996655228,-0.018744762,0.009400414,4.683361535,3.767994542
4585,"Java, Kubernetes, Software Engineering",Python,0.011335068,0.778787879,0.996826501,-0.017774445,0.006975638,2.600126281,3.166556806
4586,"AWS, Docker, TypeScript",Python,0.011335068,0.778787879,0.996826501,-0.017774445,0.006975638,2.600126281,3.166556806
4587,"Kubernetes, Docker, Software Engineering",AWS,0.013981388,0.778869779,0.99610052,-0.021920346,0.01099657,4.684168301,3.770280363
4588,"SQL, MySQL",Python,0.011070436,0.779503106,0.996912372,-0.017333392,0.006816689,2.602514197,3.176828181
4589,"Data Visualization, Data Mining",SQL,0.010144224,0.779661017,0.997169976,-0.015877916,0.007350686,3.631317633,3.564032448
4590,"Java, AWS, Open Source RDBMS",Kubernetes,0.010629383,0.779935275,0.997041163,-0.016627707,0.009171736,7.292153605,4.058099683
4591,"Kubernetes, Open Source RDBMS","Java, AWS",0.010629383,0.779935275,0.997041163,-0.016627707,0.009521572,9.594938954,4.174743995
4592,"SQL, Open Source RDBMS",Go,0.012040753,0.78,0.996655518,-0.018832973,0.011062375,12.3068476,4.257366591
4593,"SQL, Open Source RDBMS","Python, Kubernetes",0.012040753,0.78,0.996655518,-0.018832973,0.010971822,11.26429299,4.230702919
4594,Availability,Integrity,0.013452124,0.780051151,0.996271245,-0.021038239,0.013103767,38.61593831,4.45467101
4595,"Kubernetes, Azure",Docker,0.016583602,0.780082988,0.995422155,-0.02593393,0.014471133,7.850342466,4.095320758
4596,"Java, HTML",JavaScript,0.013143386,0.780104712,0.996356539,-0.020553081,0.011751566,9.443307067,4.171943554
4597,"SQL, JavaScript",Java,0.028183302,0.78021978,0.992337817,-0.044061218,0.021939614,4.513886981,3.763538129
4598,"Agile, GCP",Python,0.01018833,0.780405405,0.997170099,-0.015922022,0.006278053,2.605526691,3.18988156
4599,"Kubernetes, Docker, Agile",Python,0.018039077,0.780534351,0.995042462,-0.028183302,0.011116831,2.6059572,3.191755756
4600,"Kubernetes, Docker, Agile",Java,0.018039077,0.780534351,0.995042462,-0.028183302,0.014044337,4.515706901,3.768932594
4601,"Java, TypeScript",AWS,0.01914171,0.78057554,0.994747944,-0.029903409,0.015064171,4.694426846,3.799589748
4602,"Java, Microsoft Azure","Python, AWS",0.013187492,0.780678851,0.996356697,-0.020597186,0.011449309,7.586940245,4.090359206
4603,R,"Python, SQL",0.030476779,0.78079096,0.991765006,-0.047589644,0.025238034,5.817572608,3.949597618
4604,"SQL, Data Analysis, Tableau",Data Visualization,0.012570017,0.780821918,0.996527476,-0.019626869,0.011762006,15.55674459,4.333499647
4605,"Docker, NoSQL","SQL, Java",0.016671812,0.780991736,0.99542255,-0.026022141,0.014945073,9.655084853,4.196694764
4606,"Java, AWS, Go",Kubernetes,0.024698981,0.781032078,0.99328773,-0.038548053,0.021316675,7.302408374,4.078426569
4607,"SQL, Go, TypeScript",Kubernetes,0.011643805,0.781065089,0.996784147,-0.018171393,0.010049357,7.302717013,4.079041508
4608,"SQL, Go, TypeScript",Docker,0.011643805,0.781065089,0.996784147,-0.018171393,0.010162448,7.860225813,4.113691604
4609,Snowflake,Python,0.022978874,0.781109445,0.993744644,-0.035857628,0.014167541,2.607877257,3.2001415
4610,"Python, AWS, Agile",Java,0.027080669,0.781170483,0.992668059,-0.0422529,0.021088558,4.519387183,3.779888793
4611,"Python, Docker, Jenkins",Kubernetes,0.012128964,0.78125,0.996655809,-0.018921184,0.010468473,7.304445876,4.082489556
4612,"Python, Java, NoSQL",AWS,0.021743924,0.781299525,0.99407827,-0.033916994,0.017116357,4.698780934,3.812167892
4613,"SQL, Java, Agile",AWS,0.023684559,0.781659389,0.993578767,-0.036916156,0.018646304,4.700945177,3.818451021
4614,"Kubernetes, NoSQL","SQL, AWS",0.017377497,0.781746032,0.995253916,-0.027080669,0.015809804,11.08475783,4.258688147
4615,"SQL, HTML",CSS,0.010585278,0.781758958,0.997084421,-0.016495391,0.010110503,22.29537213,4.421424391
4616,"Kubernetes, TypeScript",Java,0.014378335,0.78177458,0.9960589,-0.022405504,0.011199315,4.522882128,3.790352372
4617,"AWS, Kubernetes, Software Engineering",Java,0.011864332,0.781976744,0.996741539,-0.018480131,0.009241831,4.524051728,3.793867008
4618,"JavaScript, HTML/CSS","SQL, TypeScript",0.012658228,0.782016349,0.996527778,-0.01971508,0.012331968,38.79793583,4.495033741
4619,"SQL, Go",Docker,0.025801614,0.782085561,0.993040434,-0.04017995,0.022523344,7.870495311,4.132955633
4620,"Java, Agile practices",SQL,0.010452962,0.782178218,0.997127437,-0.016274864,0.007583667,3.643041646,3.605219264
4621,"SQL, JavaScript, TypeScript",AWS,0.014731178,0.782201405,0.995974026,-0.022934768,0.011599686,4.704204896,3.827953669
4622,"Kubernetes, Agile",AWS,0.020773607,0.782392027,0.994371643,-0.032329202,0.016358718,4.705351305,3.831306901
4623,"SQL, HTML/CSS","Go, TypeScript",0.011423279,0.782477341,0.99687011,-0.017774445,0.011177314,46.44269309,4.519767148
4624,"Python, Docker, Linux",Kubernetes,0.010011908,0.782758621,0.997256456,-0.015569179,0.008643891,7.318551013,4.110840178
4625,"Python, Docker, JavaScript",SQL,0.014819389,0.783216783,0.995974375,-0.023022979,0.010756921,3.647878826,3.622491154
4626,"JavaScript, Go",AWS,0.015304547,0.783295711,0.995847032,-0.023772769,0.012055716,4.710786116,3.847283939
4627,"SQL, Go",Kubernetes,0.02584572,0.78342246,0.993083131,-0.040135844,0.022317177,7.324757704,4.123440455
4628,"AWS, Go, GCP",SQL,0.010541172,0.783606557,0.997127687,-0.016363075,0.007652938,3.649694223,3.62901609
4629,"Kubernetes, NoSQL","AWS, Docker",0.017421603,0.783730159,0.995297062,-0.027036563,0.016080387,12.98941074,4.344868022
4630,"AWS, Docker, Software Engineering",Python,0.011687911,0.784023669,0.996827604,-0.018127288,0.007222798,2.617606927,3.24332182
4631,"AWS, Docker, Software Engineering",Java,0.011687911,0.784023669,0.996827604,-0.018127288,0.009111151,4.535894014,3.829823536
4632,"Docker, Open Source RDBMS","Java, AWS",0.010894015,0.784126984,0.997041935,-0.016892339,0.009764693,9.6465063,4.255806985
4633,"Python, SQL, Open Source RDBMS",Go,0.011379173,0.784194529,0.996913312,-0.017642129,0.010459498,12.37302892,4.340115407
4634,"NoSQL, Scala","Python, AWS",0.012702333,0.784741144,0.996571181,-0.019670974,0.011036763,7.626419189,4.167551099
4635,"SQL, Cloud computing",Java,0.010144224,0.784982935,0.997256814,-0.015701495,0.007910524,4.541443758,3.846909722
4636,Tableau,SQL,0.040532792,0.785470085,0.989472801,-0.062673665,0.029453336,3.658373716,3.660539775
4637,"SQL, Java, Go",Kubernetes,0.024390244,0.785511364,0.99354066,-0.037710052,0.021069263,7.344288308,4.163598621
4638,"SQL, Java, Go",Docker,0.024390244,0.785511364,0.99354066,-0.037710052,0.021304813,7.904970771,4.198967001
4639,"Kubernetes, JavaScript",Java,0.019582764,0.785840708,0.994793011,-0.030256252,0.015275458,4.546406321,3.86231776
4640,"TypeScript, HTML/CSS","AWS, JavaScript",0.011820227,0.785923754,0.996828018,-0.018259604,0.011302158,22.81594016,4.510326385
4641,"Go, GCP",SQL,0.01084991,0.785942492,0.997085182,-0.016760023,0.007885918,3.660573977,3.668618272
4642,"Hadoop, Hive","Python, Spark",0.011996648,0.786127168,0.996785264,-0.018524236,0.011427234,21.06839394,4.501211704
4643,"Python, Java, Kubernetes",SQL,0.031006042,0.786353468,0.991895447,-0.047854276,0.022540201,3.66248812,3.675675314
4644,"Python, Docker, GCP",SQL,0.010894015,0.786624204,0.997085309,-0.016804128,0.007920554,3.663749091,3.680339098
4645,"Python, SQL, Go",Docker,0.024302033,0.787142857,0.993625123,-0.03744542,0.021234133,7.921389259,4.231150968
4646,"Docker, Cloud Computing",Python,0.013055176,0.787234043,0.996529134,-0.020112028,0.008088068,2.628325349,3.292259516
4647,"NoSQL, Scala",AWS,0.012746438,0.78746594,0.996614583,-0.019626869,0.010054969,4.735866116,3.922773275
4648,"HTML, CSS",JavaScript,0.023552243,0.787610619,0.993833241,-0.036254576,0.021081944,9.534167419,4.319381349
4649,"Kubernetes, Docker, TypeScript",AWS,0.01358444,0.787723785,0.996401318,-0.020905923,0.010716961,4.737416812,3.927538142
4650,"Java, HTML",CSS,0.013275702,0.787958115,0.996486662,-0.020420765,0.01268494,22.47216899,4.55068709
4651,"Go, TypeScript","AWS, JavaScript",0.013275702,0.787958115,0.996486662,-0.020420765,0.012695344,22.87499916,4.553599131
4652,"Python, SQL, Docker",Java,0.030873726,0.788288288,0.992020712,-0.047457328,0.024104014,4.560566563,3.906969673
4653,"Java, Go",SQL,0.031050148,0.788353863,0.991979971,-0.04772196,0.022593776,3.671805083,3.710416347
4654,"SQL, HTML/CSS",AWS,0.011511489,0.788519637,0.996957051,-0.017686235,0.009084033,4.742203114,3.942318428
4655,"SQL, Open Source RDBMS","Java, Docker",0.012173069,0.788571429,0.996785823,-0.018700657,0.011354009,14.86224439,4.478776399
4656,"Kubernetes, Go","Java, Docker",0.027345301,0.788804071,0.992923825,-0.041988268,0.025505926,14.86662902,4.483709991
4657,"AWS, Hadoop","Python, Spark",0.012525912,0.788888889,0.996700386,-0.019229921,0.011933458,21.14240872,4.560095825
4658,"Python, SQL, Kubernetes",Java,0.031006042,0.789001122,0.992021728,-0.047589644,0.024213459,4.564690596,3.920168895
4659,"Java, MySQL",Python,0.012878754,0.789189189,0.996615024,-0.019759185,0.007990909,2.634852965,3.322793292
4660,"Python, Data Analytics",SQL,0.013408018,0.78961039,0.996487119,-0.020553081,0.009762214,3.677657429,3.732576355
4661,"Kubernetes, Open Source RDBMS","Java, Go",0.010761699,0.789644013,0.9971717,-0.016495391,0.010224924,20.04882274,4.566610913
4662,HTML/CSS,"Java, JavaScript, TypeScript",0.013760861,0.789873418,0.996401942,-0.021082345,0.013372826,35.4629703,4.653037236
4663,"JavaScript, Go","Python, SQL",0.015436863,0.79006772,0.995976813,-0.023640453,0.012814531,5.886692546,4.124127556
4664,"Python, SQL, Power BI",Tableau,0.011952543,0.790087464,0.996871741,-0.018303709,0.011171883,15.31081458,4.518056842
4665,"JavaScript, HTML/CSS",AWS,0.012790544,0.790190736,0.996657986,-0.019582764,0.010099074,4.752253196,3.973718382
4666,Hive,Spark,0.014819389,0.790588235,0.996146853,-0.022670136,0.014026541,18.69135251,4.573300818
4667,"AWS, Angular",Java,0.011335068,0.790769231,0.997043221,-0.017333392,0.008857414,4.574919819,3.953296354
4668,"Python, Go, GCP",SQL,0.010673488,0.790849673,0.997214848,-0.01631897,0.007775784,3.683429466,3.754693082
4669,"Python, AWS, JavaScript",SQL,0.016848234,0.790890269,0.995638279,-0.025757509,0.012274407,3.683618544,3.755422007
4670,"SQL, Java, TypeScript",AWS,0.013849072,0.79093199,0.996402254,-0.021170555,0.010937591,4.756711143,3.987807269
4671,"SQL, Java, TypeScript",Go,0.013849072,0.79093199,0.996402254,-0.021170555,0.012739311,12.47933264,4.4799807
4672,"Python, Java, Node.js",AWS,0.01018833,0.79109589,0.997343784,-0.015569179,0.008046888,4.75769685,3.990935994
4673,"SQL, JavaScript, HTML/CSS",AWS,0.011026331,0.791139241,0.997129062,-0.016848234,0.00870888,4.75795756,3.991764333
4674,"Python, JavaScript, Go",AWS,0.014201914,0.791154791,0.996317158,-0.021699819,0.011217097,4.758051082,3.992061561
4675,"Java, Docker, Scala",Go,0.011202752,0.791277259,0.997086196,-0.017112866,0.010305439,12.48478029,4.487391473
4676,"Python, Node.js",Java,0.012878754,0.791327913,0.996658276,-0.019670974,0.010065664,4.578152023,3.963880604
4677,"Java, NoSQL, Scala",AWS,0.011379173,0.791411043,0.99704335,-0.017377497,0.008988386,4.759592195,3.996965813
4678,"Python, SQL, Go",Kubernetes,0.024434349,0.791428571,0.993753476,-0.037313104,0.021132237,7.399612371,4.281720639
4679,"Docker, Node.js",AWS,0.010894015,0.791666667,0.997172069,-0.016627707,0.008605899,4.761129531,4.001870066
4680,"TypeScript, HTML/CSS","Python, JavaScript",0.011908437,0.791788856,0.996914921,-0.018171393,0.011316738,20.12581697,4.613864726
4681,"Kubernetes, Scala","AWS, Docker",0.012084859,0.791907514,0.996872149,-0.018436025,0.011164103,13.12494084,4.515607159
4682,"Data Analysis, Power BI",SQL,0.011246857,0.791925466,0.997086323,-0.017156971,0.00819764,3.688440034,3.774105699
4683,"Java, Agile practices",Python,0.010585278,0.792079208,0.997258008,-0.016142548,0.006582528,2.644501823,3.368978836
4684,"AWS, NoSQL",Java,0.024875402,0.792134831,0.993671157,-0.037930578,0.019447434,4.582820371,3.979268114
4685,"Python, Data Modeling",SQL,0.010452962,0.79264214,0.997301062,-0.015922022,0.007621545,3.691777989,3.787149843
4686,"Java, Agile, Scala",SQL,0.012481807,0.792717087,0.9967868,-0.019009394,0.009101152,3.692127056,3.788519146
4687,"Kubernetes, JavaScript, TypeScript",AWS,0.012481807,0.792717087,0.9967868,-0.019009394,0.009863674,4.76744682,4.022149813
4688,"NoSQL, RDBMS",SQL,0.010805804,0.792880259,0.997215212,-0.016451286,0.007879691,3.69288704,3.791503799
4689,"Spark, Snowflake","Python, Kafka",0.010320646,0.793220339,0.997344131,-0.015701495,0.009995269,31.71902072,4.715126608
4690,"Java, Azure",Python,0.01914171,0.793418647,0.995133506,-0.029109514,0.011915625,2.648973787,3.390822736
4691,"Python, Data Warehousing",SQL,0.013231597,0.793650794,0.996616199,-0.020112028,0.00965208,3.696475851,3.805661766
4692,"Python, Machine Learning, Data Visualization",SQL,0.010011908,0.793706294,0.997430202,-0.015216337,0.007303597,3.696734346,3.806685619
4693,"Machine Learning, R","Python, SQL",0.01018833,0.793814433,0.997387215,-0.015480969,0.008465759,5.91460882,4.199069378
4694,"SQL, Java, Cloud Computing",AWS,0.013452124,0.794270833,0.996573709,-0.020420765,0.010635981,4.776791142,4.052526649
4695,"Python, SQL, TypeScript",AWS,0.013496229,0.794805195,0.996573857,-0.02046487,0.010672753,4.780004823,4.063080104
4696,"SQL, Statistics",Python,0.01367265,0.794871795,0.996531241,-0.020729502,0.008520597,2.653825387,3.414843647
4697,"AWS, Open Source RDBMS",Kubernetes,0.011643805,0.795180723,0.997044121,-0.017642129,0.010077661,7.434693827,4.360158883
4698,"AWS, Open Source RDBMS","Kubernetes, Docker",0.011643805,0.795180723,0.997044121,-0.017642129,0.010456765,9.809103662,4.486562146
4699,"Docker, Cloud Computing",AWS,0.013187492,0.795212766,0.996659291,-0.019979712,0.010430019,4.782455979,4.071166517
4700,"SQL, Cloud computing",Python,0.01027654,0.795221843,0.997387442,-0.015569179,0.006405895,2.654994087,3.420680986
4701,"Kubernetes, Docker, TypeScript",Python,0.013716756,0.795396419,0.996531391,-0.020773607,0.008551492,2.655576943,3.423599656
4702,"Agile, Scala","Python, AWS",0.013893177,0.795454545,0.996488794,-0.021038239,0.012095995,7.73053618,4.38583337
4703,"Docker, NoSQL","Java, Kubernetes",0.01698055,0.795454545,0.995724835,-0.025713404,0.015830018,14.75887145,4.625393885
4704,"SQL, Agile, Go",Kubernetes,0.012525912,0.795518207,0.996830221,-0.018965289,0.010841835,7.437849202,4.367355052
4705,"Python, Docker, Software Engineering",AWS,0.011687911,0.795795796,0.997044249,-0.017686235,0.009245787,4.785962355,4.082790232
4706,"Python, AWS, Open Source RDBMS",Docker,0.010673488,0.796052632,0.997301649,-0.016142548,0.009341143,8.011052515,4.41599572
4707,"SQL, Java, HTML/CSS",AWS,0.010673488,0.796052632,0.997301649,-0.016142548,0.008444042,4.78750698,4.087931788
4708,"NoSQL, Spark","Python, Hadoop",0.01084991,0.796116505,0.997258724,-0.01640718,0.010479637,29.30251545,4.771505021
4709,"Java, RDBMS",SQL,0.011908437,0.796460177,0.997001564,-0.017994972,0.008698236,3.709560722,3.858189879
4710,"Docker, Open Source RDBMS","Python, Go",0.011070436,0.796825397,0.997215939,-0.016715918,0.010302644,14.4185333,4.649872646
4711,"AWS, Kubernetes, Go",SQL,0.022670136,0.796899225,0.994382022,-0.034225731,0.016562231,3.711605613,3.866530221
4712,"Java, JavaScript, Go",AWS,0.014025493,0.796992481,0.996489251,-0.021170555,0.011099345,4.793159291,4.106857398
4713,Open Source RDBMS,"SQL, Java",0.014378335,0.797066015,0.996404124,-0.021699819,0.01291917,9.853804662,4.529112436
4714,"SQL, Open Source RDBMS","Python, Docker",0.012305385,0.797142857,0.996916127,-0.018568341,0.011300454,12.245,4.608664646
4715,"Machine Learning, R",SQL,0.010232435,0.797250859,0.997430761,-0.015436863,0.007476775,3.713243371,3.873236067
4716,"SQL, AWS, JavaScript",Python,0.016848234,0.797494781,0.995810297,-0.025404666,0.010520455,2.662582707,3.459075034
4717,"SQL, HTML/CSS","Python, Java",0.011643805,0.797583082,0.997087463,-0.017553919,0.010066925,7.384075626,4.406677414
4718,"Python, Kubernetes, Cloud Computing",AWS,0.011158647,0.798107256,0.997216181,-0.016804128,0.008833863,4.799863609,4.129533889
4719,"Python, Docker, TypeScript",AWS,0.011335068,0.798136646,0.997173299,-0.01706876,0.008973615,4.800040364,4.130135132
4720,"AWS, Open Source RDBMS","SQL, Java",0.011687911,0.798192771,0.99708759,-0.017598024,0.010503453,9.867734296,4.554399967
4721,"Java, Agile practices",AWS,0.010673488,0.798679868,0.997345056,-0.016054338,0.008451376,4.803307333,4.141279474
4722,"AWS, HTML/CSS","SQL, Java",0.010673488,0.798679868,0.997345056,-0.016054338,0.009592493,9.873756078,4.565419402
4723,"Java, TypeScript, HTML/CSS",AWS,0.011202752,0.798742138,0.997216302,-0.016848234,0.008870634,4.803681831,4.14256081
4724,"SQL, Scala","Python, Java",0.024875402,0.798866856,0.993926173,-0.037401314,0.021512026,7.395960888,4.434803946
4725,"Python, Java, Docker",SQL,0.030873726,0.799086758,0.992526222,-0.0463988,0.022578339,3.721794179,3.908628806
4726,"JavaScript, Go","SQL, Java",0.015613285,0.799097065,0.996149853,-0.023464032,0.014032819,9.878913722,4.574900007
4727,"Python, Machine Learning, R",SQL,0.01018833,0.799307958,0.997474088,-0.015304547,0.007451609,3.722824434,3.912936852
4728,"SQL, TypeScript, HTML/CSS",AWS,0.010364751,0.799319728,0.997431097,-0.015569179,0.008208642,4.807155488,4.154483755
4729,"Java, AWS, Open Source RDBMS",Docker,0.010894015,0.799352751,0.997302237,-0.016363075,0.009539756,8.044263169,4.488627229
4730,"SQL, Kubernetes, Docker",Java,0.03338773,0.79936642,0.99195597,-0.050147753,0.026168227,4.624658037,4.122695903
4731,"Python, Kubernetes, TypeScript",AWS,0.011246857,0.799373041,0.997216423,-0.016892339,0.008907406,4.807476115,4.155587731
4732,"AWS, Kubernetes, TypeScript",Python,0.011246857,0.799373041,0.997216423,-0.016892339,0.007032742,2.668853623,3.491458728
4733,"SQL, Microsoft Azure",AWS,0.011423279,0.799382716,0.997173544,-0.017156971,0.009047159,4.807534303,4.155788145
4734,"SQL, Go","Python, AWS",0.026374983,0.799465241,0.993595491,-0.039606581,0.022980307,7.769513674,4.473550037
4735,"Docker, JavaScript, TypeScript",Python,0.013187492,0.799465241,0.99674578,-0.01980329,0.008246805,2.669161449,3.493063997
4736,"Kubernetes, GCP",Python,0.014775283,0.799522673,0.996362377,-0.022184978,0.009240128,2.669353198,3.494064684
4737,"SQL, Cloud Computing",Python,0.020994134,0.8,0.99488568,-0.031491201,0.01313395,2.670946841,3.50240374
4738,"Python, RDBMS",SQL,0.011820227,0.8,0.997087969,-0.01773034,0.008647904,3.726047658,3.926476426
4739,HTML/CSS,"SQL, JavaScript",0.013937282,0.8,0.996575342,-0.020905923,0.013307975,22.14700855,4.8193887
4740,"Python, Software Engineering, Go",SQL,0.010408856,0.8,0.997431209,-0.015613285,0.007615318,3.726047658,3.926476426
4741,"Java, GCP","Python, AWS",0.017818551,0.8,0.99564242,-0.026727826,0.01552669,7.774710673,4.485511401
4742,"AWS, Docker, TypeScript",SQL,0.011643805,0.8,0.997130809,-0.017465708,0.008518831,3.726047658,3.926476426
4743,"Java, Hadoop",Spark,0.015216337,0.800464037,0.996277701,-0.022802452,0.014412296,18.92483953,4.799651055
4744,"SQL, Snowflake",Python,0.014863494,0.800475059,0.996362692,-0.022273188,0.009301918,2.672532914,3.510742797
4745,"Java, AWS, Agile",Python,0.027080669,0.800521512,0.993472696,-0.040576898,0.016948297,2.672688006,3.511560351
4746,"Java, Open Source RDBMS","Python, SQL",0.013452124,0.800524934,0.996703392,-0.020156133,0.0111968,5.964607899,4.340329444
4747,"Python, Java, Open Source RDBMS",AWS,0.012393596,0.800569801,0.996959694,-0.018568341,0.009819466,4.814673498,4.180524979
4748,"SQL, HTML/CSS","Python, Go",0.011687911,0.80060423,0.997130934,-0.017509813,0.01088112,14.48691117,4.73799433
4749,"Python, Java, TypeScript",AWS,0.014201914,0.800995025,0.996533044,-0.021258766,0.011253765,4.817230822,4.189457725
4750,"Java, HTML/CSS",AWS,0.012437701,0.801136364,0.996959826,-0.018612447,0.009856237,4.818080842,4.192435307
4751,"SQL, Java, Kubernetes",AWS,0.028844882,0.801470588,0.993103155,-0.043135006,0.022860579,4.820090888,4.199493279
4752,"Python, Kubernetes",Docker,0.055528602,0.801910828,0.987171555,-0.082962114,0.04864774,8.070006304,4.546592311
4753,"Kubernetes, Docker, JavaScript",Java,0.018039077,0.801960784,0.995643359,-0.026948353,0.014151067,4.639667482,4.176704267
4754,NoSQL,SQL,0.039474265,0.801971326,0.990709992,-0.058968818,0.028906168,3.735229227,3.965563521
4755,"Python, NoSQL, Scala",AWS,0.012702333,0.802228412,0.996917332,-0.018965289,0.010069533,4.824648486,4.215584958
4756,"Kubernetes, Docker, Cloud Computing",Python,0.012525912,0.802259887,0.99696009,-0.018700657,0.007849433,2.678491889,3.542431211
4757,"Python, SQL, Hadoop",Spark,0.015039915,0.802352941,0.996363321,-0.02244961,0.014247068,18.96949764,4.845521104
4758,"Java, JavaScript, HTML/CSS",AWS,0.011996648,0.802359882,0.997088476,-0.017906761,0.009510522,4.825439152,4.218389155
4759,"Scala, Kafka",Spark,0.011114542,0.802547771,0.997302823,-0.016583602,0.010528767,18.97410386,4.850302264
4760,"SQL, Node.js",Python,0.01093812,0.802588997,0.997345749,-0.01631897,0.006856109,2.679590682,3.548336904
4761,"Go, HTML/CSS",AWS,0.010232435,0.802768166,0.997517638,-0.015260442,0.008112995,4.827894597,4.227121524
4762,"Go, HTML/CSS","SQL, AWS",0.010232435,0.802768166,0.997517638,-0.015260442,0.0093335,11.38284092,4.712604296
4763,"Java, Go",AWS,0.031623517,0.802911534,0.992531613,-0.047148591,0.025074519,4.828756821,4.230196459
4764,"AWS, Kubernetes, JavaScript",SQL,0.013496229,0.803149606,0.996746768,-0.020112028,0.009888303,3.740717137,3.989300049
4765,"AWS, RDBMS","Java, NoSQL",0.010982226,0.803225806,0.997345864,-0.016363075,0.010511254,23.31823138,4.906912461
4766,"Kubernetes, Docker, Scala",Go,0.010982226,0.803225806,0.997345864,-0.016363075,0.010115662,12.6733046,4.759875435
4767,"Spark, Snowflake",Kafka,0.010452962,0.803389831,0.997474747,-0.015569179,0.009978955,22.05237001,4.900911307
4768,"SQL, Java, Agile",Python,0.024346139,0.80349345,0.99422089,-0.036254576,0.015270598,2.682610365,3.564668696
4769,"TypeScript, HTML/CSS",AWS,0.012084859,0.803519062,0.997088729,-0.017994972,0.009584066,4.832410526,4.243276407
4770,"TypeScript, HTML/CSS","SQL, Java",0.012084859,0.803519062,0.997088729,-0.017994972,0.010868292,9.93358107,4.677862617
4771,"SQL, Java, Software Engineering",Python,0.014069598,0.803526448,0.996618986,-0.020950029,0.008825072,2.682720537,3.565267397
4772,"JavaScript, Go","Python, TypeScript",0.015701495,0.803611738,0.996236373,-0.023375821,0.015273201,36.66054112,4.98033663
4773,"JavaScript, HTML/CSS","SQL, Java",0.01301107,0.803814714,0.996875,-0.019362237,0.011701746,9.9372361,4.684912181
4774,"Java, JavaScript, TypeScript",AWS,0.017906761,0.803960396,0.995728708,-0.026639615,0.014203241,4.835064737,4.252829089
4775,"Docker, Go","SQL, Kubernetes",0.025360561,0.804195804,0.994014024,-0.037710052,0.023884843,17.1852323,4.868150286
4776,Open Source RDBMS,"Python, SQL",0.014510651,0.804400978,0.996534096,-0.021567503,0.012089582,5.9934878,4.426338597
4777,"SQL, Go","Java, AWS",0.026551405,0.804812834,0.993766278,-0.039430159,0.023869712,9.900988275,4.70683554
4778,"Python, AWS, Go",SQL,0.026374983,0.804845222,0.993807653,-0.039165527,0.019339055,3.748614569,4.023961358
4779,Open Source Frameworks,SQL,0.010011908,0.804964539,0.997604008,-0.014863494,0.007341475,3.749170294,4.026423098
4780,HTML/CSS,"Java, TypeScript",0.014025493,0.805063291,0.996662043,-0.020817713,0.013598271,32.8294964,5.004072582
4781,"Java, AWS, Cloud Computing",Python,0.015128126,0.805164319,0.996406771,-0.02244961,0.009500498,2.688188869,3.595238538
4782,"Docker, Agile",AWS,0.021523398,0.805280528,0.994931054,-0.031932254,0.017079173,4.843004088,4.281661829
4783,"Docker, GCP","Python, AWS",0.013319808,0.805333333,0.996832697,-0.019759185,0.011617931,7.826542077,4.608402125
4784,"Java, Docker, Software Engineering",AWS,0.011687911,0.805471125,0.997217633,-0.017333392,0.009275122,4.844150347,4.285856939
4785,"SQL, Go, HTML/CSS",AWS,0.010232435,0.805555556,0.997561082,-0.015172231,0.008120328,4.84465812,4.287717928
4786,"Kubernetes, Docker, TypeScript",SQL,0.013893177,0.805626598,0.996704821,-0.020597186,0.010190555,3.752253876,4.040137585
4787,"Kubernetes, Docker, TypeScript",Java,0.013893177,0.805626598,0.996704821,-0.020597186,0.010912369,4.6608757,4.255475444
4788,"NoSQL, RDBMS","Java, AWS",0.010982226,0.805825243,0.997389261,-0.016274864,0.009874414,9.913443151,4.731376527
4789,"Python, Java, Go",AWS,0.028050986,0.80608365,0.993478817,-0.041547215,0.022264693,4.847834112,4.299394719
4790,"Python, Docker, Scala",Go,0.011246857,0.806962025,0.997346557,-0.016627707,0.010363522,12.7322547,4.852002056
4791,RDBMS,Python,0.014775283,0.807228916,0.996534997,-0.021832135,0.00929297,2.695081903,3.63374388
4792,"Kubernetes, React",Docker,0.010364751,0.807560137,0.9975614,-0.015304547,0.009089381,8.126857966,4.680063134
4793,"Java, NoSQL, RDBMS",SQL,0.01018833,0.807692308,0.997604425,-0.015039915,0.007480018,3.76187504,4.083535483
4794,"Docker, NoSQL",Python,0.017245181,0.80785124,0.995983936,-0.025448772,0.010851351,2.697159646,3.64551271
4795,"Kubernetes, Docker, Cloud Computing",AWS,0.012614123,0.807909605,0.997046945,-0.018612447,0.010017991,4.858815508,4.34026349
4796,"Java, NoSQL",Python,0.027830459,0.80793854,0.993604502,-0.041062056,0.017513142,2.697451115,3.647169761
4797,"Agile, Scala",AWS,0.014113704,0.808080808,0.996705536,-0.020817713,0.011209557,4.859845136,4.344135269
4798,"Java, TypeScript, HTML/CSS",Python,0.011335068,0.808176101,0.997346788,-0.016715918,0.007134163,2.698244254,3.651686522
4799,"Go, Scala","SQL, AWS",0.012084859,0.808259587,0.997175387,-0.017818551,0.011030398,11.46070645,4.84757268
4800,"Python, Puppet",Ansible,0.010982226,0.808441558,0.997432662,-0.016186654,0.010402851,18.95532105,4.99769232
4801,"Python, Open Source RDBMS",AWS,0.013408018,0.808510638,0.99687622,-0.019759185,0.010650546,4.86243016,4.353886414
4802,"SQL, Kubernetes, Scala",Go,0.010805804,0.808580858,0.997475627,-0.015922022,0.009958808,12.75779666,4.893035465
4803,"AWS, Machine Learning",Python,0.015480969,0.80875576,0.996408015,-0.022802452,0.009747658,2.700179555,3.662754755
4804,"Python, TypeScript",Java,0.01773034,0.808853119,0.995899871,-0.026110352,0.013941435,4.679542424,4.327306999
4805,"Go, TypeScript","Python, AWS",0.013628545,0.808900524,0.996833659,-0.020067922,0.0118949,7.861209417,4.694425631
4806,"Kubernetes, Open Source RDBMS","Python, Go",0.011026331,0.809061489,0.997432773,-0.016230759,0.010273163,14.63994504,4.947854799
4807,"Kubernetes, Open Source RDBMS","SQL, AWS",0.011026331,0.809061489,0.997432773,-0.016230759,0.010065186,11.47207701,4.867931468
4808,"AWS, Docker, TypeScript",Java,0.011776121,0.809090909,0.997261227,-0.017333392,0.00926035,4.680918138,4.332696957
4809,"Java, CSS",JavaScript,0.012349491,0.809248555,0.997132803,-0.018171393,0.011088837,9.796098497,4.809351398
4810,"Spark, Hive","Python, Hadoop",0.011996648,0.80952381,0.99721848,-0.017642129,0.011594022,29.79599567,5.107363384
4811,"SQL, Agile, Go",Docker,0.012746438,0.80952381,0.99704733,-0.018744762,0.011181809,8.146619322,4.728311207
4812,"JavaScript, TypeScript, HTML/CSS",AWS,0.011820227,0.809667674,0.997261346,-0.017377497,0.009392771,4.869388638,4.380353809
4813,"SQL, Kubernetes, TypeScript",AWS,0.011467384,0.809968847,0.997347134,-0.016848234,0.009113265,4.871199914,4.387296076
4814,Puppet,Ansible,0.014290125,0.81,0.996706107,-0.020994134,0.013537691,18.99186143,5.038685011
4815,"Python, Hadoop",Spark,0.022008556,0.810064935,0.994976169,-0.032329202,0.020859394,19.15182719,5.04226534
4816,R,SQL,0.031623517,0.810169492,0.992868665,-0.046442906,0.023242902,3.773412671,4.136823377
4817,"AWS, Open Source RDBMS","Python, SQL",0.011864332,0.810240964,0.997261465,-0.017421603,0.009899063,6.03700078,4.562562701
4818,"JavaScript, Go",TypeScript,0.015833811,0.810383747,0.996366153,-0.023243505,0.015084081,21.11934563,5.071444848
4819,"SQL, AWS, Go",Kubernetes,0.022670136,0.810725552,0.994851332,-0.033255414,0.019679366,7.580033172,4.718252253
4820,"SQL, AWS, Go",Docker,0.022670136,0.810725552,0.994851332,-0.033255414,0.019891495,8.158713023,4.758332231
4821,"Java, Kubernetes, JavaScript",SQL,0.015877916,0.810810811,0.996366311,-0.023287611,0.011673405,3.776399654,4.150846507
4822,"Java, Open Source RDBMS",AWS,0.013628545,0.811023622,0.996876898,-0.019979712,0.010834404,4.877543391,4.41178384
4823,"Python, Open Source RDBMS","SQL, Java",0.013452124,0.811170213,0.996919606,-0.01971508,0.01211069,10.02816916,4.867403867
4824,"SQL, Go, Scala",Kubernetes,0.010805804,0.811258278,0.997519042,-0.015833811,0.009381179,7.585013996,4.731569585
4825,TensorFlow,PyTorch,0.011379173,0.811320755,0.997390283,-0.016671812,0.011165138,53.16495801,5.219119658
4826,"Data Visualization, Power BI",SQL,0.011952543,0.811377246,0.997261703,-0.017509813,0.008789689,3.779037857,4.163311512
4827,"Python, Scala, Kafka",Hadoop,0.010056014,0.8113879,0.997691034,-0.014731178,0.009647139,24.59438217,5.126973401
4828,"Kubernetes, NoSQL",Python,0.018039077,0.811507937,0.995901109,-0.026419089,0.011381039,2.7093682,3.716234705
4829,"DevOps, Azure",AWS,0.011776121,0.811550152,0.997304582,-0.017245181,0.009363333,4.880709972,4.424110389
4830,"Java, Docker, TypeScript",AWS,0.011776121,0.811550152,0.997304582,-0.017245181,0.009363333,4.880709972,4.424110389
4831,Open Source RDBMS,AWS,0.014642967,0.811735941,0.996664067,-0.021435187,0.011643482,4.88182732,4.428476344
4832,"SQL, TypeScript","Python, JavaScript",0.016363075,0.811816193,0.996281885,-0.023949191,0.015570093,20.63487504,5.104892204
4833,"SQL, Agile, JavaScript",AWS,0.01027654,0.81184669,0.997648084,-0.015039915,0.008171767,4.882493369,4.431082982
4834,"Docker, NoSQL","SQL, AWS",0.017333392,0.811983471,0.996070303,-0.025360561,0.015827909,11.51350922,4.943584444
4835,"Kubernetes, Scala","Java, AWS",0.012393596,0.812138728,0.997176246,-0.018127288,0.011153134,9.99111307,4.8903847
4836,"TypeScript, HTML/CSS",Python,0.012217175,0.812316716,0.997219084,-0.017862656,0.00771243,2.712068457,3.732248986
4837,"TypeScript, HTML/CSS","Python, SQL",0.012217175,0.812316716,0.997219084,-0.017862656,0.01019863,6.052466938,4.613024026
4838,"Machine Learning, Data Visualization",Python,0.012614123,0.8125,0.99713355,-0.018436025,0.007964064,2.712680386,3.735897323
4839,"AWS, Kafka",Python,0.014157809,0.812658228,0.996792093,-0.020685397,0.008939703,2.713208659,3.739052641
4840,"SQL, HTML/CSS","Java, Go",0.011864332,0.812688822,0.997304817,-0.017333392,0.01128934,20.63392347,5.12843897
4841,"Docker, Open Source RDBMS","SQL, AWS",0.011290963,0.812698413,0.997433444,-0.016495391,0.010311155,11.52364672,4.962454409
4842,"Java, Kubernetes, Microservices",Docker,0.010717594,0.81270903,0.99756225,-0.01565739,0.009407162,8.178673697,4.808724663
4843,"SQL, Java, Open Source RDBMS",AWS,0.011687911,0.812883436,0.997347711,-0.01706876,0.009297123,4.888728418,4.455634021
4844,"AWS, Open Source RDBMS",Docker,0.011908437,0.813253012,0.997304934,-0.017377497,0.010453376,8.184148044,4.822732168
4845,"Python, Docker, JavaScript",Java,0.015392758,0.813519814,0.996537096,-0.02244961,0.012122255,4.706541141,4.435598509
4846,"Kubernetes, GCP",Docker,0.015039915,0.813842482,0.996622207,-0.021920346,0.013203558,8.190080158,4.838003409
4847,Hive,Hadoop,0.015260442,0.814117647,0.99657979,-0.022229083,0.014642038,24.67712488,5.20226478
4848,"Kubernetes, Go",Java,0.028227407,0.814249364,0.993776376,-0.041106162,0.022235296,4.710761885,4.453019674
4849,"SQL, Java, Docker",AWS,0.029021303,0.814356436,0.993611856,-0.0422529,0.02309567,4.897587126,4.490987518
4850,"Docker, Scala","SQL, AWS",0.011996648,0.814371257,0.997305168,-0.017465708,0.01095774,11.5473668,5.00717494
4851,"Scala, Hadoop",Java,0.013363913,0.814516129,0.997005858,-0.019450448,0.010527952,4.712305229,4.459424061
4852,"Go, GCP","Java, AWS",0.011246857,0.814696486,0.997476725,-0.016363075,0.010124705,10.02257917,4.95788702
4853,"Kubernetes, Scala","Python, AWS",0.012437701,0.815028902,0.997219688,-0.018083183,0.010867437,7.920767376,4.849959203
4854,"AWS, Kubernetes, TypeScript",SQL,0.011467384,0.815047022,0.99743389,-0.016671812,0.008446575,3.796130059,4.245918576
4855,"Python, Kubernetes, Agile",Java,0.0157456,0.815068493,0.996495175,-0.022890663,0.012406485,4.715500879,4.472743727
4856,"Java, Agile, Scala",AWS,0.012834649,0.81512605,0.997134173,-0.018656552,0.010216517,4.902215634,4.509683123
4857,"Java, Kubernetes, Software Engineering",AWS,0.011864332,0.815151515,0.997348172,-0.017245181,0.00944421,4.902368781,4.510304377
4858,"AWS, Kubernetes, Agile",SQL,0.016936444,0.815286624,0.996240926,-0.024610771,0.012476253,3.797246021,4.251426199
4859,"Docker, TypeScript","Kubernetes, JavaScript",0.015392758,0.815420561,0.996580235,-0.022361399,0.01492235,32.72217765,5.282714565
4860,"NoSQL, Spark",Hadoop,0.011114542,0.815533981,0.997519798,-0.016142548,0.010664925,24.72005607,5.242207866
4861,"JavaScript, NoSQL",Java,0.010541172,0.815699659,0.997648698,-0.015304547,0.008307472,4.719152427,4.488061342
4862,"JavaScript, TypeScript, HTML/CSS",Python,0.011908437,0.81570997,0.997348287,-0.017289287,0.007535797,2.723397459,3.800969305
4863,Docker,Kubernetes,0.081065585,0.815801154,0.983350718,-0.117673003,0.070437501,7.62748848,4.848263765
4864,"SQL, Data Engineering",Python,0.016804128,0.815845824,0.996283492,-0.024390244,0.010634874,2.723851035,3.803773364
4865,"Python, SQL, Software Engineering",Java,0.014069598,0.815856777,0.996878252,-0.020420765,0.01108879,4.720061423,4.491890746
4866,"Java, Kubernetes, TypeScript",AWS,0.011732016,0.81595092,0.997391191,-0.017024655,0.009341229,4.90717645,4.529894588
4867,"AWS, Kubernetes, Scala",Go,0.010364751,0.815972222,0.997691738,-0.015039915,0.009559685,12.87441767,5.089561269
4868,"AWS, Docker, Cloud Computing",Python,0.010761699,0.816053512,0.997605781,-0.015613285,0.006811791,2.724544437,3.808068067
4869,"SQL, AWS, TypeScript",Go,0.012525912,0.816091954,0.99721993,-0.018171393,0.011553124,12.8763068,5.092874785
4870,"Docker, NoSQL","AWS, Kubernetes",0.017421603,0.816115702,0.99615667,-0.02527235,0.016088417,13.06764924,5.098569451
4871,Scala,Java,0.038592158,0.816231343,0.991703517,-0.055969656,0.030419712,4.722228437,4.501046326
4872,"Java, Kubernetes, Cloud Computing",SQL,0.01018833,0.816254417,0.997734797,-0.014775283,0.007508427,3.801753573,4.273818571
4873,"Java, Kubernetes, Cloud Computing",AWS,0.01018833,0.816254417,0.997734797,-0.014775283,0.008112892,4.909001696,4.537376717
4874,"SQL, RDBMS",AWS,0.011379173,0.816455696,0.997477054,-0.016495391,0.009061723,4.910212202,4.542352517
4875,"AWS, Agile, GCP",Python,0.010011908,0.816546763,0.997777875,-0.014510651,0.006339419,2.726191246,3.818306823
4876,RDBMS,Java,0.014951705,0.81686747,0.996708247,-0.021655714,0.011787931,4.725908687,4.516681098
4877,"AWS, Microsoft Azure",Python,0.015172231,0.817102138,0.996665801,-0.021964451,0.009610656,2.728045467,3.829901233
4878,"AWS, Docker, JavaScript",Java,0.014598862,0.817283951,0.996793483,-0.02112645,0.011511324,4.728318197,4.526976366
4879,"SQL, Docker, TypeScript",AWS,0.011643805,0.817337461,0.997434336,-0.016848234,0.009275019,4.915515188,4.564279771
4880,"SQL, Docker, TypeScript",Go,0.011643805,0.817337461,0.997434336,-0.016848234,0.010740902,12.89595843,5.127601186
4881,"AWS, Docker, Agile",SQL,0.017598024,0.817622951,0.996157333,-0.025448772,0.012976849,3.808127601,4.305888754
4882,"Python, SQL, Open Source RDBMS",AWS,0.011864332,0.817629179,0.997391531,-0.017156971,0.009451543,4.917269598,4.571580735
4883,"AWS, Docker, Scala",Go,0.010497067,0.817869416,0.99769204,-0.015172231,0.009683615,12.90435161,5.142577532
4884,"Python, RDBMS",AWS,0.012084859,0.817910448,0.997348748,-0.017465708,0.009628068,4.918961162,4.578642322
4885,"Docker, Go",SQL,0.025801614,0.818181818,0.994441594,-0.037268998,0.019030835,3.810730559,4.319124068
4886,"Python, Spark, Snowflake",Kafka,0.010320646,0.818181818,0.997735093,-0.014907599,0.009861101,22.45839753,5.299629515
4887,"AWS, Docker, Jenkins",Kubernetes,0.010541172,0.818493151,0.99769214,-0.015216337,0.00916372,7.652657817,4.920170197
4888,"AWS, Kubernetes, Cloud Computing",Python,0.011158647,0.818770227,0.99756331,-0.016098443,0.007076635,2.733614688,3.865152699
4889,"Java, Docker, Agile",Python,0.016539496,0.818777293,0.996411742,-0.02386098,0.010489136,2.733638279,3.865303405
4890,"AWS, Go, Scala",Kubernetes,0.010364751,0.818815331,0.997735192,-0.014951705,0.009010885,7.655670103,4.928919182
4891,"Python, SQL, JavaScript",Java,0.020332554,0.818827709,0.99561026,-0.02933004,0.016040495,4.737249461,4.565550456
4892,HTML,CSS,0.029903409,0.81884058,0.993617293,-0.043135006,0.02862291,23.35292134,5.326448198
4893,"Communication, Tableau",SQL,0.012173069,0.818991098,0.997348979,-0.017553919,0.008981807,3.814499828,4.338434608
4894,"SQL, AWS",Python,0.057777974,0.819262039,0.988093276,-0.083270851,0.036654555,2.735256693,3.875670298
4895,"Go, TypeScript",AWS,0.013804966,0.819371728,0.997007157,-0.019891501,0.011003491,4.927749385,4.61568347
4896,"AWS, Hadoop",Spark,0.01301107,0.819444444,0.997177962,-0.018744762,0.012339482,19.3735807,5.304201202
4897,"Go, Open Source RDBMS",AWS,0.010011908,0.819494585,0.997821351,-0.014422441,0.007980472,4.928488255,4.618825034
4898,"SQL, Kubernetes, JavaScript",Python,0.014819389,0.819512195,0.996794178,-0.021346977,0.009403127,2.736091886,3.881041982
4899,"AWS, Kubernetes, Agile",Python,0.017024655,0.819532909,0.996327342,-0.02452256,0.01080256,2.736161042,3.881487439
4900,"AWS, Docker, Agile",Python,0.017642129,0.819672131,0.996200509,-0.025404666,0.011195457,2.736625862,3.884484148
4901,"SQL, AWS, Agile",Java,0.023684559,0.819847328,0.994941701,-0.034093415,0.018691133,4.743148373,4.591390342
4902,"Python, Java, RDBMS",SQL,0.01084991,0.82,0.997649415,-0.015613285,0.008009023,3.81919885,4.362751584
4903,"Python, AWS, NoSQL",Java,0.021743924,0.820299501,0.995359629,-0.031270674,0.017162171,4.745764374,4.602943459
4904,"Docker, Scala","AWS, Kubernetes",0.012084859,0.820359281,0.997392098,-0.017377497,0.01116485,13.13559745,5.219010865
4905,"Python, AWS, TypeScript",SQL,0.013496229,0.820375335,0.997092771,-0.019406342,0.00996406,3.820946995,4.371867781
4906,"Kubernetes, Go",AWS,0.028447934,0.820610687,0.993989514,-0.040885635,0.022683642,4.935200559,4.647561867
4907,"Java, Kubernetes, Agile",Python,0.0157456,0.820689655,0.996624546,-0.022626031,0.009999079,2.740023053,3.906527249
4908,"Kubernetes, JavaScript, TypeScript",Python,0.01292286,0.820728291,0.997221016,-0.018568341,0.008206749,2.740152047,3.907369173
4909,"Kubernetes, Go, TypeScript",AWS,0.010100119,0.82078853,0.997821541,-0.014510651,0.008054016,4.93627012,4.652173951
4910,"Python, RDBMS",NoSQL,0.012128964,0.820895522,0.997392211,-0.017421603,0.011401702,16.67756647,5.308513063
4911,"Go, GCP","Python, Java",0.011335068,0.821086262,0.997563734,-0.016274864,0.009843939,7.601669587,4.985564958
4912,"Docker, Azure","AWS, Kubernetes",0.015216337,0.821428571,0.996752263,-0.021832135,0.01405944,13.15271893,5.250262427
4913,"Java, AWS, Azure",Python,0.017906761,0.821862348,0.996201494,-0.025669298,0.011380827,2.743938304,3.932244199
4914,"Go, TypeScript","SQL, Java",0.013849072,0.821989529,0.997050531,-0.019847396,0.012486232,10.16192398,5.163240288
4915,"Kubernetes, Open Source RDBMS","Python, Java",0.011202752,0.822006472,0.997606823,-0.016054338,0.009730679,7.610188955,5.01133988
4916,"Java, AWS, Node.js",Python,0.01018833,0.822064057,0.99782173,-0.014598862,0.006476209,2.744611745,3.936701804
4917,"Java, NoSQL, Scala",SQL,0.011820227,0.82208589,0.997478151,-0.016936444,0.00873313,3.828914005,4.413901085
4918,"Kubernetes, Software Engineering",Docker,0.017950867,0.822222222,0.996201657,-0.025713404,0.015781423,8.274409429,5.066047722
4919,"SQL, JavaScript, Go",AWS,0.01367265,0.822281167,0.997093275,-0.019582764,0.010907844,4.945246924,4.691246936
4920,"SQL, Kubernetes, TypeScript",Go,0.011643805,0.822429907,0.997521092,-0.016671812,0.010746493,12.97630708,5.274653135
4921,"Python, R",SQL,0.030476779,0.822619048,0.99366308,-0.043620165,0.022522297,3.83139722,4.42716805
4922,"SQL, Open Source RDBMS",AWS,0.012702333,0.822857143,0.997307041,-0.018171393,0.010135537,4.948710875,4.706500413
4923,"Python, TensorFlow",PyTorch,0.010452962,0.822916667,0.997778842,-0.014951705,0.010259118,53.92482539,5.56088221
4924,"Java, Kubernetes, Cloud Computing",Python,0.01027654,0.823321555,0.99782192,-0.014687073,0.006537999,2.748810133,3.964721034
4925,Hadoop,Python,0.027168879,0.823529412,0.994364032,-0.038812685,0.017287505,2.749504101,3.969390905
4926,"Docker, DevOps",Kubernetes,0.01773034,0.823770492,0.996286862,-0.025316456,0.015428296,7.701999324,5.067508839
4927,"Kubernetes, Docker, Go",SQL,0.025360561,0.823782235,0.994737067,-0.036210471,0.018750766,3.836814834,4.45639113
4928,C,C++,0.015701495,0.824074074,0.996710669,-0.022405504,0.014509023,13.16718216,5.32846163
4929,"Python, Docker, Agile",Java,0.016539496,0.824175824,0.996540989,-0.023596348,0.013070781,4.768190472,4.704422661
4930,"Python, Docker, Cloud Computing",AWS,0.010761699,0.824324324,0.997736079,-0.015348653,0.008590923,4.95753459,4.74580745
4931,"Software Engineering, Go",AWS,0.012217175,0.824404762,0.997435786,-0.017421603,0.00975305,4.958018347,4.747981434
4932,"Python, Kubernetes, Go",SQL,0.024434349,0.824404762,0.994945384,-0.034843206,0.018070764,3.839714291,4.472190098
4933,"Python, Power BI",SQL,0.015128126,0.824519231,0.996838321,-0.021567503,0.011188764,3.840247436,4.475107378
4934,"Python, SQL, Microsoft Azure",Java,0.010364751,0.824561404,0.99782211,-0.014775283,0.008192039,4.770421205,4.714762052
4935,"Java, NoSQL",SQL,0.028403828,0.824583867,0.994158779,-0.040488687,0.021008054,3.840548482,4.476756334
4936,"Tableau, Power BI",SQL,0.016186654,0.824719101,0.996626006,-0.023067084,0.011972672,3.841178344,4.480210281
4937,"SQL, HTML/CSS","Python, JavaScript",0.012040753,0.824773414,0.997478699,-0.017156971,0.011466406,20.96422378,5.482376121
4938,"Tableau, Business Intelligence",SQL,0.01018833,0.825,0.997865203,-0.014510651,0.007536836,3.842486647,4.487401629
4939,"AWS, HTML/CSS","SQL, JavaScript",0.011026331,0.825082508,0.997693245,-0.015701495,0.010543596,22.8413867,5.510470853
4940,"Java, Software Engineering, Cloud Computing",AWS,0.010629383,0.825342466,0.997779229,-0.015128126,0.008487941,4.963657752,4.773472464
4941,"AWS, Kubernetes, Azure",Docker,0.015216337,0.825358852,0.996838595,-0.021655714,0.013384362,8.305974809,5.157036098
4942,"Docker, Open Source RDBMS","Python, Java",0.011467384,0.825396825,0.997607447,-0.01631897,0.009966727,7.641577061,5.10864745
4943,"Kubernetes, NoSQL","SQL, Docker",0.018347815,0.825396825,0.996203132,-0.026110352,0.017316412,17.78918462,5.461534144
4944,"AWS, RDBMS","Python, Java",0.011290963,0.825806452,0.997650437,-0.016054338,0.009814126,7.645369407,5.12066073
4945,"Java, RDBMS",AWS,0.012349491,0.825958702,0.99743612,-0.017553919,0.009863365,4.967363833,4.790374125
4946,"Agile, TypeScript",Java,0.01027654,0.826241135,0.997865389,-0.014598862,0.008126699,4.780139129,4.760339773
4947,"R, Power BI","Python, SQL",0.010100119,0.826714801,0.997908497,-0.01433423,0.008460422,6.159745216,4.996315368
4948,"AWS, Kubernetes, GCP",Python,0.013893177,0.826771654,0.997137156,-0.01971508,0.008860017,2.760328921,4.043684318
4949,"SQL, TypeScript","Java, JavaScript",0.016671812,0.827133479,0.996584522,-0.023640453,0.015696587,17.09534856,5.504920535
4950,"Python, Hive",Hadoop,0.013540334,0.827493261,0.997222704,-0.019185816,0.013000504,25.08255978,5.605631561
4951,"Python, Kubernetes, JavaScript",SQL,0.014819389,0.827586207,0.99696694,-0.020994134,0.010974723,3.85453206,4.554712654
4952,"SQL, Docker, JavaScript",Python,0.014819389,0.827586207,0.99696694,-0.020994134,0.009455969,2.763048457,4.062788339
4953,"SQL, GCP","Python, AWS",0.017156971,0.827659574,0.996500022,-0.024302033,0.015023952,8.043517159,5.205408293
4954,"AWS, Docker, Go",SQL,0.022670136,0.827697262,0.995406542,-0.032108676,0.016789502,3.855049308,4.557648337
4955,"SQL, HTML/CSS","Java, TypeScript",0.012084859,0.827794562,0.99752217,-0.017112866,0.011726857,33.75644983,5.664614608
4956,"SQL, Docker, Scala",Go,0.011026331,0.82781457,0.99773667,-0.015613285,0.01018213,13.06126634,5.439604545
4957,"SQL, Go, Scala",Docker,0.011026331,0.82781457,0.99773667,-0.015613285,0.009702751,8.330687854,5.230586024
4958,"AWS, Docker, Agile",Java,0.017818551,0.827868852,0.996373214,-0.025228245,0.014098258,4.789556135,4.805354806
4959,"SQL, AWS, NoSQL",Java,0.021655714,0.827993255,0.99561592,-0.0306532,0.017134948,4.790275852,4.808830232
4960,"AWS, Kubernetes, Agile",Java,0.017201076,0.828025478,0.996500173,-0.024346139,0.013610384,4.790462275,4.809731268
4961,"Agile, NoSQL",Java,0.018700657,0.828125,0.996204443,-0.026463194,0.014797399,4.791038052,4.812516289
4962,"SQL, Java, Open Source RDBMS",Kubernetes,0.011908437,0.828220859,0.997565112,-0.016848234,0.010370597,7.74360888,5.198795295
4963,"SQL, Kafka",Python,0.014687073,0.828358209,0.997009751,-0.020773607,0.009376495,2.765625927,4.081061749
4964,"Python, AWS, TypeScript",Go,0.013628545,0.828418231,0.997222945,-0.019274026,0.012585873,13.07079091,5.458742226
4965,"Docker, JavaScript, TypeScript",SQL,0.01367265,0.828877005,0.997223066,-0.019318132,0.010131012,3.860544031,4.589069323
4966,"Kubernetes, Docker, NoSQL",Python,0.016451286,0.828888889,0.996669982,-0.023243505,0.010506609,2.7673977,4.093718657
4967,"Python, Microsoft Azure",AWS,0.015172231,0.828915663,0.996924809,-0.021435187,0.012128744,4.985147167,4.873169241
4968,"AWS, Go, Scala",Docker,0.010497067,0.829268293,0.997865854,-0.014819389,0.009239228,8.345317355,5.275122707
4969,"Kubernetes, NoSQL",Java,0.018436025,0.829365079,0.996289425,-0.026022141,0.014593756,4.798212412,4.847490971
4970,"Hadoop, Hive",Spark,0.012658228,0.829479769,0.9974369,-0.017862656,0.012012757,19.61083921,5.616359935
4971,"Kubernetes, Scala","SQL, Docker",0.012658228,0.829479769,0.9974369,-0.017862656,0.011950162,17.87718137,5.59230534
4972,"Python, SQL, Open Source RDBMS",Kubernetes,0.012040753,0.829787234,0.997565429,-0.01698055,0.010488761,7.758254003,5.246636969
4973,"Python, NoSQL",SQL,0.030609095,0.830143541,0.99395976,-0.043135006,0.022692491,3.866442995,4.623287735
4974,"R, Power BI",Tableau,0.010144224,0.83032491,0.99795207,-0.014290125,0.009513779,16.09056126,5.589487355
4975,"Python, Software Engineering, Cloud Computing",AWS,0.010144224,0.83032491,0.99795207,-0.014290125,0.008112788,4.993622461,4.913643653
4976,"Go, HTML/CSS","Java, TypeScript",0.010585278,0.830449827,0.99786604,-0.014907599,0.010272702,33.86472829,5.753326126
4977,"Go, GCP",Java,0.011467384,0.830670927,0.997694249,-0.016142548,0.009081213,4.805767266,4.884874287
4978,"Kubernetes, Git",Docker,0.014510651,0.830808081,0.99709567,-0.020420765,0.012775096,8.360812968,5.323130741
4979,"Agile, Go","Python, SQL",0.014775283,0.831265509,0.997053215,-0.020773607,0.012389731,6.193651948,5.131064158
4980,"Docker, JavaScript, TypeScript",Java,0.013716756,0.831550802,0.997266456,-0.019274026,0.010865548,4.810857703,4.910389884
4981,"SQL, Node.js",Java,0.011335068,0.83171521,0.99773736,-0.015922022,0.008979391,4.811808871,4.915187159
4982,"Docker, Open Source RDBMS","SQL, Go",0.011555595,0.831746032,0.997694449,-0.016230759,0.011097248,25.21146762,5.747318937
4983,"Data Analysis, R","Python, SQL",0.012217175,0.831831832,0.997565852,-0.017156971,0.010245986,6.197871549,5.14834353
4984,"Java, Docker, Agile",SQL,0.016804128,0.831877729,0.996671134,-0.023596348,0.012467042,3.874520081,4.670977151
4985,"SQL, Microservices",Java,0.013319808,0.831955923,0.997351971,-0.018700657,0.010552459,4.81320149,4.922227854
4986,"Agile, NoSQL",AWS,0.018788868,0.83203125,0.996290705,-0.026374983,0.015034011,5.003884491,4.963559771
4987,"Python, Data Visualization",SQL,0.024478455,0.832083958,0.995201371,-0.034358047,0.018162217,3.875480604,4.676713886
4988,"AWS, RDBMS",SQL,0.011379173,0.832258065,0.997737458,-0.015966127,0.008443591,3.876291515,4.681568046
4989,"Python, AWS, JavaScript",Java,0.01773034,0.832298137,0.996501987,-0.024875402,0.014048165,4.815181335,4.932272192
4990,"Python, Docker, TypeScript",Go,0.011820227,0.832298137,0.997651663,-0.016583602,0.010920119,13.13200811,5.585034247
4991,"Python, Kubernetes, Azure",Docker,0.012481807,0.832352941,0.997523139,-0.017509813,0.010991684,8.376359625,5.372183159
4992,"Kubernetes, Scala",AWS,0.012702333,0.832369942,0.997480342,-0.017818551,0.010164872,5.005921406,4.973588516
4993,"Azure, Cloud Computing",AWS,0.010100119,0.832727273,0.997995468,-0.014157809,0.00808335,5.008070412,4.984213171
4994,"Kubernetes, JavaScript, Go",AWS,0.011202752,0.832786885,0.997780486,-0.015701495,0.008965972,5.008428926,4.985990074
4995,"AWS, NoSQL",SQL,0.026154457,0.832865169,0.994911268,-0.036651524,0.019412087,3.879119139,4.698573471
4996,"Java, Microsoft Azure",Python,0.014069598,0.832898172,0.99722415,-0.01971508,0.009010017,2.780783428,4.191939476
4997,"Python, Scala",Java,0.03546068,0.833160622,0.993188933,-0.049662594,0.028103954,4.82017116,4.957769838
4998,"Docker, JavaScript",Kubernetes,0.022493715,0.833333333,0.995619498,-0.031491201,0.019606726,7.791408935,5.358267543
4999,"Docker, Node.js",Kubernetes,0.011467384,0.833333333,0.997737655,-0.016054338,0.009995586,7.791408935,5.358267543
5000,"Python, Kubernetes, Agile",SQL,0.016098443,0.833333333,0.996841331,-0.02253782,0.011950749,3.881299644,4.711771711
5001,"Python, JavaScript, TypeScript",Go,0.015701495,0.833723653,0.996926407,-0.021964451,0.014507874,13.15449993,5.632915741
5002,"AWS, Kubernetes, TypeScript",Java,0.011732016,0.833855799,0.99769485,-0.01640718,0.009300103,4.824193044,4.97851405
5003,"Kubernetes, Jenkins",Docker,0.01773034,0.834024896,0.996545023,-0.024787192,0.015617871,8.393185297,5.426300004
5004,"Java, Kubernetes, Agile",SQL,0.016010232,0.834482759,0.996884196,-0.022361399,0.011890947,3.886653161,4.744492348
5005,"Python, Scala, Hadoop",Java,0.012040753,0.834862385,0.997652174,-0.016804128,0.009547852,4.830016551,5.008860269
5006,"Python, Kubernetes, JavaScript",Java,0.014951705,0.834975369,0.997096928,-0.020861818,0.011856543,4.83067021,5.012289586
5007,"AWS, TypeScript",JavaScript,0.020861818,0.835689046,0.995998107,-0.029065408,0.018799592,10.11616537,5.583259706
5008,"Agile, NoSQL",SQL,0.018877078,0.8359375,0.996376968,-0.026286773,0.014028633,3.893428705,4.786561738
5009,"Python, Java, Hadoop",Spark,0.013937282,0.835978836,0.997310312,-0.019406342,0.013232114,19.76449233,5.838898903
5010,"AWS, Go, GCP",Java,0.011246857,0.836065574,0.997824006,-0.01565739,0.008921675,4.836977483,5.045622547
5011,"Python, Kubernetes, Go",AWS,0.024787192,0.836309524,0.99528807,-0.034490363,0.019858943,5.029614279,5.093289175
5012,"SQL, HTML/CSS","Python, TypeScript",0.012217175,0.836858006,0.997652582,-0.01698055,0.011897163,38.1772265,5.995266029
5013,"SQL, HTML/CSS","JavaScript, Go",0.012217175,0.836858006,0.997652582,-0.01698055,0.011931932,42.83088391,6.009864891
5014,"Kubernetes, TypeScript","Docker, JavaScript",0.015392758,0.836930456,0.997055002,-0.021391082,0.014896315,31.00608533,5.966825662
5015,"Java, JavaScript, Go",TypeScript,0.014731178,0.837092732,0.997182732,-0.02046487,0.014055913,21.81540633,5.902918755
5016,"Kubernetes, NoSQL",AWS,0.018612447,0.837301587,0.99646201,-0.02584572,0.01491626,5.035580607,5.124345816
5017,"Docker, GCP",Python,0.013849072,0.837333333,0.99735335,-0.019229921,0.008895174,2.795591027,4.306234107
5018,"Python, Docker, Agile",SQL,0.016804128,0.837362637,0.996800415,-0.023331716,0.012495451,3.900066367,4.828504794
5019,Airflow,Python,0.010673488,0.837370242,0.99795314,-0.014819389,0.006855685,2.795714254,4.307211408
5020,"Python, Go, TypeScript",AWS,0.013628545,0.837398374,0.997396059,-0.018921184,0.010922408,5.036162688,5.127396022
5021,"JavaScript, Go","Python, Java",0.016363075,0.837471783,0.996885274,-0.022714242,0.014252628,7.7533678,5.488192025
5022,"Java, AWS, Microsoft Azure",Python,0.013187492,0.837535014,0.997481546,-0.018303709,0.008471381,2.796264375,4.311579777
5023,"Java, AWS, Kafka",Python,0.010232435,0.837545126,0.998039216,-0.014201914,0.006573156,2.796298137,4.31184816
5024,"Scala, Kafka",Java,0.0115997,0.837579618,0.997781355,-0.016098443,0.009205905,4.84573684,5.092656637
5025,"Java, GCP",Python,0.018656552,0.837623762,0.996462162,-0.025889825,0.011985303,2.796560678,4.313936314
5026,"Python, Kubernetes, Go",Java,0.024831297,0.837797619,0.995330906,-0.034446258,0.019708271,4.846998065,5.099501205
5027,HTML/CSS,SQL,0.014598862,0.837974684,0.997225594,-0.020244343,0.010858362,3.902917009,4.846744338
5028,HTML/CSS,"JavaScript, TypeScript",0.014598862,0.837974684,0.997225594,-0.020244343,0.01408097,28.18902077,5.988403746
5029,NoSQL databases,Java,0.011864332,0.838006231,0.99773854,-0.016451286,0.009417172,4.848204967,5.106068214
5030,"Java, HTML/CSS","SQL, JavaScript",0.01301107,0.838068182,0.99752443,-0.018039077,0.01245027,23.20087898,5.952367798
5031,"Docker, Open Source RDBMS","AWS, Kubernetes",0.011643805,0.838095238,0.997781451,-0.016142548,0.010776133,13.41958569,5.790730618
5032,"AWS, HTML/CSS","Java, TypeScript",0.011202752,0.838283828,0.99786734,-0.015525074,0.010875035,34.18418928,6.032033966
5033,"SQL, Agile, Scala",AWS,0.010982226,0.838383838,0.997910318,-0.015216337,0.008804115,5.042089328,5.158660632
5034,"JavaScript, Go, TypeScript",AWS,0.013275702,0.838440111,0.997481765,-0.01839192,0.010642903,5.042427758,5.160457448
5035,"SQL, Java, NoSQL",Python,0.023816875,0.838509317,0.995539735,-0.032990782,0.015309381,2.799517264,4.337592324
5036,"Java, Go, TypeScript",AWS,0.012614123,0.838709677,0.99761015,-0.017465708,0.010113329,5.044048943,5.169082168
5037,"Python, Java, Go",SQL,0.029197724,0.839036755,0.994586992,-0.040400476,0.021726193,3.907863672,4.878724252
5038,"Java, AWS, Go",SQL,0.026551405,0.839609484,0.995083369,-0.036695629,0.019761687,3.910531189,4.896145386
5039,"Java, Kubernetes, NoSQL",Python,0.015480969,0.839712919,0.997098437,-0.021391082,0.009959024,2.80353571,4.370163473
5040,"AWS, Docker, NoSQL",Python,0.015480969,0.839712919,0.997098437,-0.021391082,0.009959024,2.80353571,4.370163473
5041,"SQL, Kubernetes",Python,0.039297843,0.839773798,0.99283728,-0.054293653,0.025281616,2.803738968,4.371823963
5042,"Python, Go, GCP",Java,0.011335068,0.839869281,0.997867618,-0.01565739,0.009002262,4.858983468,5.165475073
5043,"SQL, Open Source RDBMS",Kubernetes,0.012966965,0.84,0.99756765,-0.017906761,0.011315909,7.853740206,5.581528691
5044,"SQL, Open Source RDBMS","Kubernetes, Docker",0.012966965,0.84,0.99756765,-0.017906761,0.011715567,10.36198041,5.743340096
5045,"SQL, Go, TypeScript",AWS,0.012525912,0.840236686,0.997653296,-0.017289287,0.01004712,5.053232464,5.218487971
5046,Open Source Frameworks,AWS,0.010452962,0.840425532,0.998039643,-0.014422441,0.008384857,5.054368192,5.224663697
5047,"Docker, NoSQL",Java,0.017950867,0.840909091,0.996674872,-0.024743086,0.014261068,4.864999188,5.199236348
5048,"Docker, JavaScript, Go",AWS,0.011202752,0.841059603,0.997910773,-0.015436863,0.008987974,5.058181531,5.24550677
5049,"Scala, Spark, Hadoop",Java,0.011687911,0.841269841,0.997824952,-0.016098443,0.009286492,4.867086275,5.211052794
5050,"Docker, Open Source RDBMS","Kubernetes, Go",0.011687911,0.841269841,0.997824952,-0.016098443,0.011206279,24.26731694,6.081599259
5051,"NoSQL, RDBMS","Python, Java",0.011467384,0.841423948,0.997867897,-0.015789706,0.009995311,7.789957198,5.624973334
5052,"TypeScript, HTML/CSS","SQL, JavaScript",0.012658228,0.841642229,0.997653602,-0.017421603,0.012114952,23.29982204,6.086709432
5053,"SQL, AWS, Azure",Python,0.017112866,0.84164859,0.996844471,-0.023552243,0.011022874,2.809998304,4.423583902
5054,"Agile, NoSQL",Python,0.019009394,0.841796875,0.996506362,-0.026154457,0.012245673,2.81049338,4.42773016
5055,"Java, Docker, TypeScript",Python,0.012217175,0.841945289,0.997739327,-0.016804128,0.007870955,2.810988887,4.43188781
5056,"Cloud Computing, NoSQL",Python,0.010585278,0.842105263,0.998039899,-0.014554757,0.006820315,2.811522991,4.436378071
5057,"Software Engineering, Go",Java,0.012481807,0.842261905,0.997696554,-0.017156971,0.009920294,4.872825763,5.243826711
5058,"SQL, TypeScript",Python,0.01698055,0.842450766,0.99688716,-0.023331716,0.0109434,2.812676515,4.44610697
5059,"SQL, Kubernetes, Software Engineering",AWS,0.01084991,0.842465753,0.997996952,-0.014907599,0.008708468,5.066638204,5.292328167
5060,"Python, AWS, Hadoop",Spark,0.012525912,0.84272997,0.997696654,-0.017201076,0.011897231,19.92410492,6.089545457
5061,"SQL, Angular",Java,0.01018833,0.843065693,0.998126117,-0.013981388,0.008099477,4.877476006,5.270684627
5062,"Python, Kubernetes, TypeScript",Go,0.011864332,0.843260188,0.997825331,-0.016274864,0.01097261,13.30496746,5.975639748
5063,"Python, Java, TypeScript",Go,0.014951705,0.843283582,0.997269772,-0.020508975,0.013827967,13.30533657,5.976531767
5064,"Python, Scala, Kafka",Spark,0.010452962,0.84341637,0.998083123,-0.01433423,0.00992875,19.94033301,6.11623958
5065,"Java, Kubernetes, TypeScript",Python,0.012128964,0.843558282,0.997782512,-0.016627707,0.007822376,2.816374162,4.477582821
5066,"Java, RDBMS",NoSQL,0.012614123,0.843657817,0.997696854,-0.017289287,0.011878177,17.14001226,6.081394294
5067,"Python, Hive",Spark,0.013804966,0.843665768,0.997483076,-0.018921184,0.013112857,19.94622937,6.125996742
5068,"SQL, Java, Cloud Computing",Python,0.014290125,0.84375,0.997397753,-0.019582764,0.009217334,2.817014247,4.483076787
5069,"Kubernetes, Scala","SQL, Java",0.012878754,0.843930636,0.997654112,-0.017642129,0.01164435,10.43317301,5.889117583
5070,"AWS, Kubernetes, Microservices",Docker,0.010497067,0.843971631,0.998083206,-0.014378335,0.009261141,8.493283974,5.772224071
5071,"AWS, NoSQL",Python,0.026507299,0.844101124,0.995253368,-0.036298681,0.017101499,2.818186537,4.493173807
5072,"SQL, Docker",Python,0.039165527,0.844106464,0.99308746,-0.053632073,0.025268193,2.818204367,4.493327725
5073,NoSQL databases,Python,0.011952543,0.84423676,0.99782552,-0.016363075,0.007712006,2.818639385,4.497086402
5074,"SQL, Kubernetes, NoSQL",Python,0.01698055,0.844298246,0.996930261,-0.023243505,0.01095661,2.818844665,4.498862269
5075,"Docker, Open Source RDBMS",Go,0.011732016,0.844444444,0.997868453,-0.016054338,0.010851476,13.32365267,6.021132751
5076,"Kubernetes, Open Source RDBMS","SQL, Go",0.011511489,0.844660194,0.997911409,-0.0157456,0.011061873,25.60291522,6.225121841
5077,"Docker, Go","Python, Kubernetes",0.026639615,0.844755245,0.995253976,-0.036430997,0.024455942,12.19944947,5.995401523
5078,"R, Power BI",SQL,0.010320646,0.844765343,0.998126362,-0.014113704,0.007697561,3.93454491,5.058762651
5079,"Java, Docker, Open Source RDBMS",Go,0.010805804,0.844827586,0.998040326,-0.014775283,0.009995148,13.32969789,6.035999745
5080,"Data Analysis, Tableau",SQL,0.016098443,0.844907407,0.997100195,-0.022008556,0.012007567,3.935206583,5.063396465
5081,"Python, R, Power BI",SQL,0.010100119,0.84501845,0.998169456,-0.013804966,0.007533852,3.935723772,5.06702434
5082,BGP,OSPF,0.012746438,0.84502924,0.997697154,-0.017421603,0.012535543,60.43958345,6.362610669
5083,"AWS, Kubernetes, JavaScript",Java,0.014201914,0.845144357,0.997440791,-0.019406342,0.011297341,4.889501915,5.34143426
5084,"AWS, Kubernetes, GCP",Docker,0.014201914,0.845144357,0.997440791,-0.019406342,0.0125321,8.505085666,5.815937272
5085,"Java, Docker, NoSQL",Python,0.015172231,0.845208845,0.997270364,-0.020729502,0.009795601,2.821884869,4.525328007
5086,"Python, NoSQL, Spark",Hadoop,0.01084991,0.845360825,0.998040411,-0.014819389,0.010426484,25.62415238,6.253326276
5087,"NoSQL, Hadoop","Python, Spark",0.01084991,0.845360825,0.998040411,-0.014819389,0.010371009,22.65586995,6.225375263
5088,"Kubernetes, Docker, Agile",AWS,0.019538658,0.845419847,0.996508169,-0.026683721,0.015695797,5.084404297,5.393466858
5089,"Docker, Go, TypeScript",AWS,0.010144224,0.845588235,0.998169536,-0.013849072,0.008149457,5.085416992,5.399348501
5090,"Python, Kubernetes, Open Source RDBMS",AWS,0.010408856,0.845878136,0.998126525,-0.014201914,0.008362753,5.087160473,5.409504595
5091,"Python, HTML/CSS","Java, Go",0.010894015,0.845890411,0.998040496,-0.014863494,0.010386772,21.47690178,6.233317161
5092,"AWS, Kubernetes",Docker,0.052838178,0.846045198,0.990950226,-0.072068099,0.046632253,8.514151251,5.849968256
5093,"Java, Azure, GCP",Python,0.011643805,0.846153846,0.997911682,-0.015877916,0.007522163,2.825039928,4.553124862
5094,"AWS, Open Source RDBMS","Python, Java",0.012393596,0.846385542,0.997783091,-0.016892339,0.010811951,7.835891955,5.806654369
5095,"Go, Scala",AWS,0.012658228,0.84660767,0.997740309,-0.017245181,0.010172102,5.091547929,5.435232181
5096,"Go, Scala","Python, AWS",0.012658228,0.84660767,0.997740309,-0.017245181,0.011119732,8.227662106,5.848416789
5097,"Go, Scala","Java, AWS",0.012658228,0.84660767,0.997740309,-0.017245181,0.011442862,10.41515773,5.989307852
5098,"SQL, Java, Open Source RDBMS",Docker,0.012173069,0.846625767,0.997825992,-0.016583602,0.010744304,8.519993792,5.872112204
5099,"Scala, Hadoop",Spark,0.013893177,0.846774194,0.997526578,-0.018921184,0.013199202,20.0197198,6.250272176
5100,"Python, Agile, Scala",AWS,0.013893177,0.846774194,0.997526578,-0.018921184,0.011165039,5.092549414,5.441139124
5101,"Python, Agile, NoSQL",SQL,0.016098443,0.846867749,0.997143352,-0.021920346,0.012017036,3.944336993,5.12821618
5102,"Python, SQL, Azure",AWS,0.017112866,0.847161572,0.996973758,-0.023287611,0.013754029,5.094879131,5.45493003
5103,"Go, NoSQL","Python, Docker",0.011246857,0.84717608,0.997997737,-0.015304547,0.010382616,13.01356589,6.117501376
5104,"Docker, Scala","Python, AWS",0.012481807,0.847305389,0.997783283,-0.01698055,0.010966002,8.234442816,5.875140424
5105,"SQL, AWS, Agile",Python,0.024478455,0.847328244,0.995713306,-0.033299519,0.015825647,2.828960872,4.5881489
5106,"SQL, Docker, NoSQL",Python,0.01640718,0.84738041,0.997101073,-0.022317294,0.010607818,2.829135037,4.58971714
5107,"AWS, Agile, NoSQL",Java,0.015922022,0.84741784,0.997186025,-0.021655714,0.012674389,4.902654936,5.421021954
5108,"SQL, Go",AWS,0.027962775,0.847593583,0.995132573,-0.038018789,0.022477165,5.097477269,5.470392561
5109,"SQL, AWS, Docker",Java,0.029021303,0.847938144,0.994967802,-0.039430159,0.023105428,4.905665105,5.439570848
5110,"AWS, Microsoft Azure",Java,0.0157456,0.847980998,0.997228717,-0.021391082,0.012536086,4.905913029,5.441104232
5111,"Python, SQL, Open Source RDBMS",Docker,0.012305385,0.848024316,0.997826276,-0.016715918,0.010863472,8.534068051,5.926150046
5112,"Java, Software Engineering, Go",SQL,0.010585278,0.848056537,0.998126851,-0.014378335,0.007905375,3.949873843,5.168338737
5113,"SQL, RDBMS",Python,0.011820227,0.848101266,0.997912045,-0.016054338,0.007645742,2.831541746,4.611498258
5114,"SQL, AWS, Software Engineering",Python,0.013055176,0.848137536,0.997697854,-0.01773034,0.008444748,2.83166284,4.612599643
5115,"SQL, Java, RDBMS",Kubernetes,0.010100119,0.848148148,0.998212963,-0.013716756,0.008826447,7.929922871,5.881025352
5116,"Python, AWS, NoSQL",SQL,0.022493715,0.848585691,0.996090058,-0.030520884,0.016802473,3.952338406,5.186400729
5117,"Java, Kubernetes, Open Source RDBMS",AWS,0.010629383,0.848591549,0.998126933,-0.014422441,0.008546611,5.103479097,5.506449121
5118,"Kubernetes, JavaScript, TypeScript",Java,0.013363913,0.848739496,0.997655232,-0.018127288,0.010642305,4.910301247,5.468388735
5119,"SQL, Java, Azure",Python,0.012128964,0.848765432,0.997869287,-0.016451286,0.007848796,2.833759187,4.631750252
5120,"Python, Docker, Open Source RDBMS",AWS,0.010673488,0.849122807,0.998127015,-0.014466546,0.008583383,5.106674112,5.525838027
5121,"Python, AWS, Node.js",Java,0.01018833,0.849264706,0.998213118,-0.013804966,0.008114724,4.9133398,5.487442354
5122,"AWS, Go",Java,0.031623517,0.849526066,0.994599651,-0.042826269,0.02518924,4.914851876,5.496973576
5123,"JavaScript, HTML/CSS","Java, TypeScript",0.013760861,0.85013624,0.997612847,-0.018612447,0.013363923,34.66751612,6.509094919
5124,"SQL, Kubernetes, Open Source RDBMS",AWS,0.011026331,0.850340136,0.998084208,-0.014907599,0.008870222,5.1139952,5.570785035
5125,"Python, AWS, RDBMS",SQL,0.01027654,0.850364964,0.998213274,-0.013893177,0.007681864,3.960625476,5.24807093
5126,"Kubernetes, Docker, GCP",Python,0.012790544,0.850439883,0.997783958,-0.017289287,0.0082858,2.839349648,4.68360657
5127,"Java, HTML, CSS",JavaScript,0.011290963,0.850498339,0.998041264,-0.015260442,0.010194267,10.29543451,6.136324654
5128,"AWS, Kubernetes, NoSQL",Python,0.015833811,0.8507109,0.997272137,-0.021391082,0.010259025,2.840254491,4.692109138
5129,"Python, Software Engineering, Go",AWS,0.011070436,0.850847458,0.998084291,-0.014951705,0.008906994,5.117046262,5.589733283
5130,"JavaScript, Go",SQL,0.016627707,0.851015801,0.997144835,-0.02244961,0.012432665,3.963656792,5.270997141
5131,"Agile, Go","SQL, Java",0.015128126,0.851116625,0.997399896,-0.020420765,0.013690366,10.52201049,6.17336112
5132,Agile practices,Java,0.013363913,0.851123596,0.997698554,-0.018039077,0.010649929,4.924094228,5.555959253
5133,"Java, Agile, NoSQL",AWS,0.015922022,0.851415094,0.997272373,-0.021479293,0.012812531,5.120460062,5.611087658
5134,"Python, Go, Scala",AWS,0.012658228,0.851632047,0.997827032,-0.01706876,0.01018677,5.121764831,5.619292551
5135,"Java, Go, Scala",AWS,0.012658228,0.851632047,0.997827032,-0.01706876,0.01018677,5.121764831,5.619292551
5136,"Java, Docker, Open Source RDBMS",AWS,0.010894015,0.851724138,0.998127422,-0.014687073,0.008767241,5.122318668,5.622782554
5137,"Machine Learning, Data Science",Python,0.015480969,0.851941748,0.997357592,-0.020861818,0.010038286,2.8443639,4.731115872
5138,"Kubernetes, JavaScript, Go",TypeScript,0.011467384,0.852459016,0.998041605,-0.015436863,0.010951204,22.21586584,6.517703387
5139,"Kubernetes, Scala","Python, SQL",0.01301107,0.852601156,0.997784439,-0.017509813,0.010962928,6.352621101,5.873774023
5140,"Java, Kubernetes",Docker,0.045957747,0.852700491,0.992467043,-0.061835664,0.04060207,8.581126601,6.114281794
5141,"Data Visualization, R","Python, SQL",0.014554757,0.852713178,0.997528187,-0.019582764,0.012263916,6.353455765,5.878241451
5142,"SQL, Agile, NoSQL",Python,0.016098443,0.852803738,0.997272845,-0.021655714,0.010444395,2.847241814,4.75882159
5143,"SQL, Agile, NoSQL",AWS,0.016098443,0.852803738,0.997272845,-0.021655714,0.012959618,5.128811448,5.664022448
5144,CSS,HTML,0.029903409,0.852830189,0.995014488,-0.040224055,0.02862291,23.35292134,6.546728459
5145,"Python, Docker",Kubernetes,0.055528602,0.85298103,0.991014121,-0.074670313,0.048565863,7.97510882,6.07434938
5146,"Kubernetes, Cloud Computing",Docker,0.015613285,0.853012048,0.997357935,-0.020994134,0.013794458,8.584261948,6.127241689
5147,"SQL, Kubernetes, NoSQL",Java,0.017156971,0.853070175,0.997103204,-0.023067084,0.013680632,4.935355981,5.629566629
5148,Artificial Intelligence,Machine Learning,0.014598862,0.853092784,0.997528295,-0.019626869,0.013558036,14.0262311,6.393006288
5149,"Docker, Scala","Java, AWS",0.012570017,0.853293413,0.997870213,-0.016892339,0.011372577,10.49740725,6.262253854
5150,"Python, Java, RDBMS",AWS,0.011290963,0.853333333,0.998084708,-0.015172231,0.009090852,5.131996463,5.684474525
5151,"SQL, Docker, Open Source RDBMS",AWS,0.011290963,0.853333333,0.998084708,-0.015172231,0.009090852,5.131996463,5.684474525
5152,"Docker, HTML/CSS","SQL, TypeScript",0.010011908,0.853383459,0.998299839,-0.013452124,0.009775436,42.33865024,6.683037658
5153,"Python, Tableau",SQL,0.028050986,0.853691275,0.995345461,-0.037665946,0.020996118,3.976117971,5.367385206
5154,"Python, Agile, NoSQL",Java,0.016230759,0.853828306,0.997273199,-0.02178803,0.012945009,4.939742074,5.658764813
5155,"Python, Kubernetes, Jenkins",Docker,0.012128964,0.854037267,0.997956077,-0.016274864,0.01071773,8.594579208,6.170278455
5156,"Python, Scala, Kafka",Java,0.010585278,0.854092527,0.998213819,-0.014201914,0.00844306,4.941270696,5.669012138
5157,"Spark, Hive",Hadoop,0.012658228,0.854166667,0.997870399,-0.01698055,0.012169325,25.89107063,6.630920352
5158,"Python, SQL, Go",AWS,0.026374983,0.854285714,0.99563599,-0.035372469,0.021241391,5.137724138,5.721627953
5159,"Kubernetes, Open Source RDBMS",AWS,0.011643805,0.854368932,0.998041946,-0.015613285,0.009377691,5.138224614,5.724897455
5160,"Kubernetes, Open Source RDBMS","AWS, Docker",0.011643805,0.854368932,0.998041946,-0.015613285,0.010821512,14.16016579,6.4523589
5161,"Kubernetes, Docker, Open Source RDBMS",AWS,0.011643805,0.854368932,0.998041946,-0.015613285,0.009377691,5.138224614,5.724897455
5162,"SQL, RDBMS",Java,0.011908437,0.85443038,0.997999043,-0.015966127,0.009499395,4.943225313,5.682169368
5163,"Go, HTML/CSS","Python, Java",0.010894015,0.85467128,0.998170891,-0.014598862,0.009517222,7.912601853,6.137713622
5164,"SQL, Docker, Software Engineering",AWS,0.010894015,0.85467128,0.998170891,-0.014598862,0.008774574,5.140042954,5.736807783
5165,"AWS, RDBMS",NoSQL,0.011687911,0.85483871,0.998042031,-0.01565739,0.011014922,17.36716672,6.549807162
5166,"SQL, AWS, Kubernetes",Java,0.028844882,0.854901961,0.995264101,-0.038636263,0.023012865,4.9459536,5.700636905
5167,"Kubernetes, Go",Python,0.029638777,0.854961832,0.995140458,-0.039694791,0.019255408,2.854447006,4.829630421
5168,"SQL, Java, Go",AWS,0.026551405,0.855113636,0.995636737,-0.035548891,0.021388477,5.14270331,5.75432297
5169,"Kubernetes, Agile, NoSQL",Python,0.011202752,0.855218855,0.998127993,-0.01499581,0.007279265,2.855305125,4.838204236
5170,"SQL, Java, RDBMS",NoSQL,0.01018833,0.855555556,0.998300135,-0.013628545,0.009602178,17.38173039,6.582312408
5171,"Kubernetes, Docker, NoSQL",Java,0.01698055,0.855555556,0.997188946,-0.022714242,0.013549952,4.94973491,5.726431642
5172,"Java, Open Source RDBMS",SQL,0.014378335,0.855643045,0.997614297,-0.019229921,0.01077041,3.985208453,5.439954612
5173,Open Source RDBMS,SQL,0.015436863,0.855745721,0.997443896,-0.020641291,0.011563788,3.985686676,5.443826638
5174,"Python, Java, NoSQL",SQL,0.023816875,0.855784469,0.996095091,-0.031844044,0.017841544,3.985867146,5.445289285
5175,"Docker, Go","AWS, Kubernetes",0.026992458,0.855944056,0.995596032,-0.036078155,0.025022979,13.70538106,6.508213653
5176,"Python, AWS, Go",Java,0.028050986,0.855989233,0.995430475,-0.037489525,0.022386688,4.952243908,5.743676348
5177,"Agile, Go","SQL, AWS",0.015216337,0.856079404,0.997486566,-0.020332554,0.013962804,12.13876694,6.45825279
5178,"Kubernetes, TypeScript",JavaScript,0.0157456,0.856115108,0.997401472,-0.021038239,0.014226257,10.3634265,6.375865567
5179,"AWS, Scala","Python, Java",0.02527235,0.856502242,0.995887242,-0.033740572,0.022085241,7.929553016,6.216027875
5180,"Kafka, Hadoop","Python, Spark",0.012393596,0.856707317,0.997956611,-0.016539496,0.011853804,22.95995863,6.718325574
5181,"AWS, Agile, NoSQL",SQL,0.016098443,0.856807512,0.997359193,-0.021479293,0.012064385,3.990632028,5.484193303
5182,"SQL, Scala",Java,0.026683721,0.85694051,0.995679884,-0.035592996,0.021301494,4.957747431,5.781869044
5183,"SQL, Open Source RDBMS",Docker,0.013231597,0.857142857,0.997828259,-0.017642129,0.011697647,8.625832224,6.304414943
5184,"Docker, Open Source RDBMS",AWS,0.011908437,0.857142857,0.998042457,-0.015877916,0.009598321,5.154907162,5.836060513
5185,"Java, AWS, RDBMS",SQL,0.010585278,0.857142857,0.998257308,-0.014113704,0.007933784,3.992193919,5.497066996
5186,Master's Degree,Bachelor's Degree,0.015128126,0.8575,0.99752958,-0.020156133,0.014150039,15.46706245,6.62848848
5187,"SQL, AWS, Cloud Computing",Python,0.014863494,0.857506361,0.997572184,-0.01980329,0.009671809,2.862942384,4.915873821
5188,"NoSQL, RDBMS",AWS,0.011687911,0.857605178,0.998085458,-0.015569179,0.009421796,5.157687586,5.855008761
5189,"Kubernetes, Open Source RDBMS",Go,0.011687911,0.857605178,0.998085458,-0.015569179,0.010824142,13.53130285,6.577631384
5190,"Java, AWS, Open Source RDBMS",SQL,0.011687911,0.857605178,0.998085458,-0.015569179,0.008761798,3.994347206,5.514914616
5191,"Kubernetes, Open Source RDBMS","Docker, Go",0.011687911,0.857605178,0.998085458,-0.015569179,0.01125813,27.19508,6.801263417
5192,"Kubernetes, Docker, Open Source RDBMS",Go,0.011687911,0.857605178,0.998085458,-0.015569179,0.010824142,13.53130285,6.577631384
5193,"AWS, TypeScript, HTML/CSS",SQL,0.010364751,0.857664234,0.998300431,-0.013804966,0.007770075,3.994622261,5.517202773
5194,"Java, AWS, HTML/CSS",SQL,0.010673488,0.858156028,0.99825746,-0.014201914,0.008003055,3.996912825,5.53633176
5195,Open Source RDBMS,"Python, Java",0.015480969,0.858190709,0.997487219,-0.020597186,0.013532497,7.945184951,6.290039649
5196,"Python, Kubernetes, NoSQL",Java,0.015480969,0.858190709,0.997487219,-0.020597186,0.012362936,4.964980338,5.832842345
5197,HTML/CSS,"Java, JavaScript",0.014951705,0.858227848,0.997572395,-0.019891501,0.014108786,17.73801276,6.712294674
5198,"AWS, JavaScript, TypeScript",Java,0.017906761,0.858350951,0.997105331,-0.023816875,0.014300822,4.965907405,5.839440823
5199,"Kubernetes, Scala","Python, Docker",0.013099281,0.858381503,0.997871324,-0.017421603,0.012105835,13.18569364,6.601542606
5200,"Docker, GCP","AWS, Kubernetes",0.014201914,0.858666667,0.997700451,-0.018877078,0.013168971,13.74897552,6.633586287
5201,"Data Analysis, R",SQL,0.012614123,0.858858859,0.997957055,-0.016760023,0.009460739,4.0001863,5.563900637
5202,"Java, JavaScript, HTML",CSS,0.011290963,0.859060403,0.998171608,-0.01499581,0.010830107,24.49997045,6.846452567
5203,"Python, TypeScript",JavaScript,0.018832973,0.85915493,0.996978852,-0.025007718,0.017022149,10.40022409,6.513474176
5204,"Java, Kubernetes, Open Source RDBMS",Go,0.010761699,0.85915493,0.998257612,-0.014290125,0.009967815,13.55575485,6.650006616
5205,"Docker, Terraform",Kubernetes,0.015613285,0.859223301,0.997487546,-0.020729502,0.013669756,8.033472125,6.343696057
5206,"Docker, Scala","SQL, Kubernetes",0.012658228,0.859281437,0.997957143,-0.016804128,0.011968871,18.36238268,6.77383447
5207,"Docker, NoSQL","SQL, Kubernetes",0.018347815,0.859504132,0.997063523,-0.024346139,0.017348867,18.36714156,6.784571439
5208,"Tableau, Data Visualization",SQL,0.01971508,0.859615385,0.996852499,-0.026154457,0.014790877,4.003709863,5.593884223
5209,"Python, SQL, Microsoft Azure",AWS,0.010805804,0.859649123,0.998257688,-0.01433423,0.008715699,5.16997999,5.940275879
5210,"SQL, Agile, NoSQL",Java,0.016230759,0.859813084,0.99740271,-0.021523398,0.012967879,4.974366434,5.900345492
5211,"Kubernetes, HTML/CSS","SQL, TypeScript",0.010011908,0.859848485,0.998386886,-0.013275702,0.009777214,42.65939759,6.991318403
5212,"Kubernetes, JavaScript, TypeScript",SQL,0.013540334,0.859943978,0.997828919,-0.017950867,0.01015968,4.005240305,5.607008336
5213,"Python, JavaScript, Go",SQL,0.015436863,0.85995086,0.997530329,-0.02046487,0.011582728,4.00527236,5.607283878
5214,"SQL, AWS, NoSQL",Python,0.022493715,0.860033727,0.996432563,-0.029815199,0.014659952,2.871380458,5.004639561
5215,"JavaScript, NoSQL",SQL,0.011114542,0.860068259,0.998214752,-0.014731178,0.008339943,4.005819155,5.611988257
5216,"Docker, Go",Python,0.027124774,0.86013986,0.995724303,-0.035945839,0.017679343,2.871734803,5.008437348
5217,"SQL, Java, AWS",Python,0.040709214,0.860205033,0.993683147,-0.053940811,0.026534461,2.871952394,5.010772284
5218,"Python, Docker, TypeScript",Java,0.012217175,0.860248447,0.998043053,-0.016186654,0.009762391,4.976885186,5.91872663
5219,"SQL, Hadoop",Python,0.018744762,0.860323887,0.997021626,-0.024831297,0.012218828,2.87234921,5.01503608
5220,"Python, Software Engineering, Go",Java,0.011202752,0.861016949,0.998214908,-0.014819389,0.008953805,4.98133128,5.951454023
5221,"JavaScript, HTML/CSS",SQL,0.013937282,0.861035422,0.997786458,-0.018436025,0.010461931,4.010323774,5.651046464
5222,"Agile, Go","Python, Java",0.015304547,0.861042184,0.997573236,-0.020244343,0.013384659,7.971584087,6.419113987
5223,"SQL, Docker, NoSQL",Java,0.016671812,0.861047836,0.997360678,-0.022052662,0.013325074,4.981509973,5.952776936
5224,"Go, TypeScript","SQL, JavaScript",0.014510651,0.861256545,0.997701149,-0.019185816,0.013902055,23.84282007,6.947194277
5225,"Kubernetes, Scala","Java, Docker",0.013143386,0.861271676,0.997914766,-0.017377497,0.012333687,16.23242952,6.825868507
5226,"AWS, HTML/CSS",SQL,0.011511489,0.861386139,0.998172006,-0.015216337,0.008642194,4.011957256,5.665344557
5227,"Java, AWS, GCP",Python,0.017818551,0.861407249,0.997191254,-0.023552243,0.011622876,2.875966215,5.054238013
5228,"SQL, Java, Kubernetes",Python,0.031006042,0.861519608,0.995189238,-0.040973846,0.020226361,2.876341344,5.058338853
5229,"Java, TypeScript, HTML/CSS",SQL,0.012084859,0.86163522,0.998086208,-0.015966127,0.009073519,4.013117368,5.675543197
5230,"SQL, Kubernetes, Docker",Python,0.035989944,0.861668427,0.994453853,-0.047545539,0.023479701,2.876838203,5.063780675
5231,"Python, Kubernetes, TypeScript",Java,0.012128964,0.862068966,0.998086291,-0.016010232,0.009697051,4.987417621,5.996846469
5232,"AWS, JavaScript, HTML/CSS",SQL,0.011026331,0.862068966,0.998258067,-0.014554757,0.008280141,4.015137563,5.693390817
5233,"TypeScript, HTML/CSS",SQL,0.012966965,0.862170088,0.997957765,-0.017112866,0.009737824,4.015608547,5.69756792
5234,"Java, Software Engineering, Go",AWS,0.010761699,0.862190813,0.998301098,-0.014201914,0.008686261,5.185265861,6.049835623
5235,"Python, Azure",AWS,0.034269836,0.862375139,0.994739968,-0.045207957,0.027662169,5.186374409,6.057938389
5236,"Python, Kubernetes, Scala",AWS,0.012437701,0.862385321,0.998043478,-0.01640718,0.01003958,5.186435646,6.058386627
5237,"Docker, Agile, NoSQL",Python,0.011335068,0.862416107,0.998215141,-0.014951705,0.007398371,2.879334472,5.091299095
5238,"Scala, Hive",Hadoop,0.010232435,0.862453532,0.998387237,-0.013496229,0.009841021,26.14225792,7.030418369
5239,"AWS, Docker, GCP",Python,0.013319808,0.862857143,0.997915128,-0.017553919,0.00869617,2.88080695,5.107672121
5240,"SQL, Java, RDBMS",Docker,0.01027654,0.862962963,0.998387308,-0.013540334,0.009093207,8.684402689,6.572170018
5241,"Python, Agile, NoSQL",AWS,0.01640718,0.863109049,0.99744633,-0.021611609,0.013246354,5.190788186,6.090416661
5242,"SQL, Machine Learning, Data Visualization",Python,0.010011908,0.863117871,0.998430415,-0.013187492,0.006537575,2.881677438,5.11740102
5243,"Python, AWS, TypeScript",Java,0.014201914,0.863270777,0.997787035,-0.018700657,0.01135833,4.994370589,6.049557087
5244,HTML/CSS,TypeScript,0.015039915,0.863291139,0.997659095,-0.01980329,0.01437142,22.49816092,7.034133437
5245,"Java, HTML/CSS",SQL,0.013408018,0.863636364,0.997915309,-0.017642129,0.010074712,4.022437813,5.758832091
5246,"Docker, NoSQL",AWS,0.018436025,0.863636364,0.99714989,-0.024257928,0.014886513,5.193959489,6.113968156
5247,"SQL, JavaScript, HTML/CSS",Python,0.012040753,0.863924051,0.99812954,-0.015833811,0.007866269,2.884369018,5.147718985
5248,"SQL, Kubernetes, NoSQL",AWS,0.017377497,0.864035088,0.997319383,-0.022846558,0.014033328,5.196357439,6.131897681
5249,"Java, Kubernetes, Go",SQL,0.024390244,0.8640625,0.996268177,-0.03206457,0.018329687,4.024422568,5.776884856
5250,"Go, Cloud Computing",Java,0.010100119,0.864150943,0.998430552,-0.013275702,0.008079878,4.999462705,6.088752162
5251,"Docker, JavaScript, Go",TypeScript,0.011511489,0.864238411,0.998215452,-0.015128126,0.011000387,22.52284768,7.083213837
5252,"Tableau, R","Python, SQL",0.016892339,0.864559819,0.997404395,-0.022184978,0.014270007,6.441723558,6.392397712
5253,"Docker, HTML/CSS","SQL, Java",0.010144224,0.864661654,0.99843062,-0.013319808,0.009195231,10.68946221,6.791207849
5254,"Docker, Agile",Kubernetes,0.02311119,0.864686469,0.996477512,-0.030344463,0.020252504,8.084551053,6.599817339
5255,"SQL, AWS, Docker",Python,0.029594672,0.864690722,0.995522197,-0.03885679,0.019343407,2.88692869,5.17688629
5256,"AWS, Docker, Go",Python,0.023684559,0.8647343,0.996393921,-0.031094253,0.015480904,2.887074182,5.178554101
5257,"Kubernetes, Docker, Go",Python,0.026639615,0.865329513,0.995977921,-0.034931416,0.017418761,2.889061412,5.20144215
5258,"Python, NoSQL, RDBMS",AWS,0.010497067,0.865454545,0.998387659,-0.013760861,0.008480298,5.20489414,6.196589347
5259,"Python, Java, TypeScript",SQL,0.015348653,0.865671642,0.997659805,-0.020112028,0.011541865,4.031917242,5.846087123
5260,"Python, Kubernetes, GCP",Docker,0.012790544,0.865671642,0.998044159,-0.016760023,0.011322334,8.7116614,6.704695257
5261,"NoSQL, Hadoop",Spark,0.011114542,0.865979381,0.99830169,-0.014554757,0.010571674,20.4737753,7.14593773
5262,"Agile, Scala","Python, Java",0.015128126,0.866161616,0.997702545,-0.01980329,0.013241586,8.018980124,6.664650582
5263,"Java, Docker",Kubernetes,0.045957747,0.866167914,0.993256827,-0.060159661,0.040282832,8.098402105,6.672873555
5264,"SQL, Java, Docker",Python,0.030873726,0.866336634,0.995400537,-0.040400476,0.020199729,2.892423869,5.240633744
5265,"SQL, AWS, JavaScript",Java,0.018303709,0.866388309,0.99723566,-0.023949191,0.014652029,5.012406769,6.190710041
5266,Bash,Python,0.019494553,0.866666667,0.997066816,-0.025492877,0.012757252,2.893525745,5.25360561
5267,"Python, Java, RDBMS",NoSQL,0.011467384,0.866666667,0.998258826,-0.01499581,0.010816105,17.60746714,7.130838442
5268,"SQL, HTML/CSS",Python,0.012658228,0.867069486,0.998087289,-0.016539496,0.008285588,2.894870632,5.269525627
5269,"SQL, HTML/CSS","JavaScript, TypeScript",0.012658228,0.867069486,0.998087289,-0.016539496,0.012224248,29.1677544,7.299099249
5270,"JavaScript, TypeScript, HTML/CSS",SQL,0.012658228,0.867069486,0.998087289,-0.016539496,0.009523783,4.038427787,5.907562259
5271,"Go, NoSQL","Python, Kubernetes",0.011511489,0.867109635,0.998258901,-0.015039915,0.010592209,12.52227818,7.003928682
5272,"Docker, Go","Java, Kubernetes",0.027345301,0.867132867,0.995938088,-0.035725312,0.025645651,16.08879173,7.120672165
5273,"Kubernetes, Azure",AWS,0.018436025,0.867219917,0.997236018,-0.024081507,0.01490118,5.215511188,6.278975819
5274,"Agile, Azure",AWS,0.012966965,0.867256637,0.998044499,-0.016936444,0.010480839,5.215732025,6.280712742
5275,"Java, Kubernetes, Scala",AWS,0.012393596,0.867283951,0.998130191,-0.016186654,0.010017476,5.21589629,6.282005336
5276,"AWS, JavaScript, Go",TypeScript,0.013275702,0.867435159,0.998001738,-0.017333392,0.012688442,22.60615787,7.254022693
5277,"AWS, Open Source RDBMS",SQL,0.012702333,0.86746988,0.998087372,-0.016583602,0.009558419,4.040292641,5.925409879
5278,"SQL, Agile, JavaScript",Java,0.010982226,0.867595819,0.998344948,-0.01433423,0.008794267,5.019392702,6.247168554
5279,"Python, SQL, Scala",Java,0.024875402,0.867692308,0.996312653,-0.032461518,0.019920095,5.019950929,6.251724467
5280,"Docker, Software Engineering",Kubernetes,0.017950867,0.867803838,0.997320888,-0.023419927,0.015738452,8.113697492,6.755450209
5281,"Java, Agile, NoSQL",Python,0.016230759,0.867924528,0.997575443,-0.021170555,0.010629552,2.897725347,5.303639949
5282,"Java, Agile, NoSQL",SQL,0.016230759,0.867924528,0.997575443,-0.021170555,0.01221564,4.042410195,5.945807159
5283,"Python, Docker, DevOps",Kubernetes,0.0115997,0.867986799,0.998259053,-0.015128126,0.010170357,8.115408118,6.764812773
5284,"SQL, AWS, Open Source RDBMS",Kubernetes,0.011026331,0.868055556,0.99834502,-0.014378335,0.009667748,8.116050974,6.768337949
5285,"AWS, Kubernetes, Go",Java,0.024698981,0.868217054,0.996354747,-0.032196886,0.019781791,5.022986801,6.276618211
5286,"Python, AWS, Kubernetes",Docker,0.038107,0.868341709,0.994465101,-0.049662594,0.033746198,8.738531539,6.84066834
5287,"SQL, Java, HTML/CSS",Python,0.011643805,0.868421053,0.998259129,-0.015172231,0.007627846,2.899383084,5.323653685
5288,"Java, Hive","Python, Hadoop",0.01018833,0.868421053,0.998474214,-0.013275702,0.009869584,31.96381579,7.393516517
5289,"Docker, Go",AWS,0.027389406,0.868531469,0.995980845,-0.035681207,0.022145808,5.223398935,6.341615906
5290,"Python, AWS, RDBMS",NoSQL,0.010497067,0.868613139,0.998431167,-0.01367265,0.009902232,17.64701227,7.236480493
5291,"SQL, TypeScript",Java,0.017509813,0.868708972,0.997405966,-0.022802452,0.014025851,5.025832741,6.300135256
5292,"Agile, TypeScript",AWS,0.010805804,0.868794326,0.998388151,-0.014069598,0.0087377,5.224979777,6.354320712
5293,"Python, JavaScript, TypeScript",SQL,0.016363075,0.868852459,0.997575758,-0.021302871,0.012319547,4.046732088,5.987876549
5294,"SQL, JavaScript, TypeScript",Python,0.016363075,0.868852459,0.997575758,-0.021302871,0.010722237,2.900823414,5.341165704
5295,"Python, Java, Open Source RDBMS",SQL,0.013452124,0.868945869,0.998002085,-0.017509813,0.010128287,4.04716715,5.992144458
5296,"Python, Spark, Hive",Hadoop,0.011996648,0.869009585,0.998216306,-0.015613285,0.011541211,26.3409817,7.382289884
5297,"Python, AWS, Microsoft Azure",Java,0.013187492,0.869186047,0.998044923,-0.017156971,0.01056499,5.028592813,6.32311168
5298,"Python, SQL, RDBMS",AWS,0.01027654,0.869402985,0.998474347,-0.013363913,0.008311108,5.228640287,6.383935581
5299,"Scala, Hive",Spark,0.010320646,0.869888476,0.998474414,-0.013408018,0.00981882,20.56619543,7.360631588
5300,"Kafka, Snowflake","Python, Spark",0.010320646,0.869888476,0.998474414,-0.013408018,0.009877951,23.3132168,7.398936432
5301,"Java, CSS",HTML,0.013275702,0.869942197,0.998045093,-0.017245181,0.012718403,23.82149689,7.408096757
5302,"Go, Open Source RDBMS","Python, Java",0.010629383,0.870036101,0.998431373,-0.013804966,0.009309758,8.054850355,6.863337205
5303,"SQL, Data Science",Python,0.017421603,0.870044053,0.997448869,-0.022626031,0.011424084,2.904801769,5.390139993
5304,"SQL, HTML/CSS",Go,0.012702333,0.870090634,0.99813076,-0.016495391,0.011777067,13.72829851,7.209800818
5305,"Java, JavaScript, HTML/CSS",SQL,0.01301107,0.87020649,0.998087954,-0.016892339,0.009800869,4.053038566,6.05034322
5306,"Kubernetes, Agile",Docker,0.02311119,0.870431894,0.996648765,-0.02999162,0.020472795,8.759566057,6.951021604
5307,"Go, NoSQL","AWS, Docker",0.011555595,0.870431894,0.998302429,-0.01499581,0.010754591,14.42639059,7.252277927
5308,"SQL, Kubernetes, Agile",Java,0.016010232,0.870503597,0.997661325,-0.020773607,0.012831212,5.036215376,6.387445665
5309,"Java, AWS, NoSQL",SQL,0.021655714,0.870567376,0.996858458,-0.028095091,0.016314848,4.054719415,6.067212888
5310,"SQL, AWS, Kubernetes",Python,0.029374145,0.870588235,0.99577609,-0.038107,0.019268194,2.906618622,5.41280578
5311,"Java, NoSQL, RDBMS",AWS,0.010982226,0.870629371,0.998388432,-0.014246019,0.008884786,5.236015841,6.444452921
5312,GCP,AWS,0.036827945,0.870698644,0.994752877,-0.047766065,0.029794923,5.236432458,6.447905566
5313,"Python, NoSQL databases",Java,0.010408856,0.870848708,0.998474547,-0.013496229,0.008342874,5.038211985,6.404513865
5314,"Kubernetes, HTML/CSS","SQL, Java",0.010144224,0.871212121,0.998517679,-0.013143386,0.009202367,10.77044298,7.13662532
5315,"Docker, Scala",AWS,0.012834649,0.871257485,0.998131004,-0.016627707,0.010385192,5.239793358,6.475894389
5316,"AWS, Kubernetes, Go",Python,0.024787192,0.871317829,0.996440518,-0.032108676,0.016266488,2.909054506,5.44349497
5317,"SQL, Open Source RDBMS","Python, Java",0.013452124,0.871428571,0.998045433,-0.017421603,0.011784727,8.067741935,6.937669377
5318,"AWS, Scala",Java,0.025713404,0.871449925,0.996315654,-0.033299519,0.020613248,5.041690267,6.434467182
5319,"Python, Scala, Hadoop",Spark,0.012570017,0.871559633,0.998173913,-0.016274864,0.011959991,20.60570548,7.456401888
5320,"NoSQL, Scala","Python, Java",0.014113704,0.871934605,0.997960069,-0.018259604,0.012365319,8.072426826,6.96508266
5321,Go,Python,0.05526397,0.871955463,0.992368312,-0.071494729,0.036280635,2.911183361,5.470602364
5322,"Go, HTML/CSS","JavaScript, TypeScript",0.011114542,0.871972318,0.998388642,-0.014378335,0.010735628,29.33268305,7.578618931
5323,"Docker, HTML/CSS","JavaScript, TypeScript",0.010232435,0.872180451,0.998517808,-0.013231597,0.009883678,29.33968452,7.590959446
5324,"SQL, JavaScript, Go",TypeScript,0.014510651,0.872679045,0.99791757,-0.018744762,0.013872619,22.74281838,7.552789478
5325,Hive,Python,0.016363075,0.872941176,0.997662135,-0.02112645,0.010748658,2.914474348,5.513042924
5326,"Python, Data Analysis, Data Visualization",SQL,0.014246019,0.872972973,0.997960335,-0.01839192,0.01074226,4.065923627,6.182111819
5327,"Python, Agile practices",SQL,0.010320646,0.873134328,0.998517937,-0.013319808,0.007782787,4.066675149,6.189974601
5328,"Python, Docker, Go",AWS,0.023684559,0.873170732,0.996650636,-0.030564989,0.019174331,5.251299735,6.573584643
5329,"AWS, Agile, NoSQL",Python,0.01640718,0.873239437,0.997662236,-0.021170555,0.010779553,2.915470144,5.52601479
5330,"Python, HTML/CSS","JavaScript, Go",0.011246857,0.873287671,0.998388853,-0.014510651,0.010995224,44.69537555,7.737694913
5331,"SQL, Kubernetes, Software Engineering",Java,0.011246857,0.873287671,0.998388853,-0.014510651,0.009020781,5.05232237,6.527788142
5332,"SQL, Docker, Open Source RDBMS",Go,0.011555595,0.873333333,0.998345884,-0.014907599,0.010716985,13.77946184,7.394373554
5333,"Data Visualization, R",SQL,0.014907599,0.873385013,0.997875108,-0.019229921,0.011242856,4.067842728,6.202230109
5334,"Python, Agile, JavaScript",Java,0.010982226,0.873684211,0.998431919,-0.014157809,0.008809514,5.054616511,6.548280627
5335,"Kubernetes, Open Source RDBMS","SQL, Java",0.011908437,0.873786408,0.99830302,-0.015348653,0.010806036,10.80226784,7.28218586
5336,"AWS, Agile, JavaScript",Java,0.012217175,0.873817035,0.998260113,-0.0157456,0.009800509,5.055384952,6.555173554
5337,"Docker, TypeScript",JavaScript,0.016495391,0.873831776,0.997662439,-0.021258766,0.014935969,10.57788994,7.271170964
5338,"Java, AWS, NoSQL",Python,0.021743924,0.874113475,0.996944528,-0.02800688,0.014293263,2.918388282,5.56438228
5339,"SQL, Machine Learning",Python,0.022978874,0.874161074,0.996776828,-0.029594672,0.015105479,2.918547199,5.566487011
5340,"AWS, Snowflake",Python,0.012570017,0.874233129,0.998217314,-0.016186654,0.008263429,2.918787768,5.569676192
5341,"Go, TypeScript","Java, JavaScript",0.014731178,0.87434555,0.997918022,-0.018965289,0.013916001,18.07113642,7.573280995
5342,"SQL, Docker, JavaScript",Java,0.01565739,0.874384236,0.997790199,-0.020156133,0.012562228,5.058666444,6.584772594
5343,"AWS, Kubernetes, NoSQL",Java,0.016274864,0.874407583,0.997705131,-0.020950029,0.013057726,5.058801513,6.585996643
5344,"Kubernetes, Go, TypeScript",Java,0.010761699,0.874551971,0.998475078,-0.013849072,0.008634728,5.059636858,6.593577005
5345,"Java, Scala, Hadoop",Spark,0.011687911,0.874587459,0.9983461,-0.015039915,0.011122657,20.67729036,7.636421248
5346,"Python, JavaScript, Go",TypeScript,0.015701495,0.874692875,0.997790295,-0.020200238,0.015012691,22.79530063,7.67417149
5347,"Python, Open Source RDBMS",SQL,0.014510651,0.875,0.997960866,-0.018656552,0.010950074,4.075364626,6.282362281
5348,"Java, Kubernetes, Go",AWS,0.024698981,0.875,0.996568438,-0.031755833,0.020005411,5.262301061,6.669783443
5349,"Kubernetes, HTML/CSS","JavaScript, TypeScript",0.01018833,0.875,0.998561277,-0.013099281,0.009842194,29.43453264,7.762184096
5350,"SQL, Kubernetes, Agile",Python,0.016098443,0.87529976,0.997747943,-0.020685397,0.010589709,2.922348912,5.617316768
5351,"AWS, Kubernetes, Jenkins",Docker,0.010541172,0.875457875,0.99851826,-0.013540334,0.009344691,8.810144878,7.231534787
5352,"Kubernetes, Scala",SQL,0.013363913,0.875722543,0.998131978,-0.017156971,0.010087424,4.078729915,6.318887643
5353,"AWS, Docker",Kubernetes,0.052838178,0.875730994,0.992928747,-0.067833988,0.046384907,8.187813951,7.186382352
5354,"SQL, Docker, Agile",Python,0.016804128,0.875862069,0.997663147,-0.021567503,0.011057607,2.924226283,5.642761581
5355,"SQL, Docker, Agile",Java,0.016804128,0.875862069,0.997663147,-0.021567503,0.013487884,5.067216303,6.663162744
5356,"Python, JavaScript, TypeScript",Java,0.016495391,0.87587822,0.997705628,-0.021170555,0.013240135,5.067309744,6.664029779
5357,"Docker, HTML/CSS","Java, JavaScript",0.01027654,0.87593985,0.998561402,-0.013187492,0.009708904,18.1040877,7.670605406
5358,"Docker, Open Source RDBMS","SQL, Java",0.012173069,0.876190476,0.998303463,-0.015613285,0.011049262,10.83198837,7.423587527
5359,"Docker, Microservices",Kubernetes,0.01499581,0.87628866,0.997918564,-0.019229921,0.013165496,8.193027952,7.218777106
5360,"SQL, Java, TypeScript",Python,0.015348653,0.876574307,0.997876029,-0.019670974,0.010104126,2.926604222,5.675323612
5361,"SQL, JavaScript, HTML/CSS",Go,0.012217175,0.876582278,0.998303536,-0.01565739,0.011333839,13.83072373,7.589028857
5362,"Python, HTML/CSS","Java, JavaScript",0.011290963,0.876712329,0.998432397,-0.014466546,0.010667843,18.12005345,7.718666843
5363,"SQL, AWS, Software Engineering",Java,0.013496229,0.876790831,0.998132221,-0.017289287,0.01083561,5.072589566,6.713390274
5364,"Kubernetes, Docker, Go",AWS,0.026992458,0.876790831,0.996320226,-0.034578574,0.021873533,5.273071223,6.76672797
5365,"Java, Hadoop",Python,0.016671812,0.877030162,0.997706025,-0.021346977,0.010978133,2.928126178,5.696362309
5366,"Go, NoSQL","Python, AWS",0.011643805,0.877076412,0.998389484,-0.014907599,0.010277766,8.523769176,7.29804828
5367,"Go, NoSQL","Java, Docker",0.011643805,0.877076412,0.998389484,-0.014907599,0.010939414,16.53030215,7.703495406
5368,"SQL, Kubernetes, Go",AWS,0.022670136,0.877133106,0.996904424,-0.029021303,0.018372586,5.275129684,6.785578294
5369,"Cloud Computing, NoSQL",SQL,0.011026331,0.877192982,0.998475477,-0.014113704,0.008327489,4.085578573,6.394547322
5370,"Java, NoSQL databases",Python,0.010408856,0.87732342,0.99856159,-0.013319808,0.00685526,2.929105272,5.709979431
5371,"Java, Docker, Go",Python,0.024302033,0.877388535,0.996695421,-0.031094253,0.016005906,2.92932267,5.713011815
5372,"SQL, Kubernetes, Cloud Computing",Python,0.010100119,0.877394636,0.998604692,-0.01292286,0.006652206,2.92934304,5.713296101
5373,"Python, Kubernetes, NoSQL",AWS,0.015833811,0.877750611,0.99783381,-0.020244343,0.012834326,5.278843398,6.81985357
5374,"Kubernetes, Docker, NoSQL",AWS,0.017421603,0.877777778,0.997621416,-0.022273188,0.014121436,5.279006779,6.82136943
5375,"Python, SQL, TypeScript",Go,0.014907599,0.877922078,0.997961662,-0.0190535,0.013831383,13.8518631,7.672318091
5376,"Software Engineering, Go",Python,0.01301107,0.87797619,0.998218089,-0.016627707,0.008572378,2.931284666,5.740525155
5377,"AWS, Docker, NoSQL",Java,0.016186654,0.877990431,0.997791347,-0.020685397,0.01300001,5.079529736,6.779396414
5378,"SQL, Kubernetes, JavaScript",Java,0.015877916,0.87804878,0.997833904,-0.020288449,0.012752261,5.079867313,6.782640145
5379,"Docker, Go",Java,0.027698143,0.878321678,0.996280144,-0.035372469,0.022247304,5.081446137,6.797852121
5380,"Java, Docker, TypeScript",SQL,0.012746438,0.878419453,0.998261021,-0.016274864,0.009630933,4.091290932,6.45905372
5381,"SQL, Docker, Go",AWS,0.022670136,0.878632479,0.996947287,-0.028933092,0.018379919,5.284146999,6.869407243
5382,"SQL, Docker, Software Engineering",Python,0.011202752,0.878892734,0.998475743,-0.014290125,0.007384948,2.934344713,5.783969605
5383,"Scala, Hadoop",Python,0.014422441,0.879032258,0.998047299,-0.01839192,0.009508174,2.934810541,5.79064085
5384,"Python, Docker, Agile",AWS,0.017642129,0.879120879,0.99762193,-0.022493715,0.014305294,5.287084269,6.897162424
5385,Spring Boot,Java,0.011246857,0.879310345,0.998475809,-0.01433423,0.009036028,5.087165973,6.853538822
5386,"SQL, AWS, TypeScript",Python,0.013496229,0.879310345,0.998175579,-0.017201076,0.008899012,2.935738985,5.803983341
5387,"AWS, Docker, DevOps",Kubernetes,0.011246857,0.879310345,0.998475809,-0.01433423,0.00987884,8.221279772,7.399512321
5388,"Python, Data Analysis, R",SQL,0.012217175,0.879365079,0.998346964,-0.015569179,0.009234244,4.095695243,6.509684601
5389,"Agile, TypeScript",JavaScript,0.01093812,0.879432624,0.998518841,-0.013937282,0.009910651,10.64568921,7.608946635
5390,"SQL, Microsoft Azure",Python,0.012570017,0.87962963,0.998304127,-0.016010232,0.00828985,2.936804976,5.819378522
5391,"Java, Kubernetes, Go",Python,0.024831297,0.8796875,0.996697122,-0.031623517,0.016376645,2.936998187,5.822177646
5392,"Python, Docker, NoSQL",Java,0.015172231,0.879795396,0.997962192,-0.019318132,0.012191423,5.089972193,6.881194335
5393,"JavaScript, Microsoft Azure",TypeScript,0.010011908,0.879844961,0.998648118,-0.012746438,0.009575271,22.92956874,8.003229648
5394,"Python, HTML/CSS","Java, TypeScript",0.011335068,0.880136986,0.998475942,-0.014422441,0.011019248,35.89090987,8.138268929
5395,"Docker, Scala","Python, SQL",0.012966965,0.880239521,0.998261399,-0.016495391,0.010989857,6.558550989,7.22932563
5396,"AWS, Go",Python,0.032770255,0.880331754,0.995705235,-0.041679531,0.021620683,2.939149146,5.85352229
5397,"Go, NoSQL","Java, Kubernetes",0.011687911,0.880398671,0.998433011,-0.014863494,0.010972394,16.33492559,7.910474769
5398,"Java, Docker, Go",SQL,0.024390244,0.880573248,0.996781254,-0.031006042,0.018443322,4.101322363,6.575539188
5399,"Python, Docker, Open Source RDBMS",Go,0.011070436,0.880701754,0.998519035,-0.014069598,0.010273757,13.89572086,7.851084861
5400,"AWS, Software Engineering, Go",Java,0.010761699,0.880866426,0.998562092,-0.01367265,0.008649975,5.096168532,6.943057354
5401,"Go, Open Source RDBMS","Java, Kubernetes",0.010761699,0.880866426,0.998562092,-0.01367265,0.010103233,16.34360432,7.941533716
5402,"Agile, Go","Java, AWS",0.01565739,0.8808933,0.997919917,-0.019891501,0.014212574,10.83694726,7.713368691
5403,"SQL, TypeScript, HTML/CSS",Go,0.011423279,0.880952381,0.998476074,-0.014510651,0.010601441,13.89967525,7.867613461
5404,"Kafka, Snowflake",Spark,0.010452962,0.881040892,0.998605178,-0.013275702,0.009951136,20.8298646,8.0506908
5405,"SQL, Scala, Spark",Python,0.010452962,0.881040892,0.998605178,-0.013275702,0.006899366,2.941516735,5.888416288
5406,"Python, Kubernetes, Agile",AWS,0.017024655,0.881278539,0.997749989,-0.021611609,0.013812493,5.30006056,7.022512375
5407,"AWS, Docker, TypeScript",JavaScript,0.012834649,0.881818182,0.998304569,-0.016274864,0.011632291,10.67456681,7.762536938
5408,"Java, Docker, Agile",AWS,0.017818551,0.88209607,0.997665471,-0.022581926,0.014459714,5.304977239,7.071205595
5409,Spark,Python,0.037313104,0.882168926,0.995218348,-0.047280907,0.024644336,2.945282883,5.944787941
5410,"Go, HTML/CSS","Python, JavaScript",0.011246857,0.882352941,0.998519293,-0.014246019,0.010745388,22.4277895,8.165593437
5411,"SQL, Docker, Software Engineering",Java,0.011246857,0.882352941,0.998519293,-0.014246019,0.009043651,5.104768623,7.030785516
5412,"SQL, Azure, GCP",Python,0.01093812,0.882562278,0.998562342,-0.013849072,0.007226,2.94659616,5.964699703
5413,"Kubernetes, HTML/CSS","Java, JavaScript",0.01027654,0.882575758,0.998648472,-0.01301107,0.009713172,18.24123988,8.104088563
5414,"Java, Kubernetes, NoSQL",AWS,0.016274864,0.88277512,0.997877961,-0.020597186,0.013209376,5.309061084,7.112167039
5415,"SQL, GCP",Python,0.018303709,0.882978723,0.997623471,-0.023155295,0.012094824,2.94798654,5.985926392
5416,"Docker, Scala","SQL, Java",0.01301107,0.883233533,0.998304864,-0.016451286,0.011819478,10.91905883,7.871359473
5417,"Kubernetes, Open Source RDBMS","Python, SQL",0.012040753,0.883495146,0.998433557,-0.015216337,0.010211632,6.582808228,7.431342713
5418,"Docker, Ansible",Kubernetes,0.013716756,0.883522727,0.998219327,-0.017333392,0.012056265,8.260664246,7.667114533
5419,"Java, Go",Python,0.0347991,0.883538634,0.995586862,-0.043973008,0.023002219,2.949855904,6.014704884
5420,"SQL, Kubernetes, Software Engineering",Python,0.011379173,0.883561644,0.998519486,-0.014378335,0.007521739,2.949932727,6.015893483
5421,"JavaScript, Microsoft Azure",Java,0.010056014,0.88372093,0.998691727,-0.012702333,0.008089138,5.112682993,7.11350064
5422,"Java, Docker, Go",AWS,0.024478455,0.883757962,0.996867087,-0.030917832,0.019872888,5.314971954,7.172301373
5423,"AWS, RDBMS",Python,0.012084859,0.883870968,0.998433625,-0.015260442,0.007989637,2.950965462,6.031917552
5424,"Kubernetes, Docker, Scala",AWS,0.012084859,0.883870968,0.998433625,-0.015260442,0.00981141,5.315651579,7.179280789
5425,Verbal Communication,Written Communication,0.012437701,0.884012539,0.998390745,-0.015701495,0.01219693,51.65777397,8.47408097
5426,"Python, AWS, Scala",Java,0.02527235,0.884259259,0.996784014,-0.031888149,0.02033229,5.115797445,7.146586689
5427,"Java, Machine Learning",Python,0.015172231,0.884318766,0.998048738,-0.01914171,0.010033388,2.952460519,6.055266911
5428,"Go, Open Source RDBMS","Java, Docker",0.010805804,0.884476534,0.998605664,-0.013628545,0.010157577,16.66977262,8.196960592
5429,"AWS, HTML/CSS","JavaScript, TypeScript",0.011820227,0.884488449,0.998476671,-0.014907599,0.011422958,29.75371899,8.399792075
5430,"Python, Kubernetes, Software Engineering",Docker,0.013540334,0.884726225,0.998262381,-0.01706876,0.012019532,8.903416642,7.812971376
5431,"Go, TypeScript",SQL,0.014907599,0.884816754,0.99809152,-0.018788868,0.011290204,4.121086742,6.817790885
5432,"Go, TypeScript","Python, SQL",0.014907599,0.884816754,0.99809152,-0.018788868,0.012646356,6.59265536,7.516609664
5433,"Python, AWS, Open Source RDBMS",SQL,0.011864332,0.884868421,0.998476738,-0.014951705,0.008985567,4.121327385,6.820850477
5434,"SQL, Java, HTML/CSS",Go,0.011864332,0.884868421,0.998476738,-0.014951705,0.011014541,13.96146257,8.135219361
5435,"Java, RDBMS",Python,0.013231597,0.884955752,0.998305232,-0.016671812,0.008753274,2.954587214,6.088794194
5436,"Go, Scala","Python, SQL",0.013231597,0.884955752,0.998305232,-0.016671812,0.011224891,6.593691019,7.525691351
5437,"SQL, Go","Python, Java",0.029197724,0.885026738,0.996328082,-0.03678384,0.02563426,8.193634639,7.758204359
5438,"SQL, Kubernetes, Cloud Computing",Java,0.01018833,0.885057471,0.998691898,-0.012834649,0.008198583,5.120415424,7.196215763
5439,"SQL, JavaScript, TypeScript",Java,0.016671812,0.885245902,0.997878788,-0.020994134,0.013416556,5.12150557,7.208032209
5440,"Python, Tableau, Power BI",SQL,0.011952543,0.885620915,0.99847687,-0.015039915,0.009054839,4.124832171,6.865724493
5441,"Docker, Open Source RDBMS","Python, SQL",0.012305385,0.885714286,0.998433966,-0.015480969,0.010440747,6.599342754,7.57564063
5442,"Docker, Open Source RDBMS","Python, Kubernetes",0.012305385,0.885714286,0.998433966,-0.015480969,0.011343347,12.79095541,8.144103118
5443,"Agile, Go",SQL,0.0157456,0.885856079,0.998006587,-0.01980329,0.011929343,4.125927463,6.879869563
5444,"Python, Java, Kubernetes",Docker,0.034931416,0.88590604,0.995671914,-0.043928902,0.031013269,8.915289681,7.893763248
5445,"Python, Hadoop, Hive",Spark,0.011996648,0.885993485,0.998476936,-0.015084021,0.011423932,20.94695547,8.400423411
5446,"Java, HTML/CSS","JavaScript, TypeScript",0.013760861,0.886363636,0.998262758,-0.017289287,0.013299347,29.8167993,8.538402505
5447,"AWS, Agile practices",Java,0.010673488,0.886446886,0.998649002,-0.013408018,0.008592259,5.128453753,7.284267347
5448,"Java, Kubernetes, TypeScript",SQL,0.012746438,0.886503067,0.998391234,-0.016010232,0.009659342,4.128940848,6.919088188
5449,"Go, Cloud Computing",Python,0.010364751,0.886792453,0.998692127,-0.01301107,0.006863997,2.960719376,6.187579941
5450,"Go, Cloud Computing",AWS,0.010364751,0.886792453,0.998692127,-0.01301107,0.008421319,5.33322156,7.364552551
5451,"Python, HTML/CSS","Go, TypeScript",0.011423279,0.886986301,0.998563031,-0.01433423,0.011206295,52.64565553,8.699403509
5452,"Java, AWS, Go",Python,0.028050986,0.887029289,0.996536982,-0.035196048,0.018579134,2.961510096,6.200551807
5453,"Go, NoSQL","Python, Java",0.011776121,0.887043189,0.998520066,-0.014775283,0.01034216,8.212303076,7.896700143
5454,"Go, NoSQL","AWS, Kubernetes",0.011776121,0.887043189,0.998520066,-0.014775283,0.010947012,14.20334056,8.300047219
5455,"Python, Data Visualization, R",SQL,0.014554757,0.887096774,0.998177479,-0.018259604,0.011032058,4.131706073,6.955472526
5456,"AWS, Kubernetes, TypeScript",JavaScript,0.012481807,0.887147335,0.998434238,-0.01565739,0.011319527,10.73907717,8.129101183
5457,"Java, JavaScript, Go",SQL,0.015613285,0.887218045,0.998049584,-0.019582764,0.011834906,4.132270899,6.962951528
5458,"Hadoop, Hive",Python,0.013540334,0.887283237,0.998305747,-0.01698055,0.008969538,2.962357949,6.214521508
5459,"Go, TypeScript","Python, Java",0.014951705,0.887434555,0.998134895,-0.018744762,0.013131861,8.215926364,7.924155255
5460,"SQL, Java, Hadoop",Python,0.010805804,0.887681159,0.998649179,-0.013540334,0.007159736,2.963686486,6.236538273
5461,"SQL, Kubernetes, Open Source RDBMS",Go,0.011511489,0.887755102,0.998563156,-0.014422441,0.010689652,14.00700865,8.344438519
5462,"SQL, Kubernetes, Scala",AWS,0.011864332,0.887788779,0.998520195,-0.014863494,0.00964222,5.339213523,7.429942585
5463,"Data Analysis, Tableau, Data Visualization",SQL,0.012570017,0.887850467,0.998434374,-0.0157456,0.009530269,4.135216443,7.002216293
5464,"Java, Docker, Scala",AWS,0.012570017,0.887850467,0.998434374,-0.0157456,0.010215898,5.339584521,7.434029462
5465,"SQL, AWS, Microsoft Azure",Java,0.010144224,0.888030888,0.998735392,-0.012702333,0.008169725,5.137617842,7.387316221
5466,"Kubernetes, Go",Docker,0.030785516,0.888040712,0.996248774,-0.038548053,0.027340702,8.936771892,8.044269716
5467,"SQL, HTML/CSS",TypeScript,0.012966965,0.888217523,0.998391584,-0.016230759,0.012406783,23.14776539,8.602675405
5468,"Kubernetes, Docker, Go",Java,0.027345301,0.888252149,0.99666253,-0.034225731,0.022024062,5.138897927,7.401943122
5469,"NoSQL, Scala",Java,0.014378335,0.888283379,0.998220486,-0.017994972,0.011580492,5.139078603,7.404012294
5470,"Agile, Go","Python, AWS",0.015789706,0.888337469,0.998049922,-0.019759185,0.013960756,8.633208502,8.03404931
5471,"SQL, Java, RDBMS",AWS,0.010585278,0.888888889,0.998692412,-0.013231597,0.008605178,5.345829649,7.503506373
5472,"SQL, AWS, Open Source RDBMS",Docker,0.011290963,0.888888889,0.998606332,-0.014113704,0.010028741,8.945307491,8.105676355
5473,"SQL, AWS, HTML/CSS",Go,0.010232435,0.888888889,0.998735502,-0.012790544,0.009502844,14.02489755,8.429585851
5474,"Java, Go, HTML/CSS",TypeScript,0.010585278,0.888888889,0.998692412,-0.013231597,0.010128331,23.16526181,8.654655317
5475,"AWS, Docker, JavaScript",Kubernetes,0.015877916,0.888888889,0.998050091,-0.019847396,0.013967409,8.310836197,8.037401314
5476,"Docker, Scala","Python, Kubernetes",0.013099281,0.889221557,0.998391794,-0.016363075,0.012079215,12.84160532,8.40194731
5477,"Java, AWS, RDBMS",NoSQL,0.010982226,0.889285714,0.998649414,-0.013716756,0.010374365,18.06700269,8.587676404
5478,"NoSQL, RDBMS",Python,0.012128964,0.889967638,0.998520581,-0.015128126,0.008046952,2.971320313,6.366133857
5479,"JavaScript, CSS",HTML,0.023552243,0.89,0.997164096,-0.029374145,0.022585828,24.37073671,8.758916292
5480,"Python, AWS, TypeScript",JavaScript,0.014642967,0.890080429,0.998220949,-0.018259604,0.013283939,10.77458279,8.346018096
5481,"Azure, Scala","Python, AWS",0.010011908,0.890196078,0.998778786,-0.012481807,0.008854632,8.65127119,8.170038624
5482,"Python, Go, Scala",SQL,0.013231597,0.890207715,0.998392003,-0.016495391,0.010040335,4.146195465,7.152554354
5483,"Go, NoSQL","Java, AWS",0.011820227,0.890365449,0.998563594,-0.014731178,0.010741096,10.95347575,8.379784258
5484,"Go, Scala",SQL,0.013319808,0.890855457,0.998392143,-0.016583602,0.010109606,4.149212363,7.195002748
5485,"Go, Scala","SQL, Java",0.013319808,0.890855457,0.998392143,-0.016583602,0.012110377,11.0132856,8.421042531
5486,HTML/CSS,Java,0.015525074,0.891139241,0.998135946,-0.019318132,0.012513771,5.155600919,7.598249737
5487,"SQL, HTML/CSS","Java, JavaScript",0.01301107,0.891238671,0.998435055,-0.016186654,0.012304726,18.42028658,8.749584675
5488,"Python, NoSQL, Hadoop",Spark,0.01084991,0.891304348,0.998692753,-0.013496229,0.010335025,21.07251666,8.810867552
5489,"Python, NoSQL, Scala",Java,0.014113704,0.891364903,0.998306704,-0.017553919,0.011376849,5.156906465,7.614033183
5490,Ruby,Python,0.01093812,0.892086331,0.998692867,-0.01358444,0.007265631,2.97839396,6.491121598
5491,"Docker, Scala","Java, Kubernetes",0.013143386,0.892215569,0.998435259,-0.01631897,0.012349424,16.55417643,8.777736123
5492,"SQL, Kubernetes",Docker,0.041767741,0.892554194,0.995196764,-0.051823755,0.037117681,8.982193184,8.382185782
5493,"Kubernetes, Docker, TypeScript",JavaScript,0.015392758,0.89258312,0.99817898,-0.019097605,0.013968146,10.80487832,8.540470835
5494,"Go, TypeScript",Java,0.015039915,0.892670157,0.998221644,-0.018656552,0.012127719,5.16445789,7.7066286
5495,"AWS, NoSQL, Scala",Java,0.011379173,0.892733564,0.998649943,-0.014113704,0.009175967,5.164824725,7.711184114
5496,"Kubernetes, NoSQL",Docker,0.019847396,0.892857143,0.997670104,-0.024610771,0.017638507,8.9852419,8.405886591
5497,"Java, Docker, Agile",Kubernetes,0.018039077,0.8930131,0.997881631,-0.022361399,0.015878553,8.349396299,8.347233111
5498,PyTorch,Python,0.013628545,0.893063584,0.998392632,-0.016892339,0.009057749,2.981656698,6.55044159
5499,"AWS, JavaScript, Go",SQL,0.01367265,0.893371758,0.998392702,-0.016936444,0.010386692,4.160932183,7.364796323
5500,"AWS, Docker, Go",Java,0.024478455,0.893719807,0.997166652,-0.030300357,0.01974423,5.170530538,7.782741186
5501,"AWS, Kubernetes, Open Source RDBMS",Python,0.010408856,0.893939394,0.998779265,-0.012878754,0.006921312,2.984580751,6.604532767
5502,"Java, Kubernetes, Cloud Computing",Docker,0.011158647,0.893992933,0.998693152,-0.013804966,0.009918339,8.996671889,8.495949661
5503,"Java, Spark",Python,0.02046487,0.894026975,0.997628493,-0.025316456,0.013608676,2.984873156,6.609991059
5504,"Python, Docker, Terraform",Kubernetes,0.010805804,0.894160584,0.998736218,-0.013363913,0.009513263,8.360124915,8.437731648
5505,"Java, Kubernetes, Open Source RDBMS",Python,0.011202752,0.894366197,0.998693209,-0.013849072,0.007451,2.986005712,6.631217748
5506,"SQL, Docker, TypeScript",Java,0.012746438,0.894736842,0.998521482,-0.0157456,0.010284032,5.176414499,7.857936753
5507,"Docker, HTML/CSS","Kubernetes, TypeScript",0.010497067,0.894736842,0.998779371,-0.012966965,0.010281293,48.64836552,9.325276761
5508,"Scala, Kafka",Python,0.012393596,0.894904459,0.998564406,-0.015304547,0.008245532,2.987802796,6.665180451
5509,"SQL, Docker, NoSQL",AWS,0.017333392,0.895216401,0.998009692,-0.021391082,0.014113896,5.383883676,7.956616661
5510,"Docker, Azure",Kubernetes,0.016583602,0.895238095,0.998094661,-0.02046487,0.014602334,8.370199313,8.524516546
5511,"Python, RDBMS",Java,0.013231597,0.895522388,0.99847879,-0.01631897,0.010677708,5.1809592,7.917018984
5512,"Python, Agile practices",Java,0.010585278,0.895522388,0.998779478,-0.013055176,0.008542166,5.1809592,7.917018984
5513,"Python, Docker, Scala",AWS,0.012481807,0.89556962,0.998564531,-0.015392758,0.010164356,5.386007958,7.983528666
5514,"Kubernetes, Agile, NoSQL",Java,0.011732016,0.895622896,0.998650414,-0.014466546,0.009467822,5.181540677,7.924642498
5515,"Python, Kubernetes, Cloud Computing",Docker,0.012525912,0.895899054,0.998564593,-0.015436863,0.011136591,9.01585408,8.651513147
5516,"Python, Docker, Go",SQL,0.024302033,0.895934959,0.997251804,-0.029947515,0.018478216,4.172870446,7.546196881
5517,"Python, Docker, Go",Java,0.024302033,0.895934959,0.997251804,-0.029947515,0.01961355,5.183346092,7.94840642
5518,"Kubernetes, Scala",Docker,0.01367265,0.895953757,0.998436075,-0.016848234,0.012156231,9.016404588,8.656061787
5519,"Python, Kubernetes, Open Source RDBMS",Go,0.011026331,0.896057348,0.998736494,-0.01358444,0.010246424,14.13800156,9.010936599
5520,"Java, Go, Scala",SQL,0.013319808,0.896142433,0.998478922,-0.01640718,0.010128545,4.173836768,7.561271745
5521,"Tableau, R",SQL,0.017509813,0.896162528,0.998010036,-0.021567503,0.013314771,4.173930362,7.562735029
5522,"Go, HTML/CSS",TypeScript,0.011423279,0.896193772,0.998693494,-0.014069598,0.010934177,23.35563377,9.263686617
5523,"Go, HTML/CSS","Python, TypeScript",0.011423279,0.896193772,0.998693494,-0.014069598,0.011143872,40.88410741,9.422167336
5524,"Go, HTML/CSS","SQL, TypeScript",0.011423279,0.896193772,0.998693494,-0.014069598,0.01116636,44.46258509,9.439162587
5525,"AWS, Docker, Open Source RDBMS",Python,0.010673488,0.896296296,0.998779584,-0.013143386,0.007106682,2.992449702,6.754635785
5526,"Kafka, Hadoop",Spark,0.012966965,0.896341463,0.998521803,-0.015966127,0.012355074,21.19160584,9.239017126
5527,"Python, Business Intelligence",SQL,0.012614123,0.896551724,0.998564718,-0.015525074,0.009593313,4.175743065,7.591187756
5528,"Java, Docker, Open Source RDBMS",Python,0.011467384,0.896551724,0.99869355,-0.014113704,0.00763637,2.993302495,6.771313898
5529,"Java, Kubernetes, Agile",AWS,0.017201076,0.896551724,0.998052622,-0.021170555,0.014010915,5.391914388,8.05932166
5530,"Java, Docker, JavaScript",Kubernetes,0.018039077,0.896929825,0.997967919,-0.022184978,0.015887987,8.386016459,8.664432623
5531,"Go, NoSQL","SQL, Docker",0.011908437,0.897009967,0.998650649,-0.014642967,0.011292461,19.33261119,9.259160035
5532,"Go, NoSQL","Kubernetes, Docker",0.011908437,0.897009967,0.998650649,-0.014642967,0.010832235,11.06523775,8.922556743
5533,Open Source Frameworks,Java,0.011158647,0.897163121,0.998736659,-0.013716756,0.009008806,5.190451501,8.04333272
5534,"Java, Software Engineering, Go",Python,0.011202752,0.897526502,0.998736714,-0.013760861,0.007464211,2.996556969,6.83572592
5535,"AWS, HTML/CSS","Java, JavaScript",0.011996648,0.897689769,0.998650766,-0.014731178,0.011350055,18.55361908,9.301283465
5536,"Python, Docker, NoSQL",AWS,0.015480969,0.89769821,0.998265695,-0.019009394,0.01261349,5.398809419,8.149641644
5537,"AWS, NoSQL, RDBMS",Python,0.010497067,0.898113208,0.998822914,-0.012878754,0.006996313,2.998515794,6.875088823
5538,"AWS, Docker, Microservices",Kubernetes,0.010497067,0.898113208,0.998822914,-0.012878754,0.009246982,8.397080724,8.765067277
5539,"Python, Agile, Go",SQL,0.014775283,0.898123324,0.998351124,-0.018127288,0.011243115,4.183062887,7.708293194
5540,"Docker, HTML/CSS",TypeScript,0.010541172,0.898496241,0.998822965,-0.01292286,0.010090996,23.41563823,9.473820223
5541,"Docker, HTML/CSS","SQL, JavaScript",0.010541172,0.898496241,0.998822965,-0.01292286,0.010117385,24.8737549,9.495980698
5542,"Scala, Spark",Python,0.01914171,0.898550725,0.997883918,-0.023464032,0.01276109,2.999976525,6.904738802
5543,"Python, Kubernetes, Go",Docker,0.026639615,0.898809524,0.997087171,-0.032637939,0.023694431,9.045143512,8.900350508
5544,"Kubernetes, Scala","Python, Java",0.013716756,0.898843931,0.998479517,-0.016804128,0.012068415,8.3215551,8.817919363
5545,"Python, Docker, Agile",Kubernetes,0.018039077,0.898901099,0.998011069,-0.022096767,0.015892704,8.404447264,8.833375841
5546,"JavaScript, HTML",CSS,0.023552243,0.898989899,0.99742124,-0.028844882,0.022633623,25.6387396,9.552869051
5547,"SQL, Go, HTML/CSS",TypeScript,0.011423279,0.899305556,0.998736989,-0.013981388,0.01093587,23.43672973,9.549964488
5548,"Python, Docker, JavaScript",Kubernetes,0.017024655,0.8997669,0.998138689,-0.020817713,0.015000932,8.412542234,8.909677426
5549,"SQL, Agile practices",Python,0.010320646,0.9,0.998866263,-0.012614123,0.006885943,3.004815197,7.00480748
5550,"Java, Kubernetes, Software Engineering",Docker,0.013099281,0.9,0.998565405,-0.016010232,0.011652985,9.057123835,9.006307061
5551,Scala,Python,0.042561637,0.900186567,0.995493788,-0.052000176,0.028400095,3.005438085,7.017900578
5552,"SQL, Docker",Kubernetes,0.041767741,0.900190114,0.995574289,-0.051029859,0.036805139,8.416499157,8.947456278
5553,"SQL, Kubernetes, TypeScript",Java,0.012746438,0.900311526,0.998608333,-0.015569179,0.010299279,5.208666303,8.297360848
5554,"SQL, Java, Spark",Python,0.011952543,0.900332226,0.998694176,-0.014598862,0.007976214,3.005924394,7.028156839
5555,"SQL, AWS, HTML/CSS",TypeScript,0.010364751,0.900383142,0.998866312,-0.012658228,0.009923036,23.46481261,9.653269392
5556,"SQL, Docker, Scala",AWS,0.011996648,0.900662252,0.998694233,-0.014642967,0.009781869,5.41663534,8.392810832
5557,"JavaScript, Go",Java,0.017598024,0.900677201,0.998096556,-0.021479293,0.014220791,5.210781877,8.327909047
5558,"Java, AWS, HTML/CSS",TypeScript,0.011202752,0.90070922,0.998780222,-0.01367265,0.010725497,23.47331051,9.684971426
5559,"Docker, Go, TypeScript",Java,0.010805804,0.900735294,0.998823273,-0.013187492,0.008732198,5.21111797,8.332782834
5560,"Java, Scala, Hadoop",Python,0.012040753,0.900990099,0.99869429,-0.014687073,0.008038004,3.008120824,7.074855555
5561,Perl,Python,0.01084991,0.901098901,0.998823324,-0.013231597,0.007243472,3.00848408,7.082638674
5562,Redshift,Python,0.014069598,0.901129944,0.998480045,-0.017156971,0.009393119,3.00858772,7.084862423
5563,"Java, Kubernetes, Scala",SQL,0.012878754,0.901234568,0.998608514,-0.015701495,0.009810597,4.197553689,7.951114762
5564,"SQL, Java, HTML/CSS",TypeScript,0.012084859,0.901315789,0.998694347,-0.014731178,0.011570371,23.48911827,9.744500801
5565,"Agile, Scala",Java,0.0157456,0.901515152,0.99830942,-0.019185816,0.012726674,5.21562976,8.398766408
5566,"Kubernetes, HTML/CSS",TypeScript,0.010497067,0.901515152,0.99886646,-0.012790544,0.010050275,23.49431383,9.764226511
5567,"Kubernetes, HTML/CSS","Docker, TypeScript",0.010497067,0.901515152,0.99886646,-0.012790544,0.010277266,47.75713325,9.962171203
5568,"Docker, Open Source RDBMS","Java, Kubernetes",0.012525912,0.901587302,0.99865147,-0.015260442,0.011777115,16.72805965,9.613630252
5569,"Java, Docker, NoSQL",AWS,0.016186654,0.901719902,0.998266898,-0.01971508,0.013201836,5.422996109,8.483130816
5570,"JavaScript, HTML/CSS",TypeScript,0.014598862,0.901907357,0.9984375,-0.017774445,0.013977754,23.50453506,9.803266979
5571,"Python, Kubernetes, Scala",SQL,0.01301107,0.902140673,0.998608696,-0.015833811,0.009914504,4.201773926,8.024736195
5572,"Docker, HTML/CSS",Java,0.010585278,0.902255639,0.998866559,-0.012878754,0.008557413,5.21991378,8.462393426
5573,"Docker, HTML/CSS","Java, Kubernetes",0.010585278,0.902255639,0.998866559,-0.012878754,0.009952961,16.74045999,9.679364476
5574,"SQL, AWS, TypeScript",Java,0.013849072,0.902298851,0.998523088,-0.016848234,0.011196076,5.220163776,8.466136192
5575,"Java, Kubernetes, GCP",Docker,0.01018833,0.90234375,0.998909678,-0.012393596,0.009066355,9.080710095,9.222458431
5576,"Go, Open Source RDBMS","Python, Kubernetes",0.011026331,0.902527076,0.998823529,-0.013408018,0.010180348,13.03375566,9.54885318
5577,"Kubernetes, JavaScript",Docker,0.022493715,0.902654867,0.997633187,-0.027345301,0.020017481,9.083841014,9.251933617
5578,"Spark, Kafka",Python,0.016363075,0.902676399,0.998267198,-0.019891501,0.010933603,3.013750846,7.197439686
5579,"Java, Docker, Software Engineering",Kubernetes,0.013099281,0.902735562,0.998608817,-0.015922022,0.011547288,8.440298311,9.181614696
5580,"Kubernetes, Open Source RDBMS",Python,0.012305385,0.902912621,0.998694631,-0.014951705,0.008223374,3.014539518,7.214951705
5581,"Kubernetes, Open Source RDBMS","Python, Docker",0.012305385,0.902912621,0.998694631,-0.014951705,0.011418174,13.8697411,9.629475588
5582,"Kubernetes, Docker, Open Source RDBMS",Python,0.012305385,0.902912621,0.998694631,-0.014951705,0.008223374,3.014539518,7.214951705
5583,"SQL, AWS, RDBMS",Python,0.01027654,0.903100775,0.998909773,-0.012481807,0.006868259,3.015167704,7.22896132
5584,"Java, Azure",AWS,0.02178803,0.903107861,0.997717485,-0.026463194,0.017776494,5.431343378,8.604649866
5585,"AWS, Docker, Azure",Kubernetes,0.015216337,0.903141361,0.998395142,-0.018480131,0.013414327,8.444092406,9.220081988
5586,"AWS, RDBMS",Java,0.012349491,0.903225806,0.998694687,-0.01499581,0.00998619,5.225526591,8.547229451
5587,"Java, HTML/CSS",TypeScript,0.014025493,0.903409091,0.998523344,-0.017024655,0.01342977,23.54367163,9.955681933
5588,"Python, SQL, TypeScript",Java,0.015348653,0.903896104,0.998395351,-0.018612447,0.012413586,5.229404533,8.606843954
5589,"Python, HTML/CSS","SQL, Java",0.011643805,0.904109589,0.998780753,-0.014113704,0.010602054,11.17714106,9.585013011
5590,"Python, Java, Docker",Kubernetes,0.034931416,0.904109589,0.99643297,-0.042341111,0.030799059,8.453145036,9.313179301
5591,"Docker, Scala",SQL,0.013319808,0.904191617,0.998609119,-0.016142548,0.010156954,4.21132632,8.196519539
5592,"AWS, HTML/CSS",TypeScript,0.012084859,0.904290429,0.998737813,-0.014642967,0.011572063,23.56664011,10.04735847
5593,"SQL, Kubernetes, HTML/CSS",TypeScript,0.010011908,0.90438247,0.998953062,-0.012128964,0.009587118,23.56903879,10.05703002
5594,"Docker, Open Source RDBMS",Python,0.012570017,0.904761905,0.998694971,-0.015216337,0.008408743,3.02071369,7.355047854
5595,"Kubernetes, NoSQL",SQL,0.020112028,0.904761905,0.997928981,-0.024346139,0.015339339,4.213982471,8.245600494
5596,"Scala, Spark, Hadoop",Python,0.012570017,0.904761905,0.998694971,-0.015216337,0.008408743,3.02071369,7.355047854
5597,"Kubernetes, Docker, HTML/CSS",TypeScript,0.010497067,0.904942966,0.99891001,-0.012702333,0.010051968,23.58364582,10.11633044
5598,"Python, Tableau, R",SQL,0.016892339,0.905437352,0.998268098,-0.020420765,0.012886689,4.217128407,8.30449764
5599,TensorFlow,Python,0.012702333,0.905660377,0.998695142,-0.015348653,0.008501428,3.023713405,7.425095929
5600,"Docker, Agile, NoSQL",Java,0.011908437,0.906040268,0.998781072,-0.014378335,0.009636619,5.241809392,8.803252453
5601,"AWS, Software Engineering, Go",Python,0.011070436,0.906137184,0.998867102,-0.013363913,0.007411157,3.025305312,7.462814123
5602,"Go, Open Source RDBMS","Python, Docker",0.011070436,0.906137184,0.998867102,-0.013363913,0.010275105,13.91927397,9.960286549
5603,"JavaScript, Go, HTML/CSS",TypeScript,0.011114542,0.90647482,0.998867152,-0.013408018,0.010644056,23.62356735,10.2820264
5604,"Go, HTML/CSS","Java, JavaScript",0.011555595,0.906574394,0.998824144,-0.013937282,0.010938877,18.73724817,10.18582063
5605,"SQL, AWS, GCP",Python,0.017156971,0.906759907,0.998268548,-0.020685397,0.011489712,3.027384386,7.512656023
5606,"SQL, Java, GCP",Python,0.013319808,0.906906907,0.998652525,-0.016054338,0.008920747,3.027875173,7.524519003
5607,"Go, NoSQL",Docker,0.012040753,0.906976744,0.998781231,-0.014510651,0.010721556,9.127334097,9.681780091
5608,"Go, NoSQL","Python, SQL",0.012040753,0.906976744,0.998781231,-0.014510651,0.010258988,6.757766586,9.307215631
5609,"Go, NoSQL","SQL, Kubernetes",0.012040753,0.906976744,0.998781231,-0.014510651,0.011419507,19.38160577,10.24694571
5610,"Docker, NoSQL",SQL,0.019362237,0.907024793,0.998056743,-0.023331716,0.014778941,4.224522009,8.446287067
5611,"SQL, Docker, TypeScript",Python,0.01292286,0.907120743,0.998695425,-0.015569179,0.008655903,3.028589104,7.54184272
5612,"SQL, Go, Scala",AWS,0.012084859,0.907284768,0.998781284,-0.014554757,0.00987008,5.456463541,8.99229732
5613,"AWS, Go, TypeScript",SQL,0.012525912,0.907348243,0.998738362,-0.015084021,0.009561921,4.226028494,8.47577325
5614,"SQL, Java, Azure",AWS,0.012966965,0.907407407,0.998695482,-0.015613285,0.010590845,5.4572011,9.004207648
5615,"Python, HTML/CSS","SQL, Go",0.011687911,0.907534247,0.998824298,-0.014069598,0.011263031,27.50872189,10.45802562
5616,"AWS, Docker, Agile",Kubernetes,0.019538658,0.907786885,0.998057079,-0.023508137,0.017236614,8.487526618,9.684572448
5617,"SQL, Docker, HTML/CSS",TypeScript,0.010011908,0.908,0.998996641,-0.012040753,0.00958881,23.66331494,10.45248227
5618,"Kubernetes, JavaScript, Go",Java,0.012217175,0.908196721,0.998781443,-0.014687073,0.009891992,5.254285344,9.010040262
5619,"SQL, JavaScript, HTML/CSS",TypeScript,0.012658228,0.908227848,0.998738527,-0.015216337,0.012123432,23.66925287,10.47843326
5620,"Python, Kubernetes, Scala",Docker,0.013099281,0.908256881,0.998695652,-0.0157456,0.011666133,9.140216714,9.816874697
5621,"Java, TypeScript",JavaScript,0.022273188,0.908273381,0.997804469,-0.026771931,0.020247398,10.99481173,10.00135775
5622,"Python, AWS, Docker",Kubernetes,0.038107,0.90851735,0.996317304,-0.045781326,0.033620844,8.494356239,9.761901213
5623,"Spark, Hadoop",Python,0.022008556,0.908925319,0.997846869,-0.026419089,0.01475605,3.034614012,7.691278613
5624,"Kubernetes, HTML/CSS",Java,0.010585278,0.909090909,0.998953656,-0.012702333,0.00857266,5.259458582,9.098663609
5625,"Java, NoSQL, RDBMS",Python,0.011467384,0.909090909,0.998867546,-0.013760861,0.007689212,3.035166865,7.705288228
5626,"Kubernetes, HTML/CSS","SQL, JavaScript",0.010585278,0.909090909,0.998953656,-0.012702333,0.010164677,25.16705517,10.60265514
5627,"Kubernetes, HTML/CSS","Java, Docker",0.010585278,0.909090909,0.998953656,-0.012702333,0.009967472,17.13368095,10.41635425
5628,"Java, AWS, Kubernetes",Docker,0.035328364,0.909194098,0.996603549,-0.042385216,0.031467192,9.149648369,9.918195651
5629,"Kubernetes, GCP",AWS,0.016804128,0.909307876,0.998354408,-0.020156133,0.013731306,5.468630629,9.192892311
5630,"Docker, GCP",Kubernetes,0.015039915,0.909333333,0.998524818,-0.018039077,0.013270927,8.50198543,9.849756513
5631,"AWS, Agile, Scala",Java,0.012834649,0.909375,0.998738747,-0.015392758,0.010395113,5.261102163,9.127186065
5632,"Java, AWS, Open Source RDBMS",Python,0.012393596,0.909385113,0.998781655,-0.014863494,0.008311584,3.03614912,7.730305398
5633,"Java, Spark, Kafka",Python,0.011511489,0.909407666,0.998867596,-0.013804966,0.007720107,3.036224415,7.732229796
5634,"Docker, Azure",AWS,0.016848234,0.90952381,0.99835448,-0.020200238,0.013768078,5.469929266,9.214832388
5635,"Azure, Scala",AWS,0.010232435,0.909803922,0.99899686,-0.01226128,0.008362341,5.471613876,9.24344988
5636,"Python, Docker, TypeScript",SQL,0.01292286,0.909937888,0.998738856,-0.015480969,0.009873642,4.238089922,8.71948558
5637,"Python, Docker, Azure",Kubernetes,0.012481807,0.909967846,0.998781761,-0.014951705,0.011014725,8.507917924,9.919173844
5638,"AWS, Agile, Go",SQL,0.015216337,0.910290237,0.998525074,-0.018215499,0.01162735,4.239731009,8.753732737
5639,"Python, Kubernetes, Open Source RDBMS",Java,0.011202752,0.910394265,0.99891077,-0.013408018,0.009075782,5.266999024,9.231007807
5640,"Docker, JavaScript, Go",Java,0.012128964,0.910596026,0.99882481,-0.014510651,0.009826652,5.268166295,9.251839764
5641,"Python, HTML/CSS",Go,0.011732016,0.910958904,0.998867842,-0.014025493,0.010915769,14.37311846,10.51897038
5642,"SQL, Spark",Python,0.024390244,0.911037891,0.997680412,-0.029153619,0.016371535,3.041667223,7.873922482
5643,"SQL, Java, RDBMS",Python,0.01084991,0.911111111,0.998953929,-0.012966965,0.007283103,3.04191168,7.880408415
5644,"SQL, Agile practices",Java,0.010452962,0.911538462,0.998997078,-0.012481807,0.008470839,5.273618663,9.35040529
5645,"Python, JavaScript, Go",Java,0.016363075,0.911547912,0.998440208,-0.019538658,0.01326029,5.273673335,9.351404264
5646,OSPF,BGP,0.012746438,0.911671924,0.998782079,-0.015216337,0.012535543,60.43958345,11.15065591
5647,"Python, Kubernetes, NoSQL",Docker,0.016451286,0.91198044,0.998440343,-0.019626869,0.014658755,9.177688646,10.23216552
5648,"Docker, RDBMS","AWS, Kubernetes",0.010056014,0.912,0.999040265,-0.011996648,0.009367385,14.60294915,10.65394161
5649,"Python, Docker, Open Source RDBMS",Java,0.011467384,0.912280702,0.998911055,-0.01367265,0.009294672,5.277912822,9.429524104
5650,"SQL, Kubernetes, NoSQL",Docker,0.018347815,0.912280702,0.998270569,-0.02187624,0.016349297,9.18071032,10.26719005
5651,"Tableau, Data Visualization, R",SQL,0.010100119,0.912350598,0.999040307,-0.012040753,0.007723244,4.24932726,8.959505299
5652,"SQL, CSS",HTML,0.010585278,0.912547529,0.99899721,-0.012614123,0.010161666,24.98815231,11.01719341
5653,"Java, Scala, Kafka",Python,0.010585278,0.912547529,0.99899721,-0.012614123,0.007110944,3.046707424,8.009845075
5654,"Kubernetes, Docker, HTML/CSS",Java,0.010585278,0.912547529,0.99899721,-0.012614123,0.008580284,5.279456523,9.458294581
5655,"SQL, Docker, Agile",Kubernetes,0.017509813,0.912643678,0.998355548,-0.020861818,0.015457787,8.53293613,10.22301044
5656,"SQL, GCP",AWS,0.018921184,0.912765957,0.998228406,-0.02253782,0.015474343,5.489427733,9.557311641
5657,"SQL, Kubernetes, TypeScript",Python,0.01292286,0.912772586,0.998782291,-0.015392758,0.008682323,3.047458818,8.030511433
5658,"AWS, Kubernetes, Open Source RDBMS",Java,0.010629383,0.912878788,0.998997253,-0.012658228,0.008616766,5.281372992,9.494257679
5659,"Python, Tableau, Data Visualization",SQL,0.01433423,0.912921348,0.998653871,-0.01706876,0.010963045,4.251985565,9.018229726
5660,"Go, Open Source RDBMS","SQL, Java",0.011158647,0.913357401,0.998954248,-0.013275702,0.01017041,11.29146802,10.60807091
5661,"Python, Windows",Linux,0.014422441,0.913407821,0.998653988,-0.017156971,0.012877107,9.332895688,10.41814977
5662,"Docker, TypeScript",Kubernetes,0.017245181,0.913551402,0.998398338,-0.020508975,0.015226176,8.541423066,10.33035364
5663,"Go, NoSQL","SQL, AWS",0.012128964,0.913621262,0.998868286,-0.014422441,0.011192703,12.95468098,10.76046738
5664,"AWS, Go, TypeScript",Java,0.012614123,0.913738019,0.998825372,-0.01499581,0.010227951,5.286343993,9.588827305
5665,"Python, Go, NoSQL",Docker,0.011246857,0.913978495,0.998954339,-0.013363913,0.01002408,9.197796009,10.46983196
5666,"Java, AWS, RDBMS",Python,0.011290963,0.914285714,0.998954385,-0.013408018,0.007592053,3.052510676,8.172275394
5667,"Java, JavaScript, CSS",HTML,0.011290963,0.914285714,0.998954385,-0.013408018,0.010839969,25.03574879,11.24060924
5668,"Python, HTML/CSS",Java,0.011776121,0.914383562,0.998911387,-0.013981388,0.009550045,5.290078717,9.66112645
5669,"Python, Kubernetes, Azure",AWS,0.013716756,0.914705882,0.998739843,-0.016274864,0.011223296,5.501094555,9.774682632
5670,"JavaScript, Microsoft Azure",AWS,0.010408856,0.914728682,0.9990406,-0.012349491,0.008516761,5.501231674,9.777296183
5671,"Kubernetes, Agile, Go",Java,0.012305385,0.914754098,0.998868483,-0.014598862,0.009980202,5.292222422,9.703120282
5672,"Java, Go, HTML/CSS",Python,0.010894015,0.914814815,0.998997516,-0.01292286,0.007327209,3.054277175,8.223034868
5673,"AWS, Docker, Open Source RDBMS",Java,0.010894015,0.914814815,0.998997516,-0.01292286,0.008835656,5.292573691,9.710036262
5674,"TypeScript, HTML/CSS","Java, JavaScript",0.013760861,0.914956012,0.998739897,-0.01631897,0.013033177,18.910481,11.189697
5675,"Java, Scala, Spark",Python,0.014775283,0.915300546,0.998654455,-0.017509813,0.009940279,3.055898879,8.270192057
5676,"Python, Azure, Scala",AWS,0.010011908,0.915322581,0.99908381,-0.011864332,0.00819315,5.504803414,9.845870797
5677,"Agile, Go",Java,0.016274864,0.915632754,0.998526608,-0.019274026,0.013202573,5.297305802,9.804174958
5678,"AWS, Open Source RDBMS",Python,0.013408018,0.915662651,0.998782873,-0.015877916,0.009022168,3.057107831,8.305700298
5679,"Kubernetes, RDBMS","AWS, Docker",0.010056014,0.915662651,0.99908385,-0.011908437,0.009393389,15.17603748,11.14172931
5680,"Python, SQL, Kubernetes",Docker,0.035989944,0.915824916,0.996817179,-0.042605743,0.032084945,9.216377415,10.69949279
5681,"Java, Spark, Hadoop",Python,0.013937282,0.915942029,0.998740116,-0.016495391,0.009379696,3.058040587,8.333305451
5682,"Python, Go, TypeScript",SQL,0.014907599,0.91598916,0.998654631,-0.017642129,0.011413309,4.26627408,9.347547104
5683,"Python, Data Analysis, Tableau",SQL,0.011070436,0.916058394,0.99899769,-0.013099281,0.00847576,4.266596543,9.355256875
5684,"SQL, Kubernetes, HTML/CSS",Java,0.010144224,0.916334661,0.99908393,-0.011996648,0.008230713,5.301366618,9.886426692
5685,"AWS, JavaScript, Go",Java,0.014025493,0.916426513,0.998740226,-0.016583602,0.011380121,5.301898017,9.897292389
5686,"JavaScript, Go, TypeScript",SQL,0.014510651,0.91643454,0.998697464,-0.017156971,0.011111058,4.268348466,9.397366912
5687,"Go, HTML/CSS","Python, SQL",0.011687911,0.916955017,0.998954795,-0.013804966,0.009977179,6.83211341,10.42552449
5688,"Java, Docker, Microservices",Kubernetes,0.010717594,0.916981132,0.999040893,-0.012658228,0.009467508,8.573489982,10.75712802
5689,"Docker, JavaScript, HTML/CSS",TypeScript,0.010232435,0.916996047,0.999084009,-0.012084859,0.00980426,23.89776021,11.58533225
5690,"SQL, Docker, Agile",AWS,0.017598024,0.917241379,0.998442098,-0.020773607,0.014407863,5.516343181,10.07415208
5691,"JavaScript, Go, HTML/CSS",Python,0.011246857,0.917266187,0.998997865,-0.013275702,0.007574368,3.062461531,8.466680346
5692,"Kubernetes, Docker, Azure",AWS,0.015216337,0.917553191,0.998655039,-0.017950867,0.012458864,5.518218438,10.11225232
5693,"SQL, AWS, Scala",Java,0.019229921,0.917894737,0.998315189,-0.022670136,0.015608735,5.310392286,10.07427789
5694,"Python, SQL, RDBMS",Java,0.01084991,0.917910448,0.999041018,-0.012790544,0.008806798,5.31048318,10.07620598
5695,"Python, Kafka, Hadoop",Spark,0.012393596,0.918300654,0.99891205,-0.014598862,0.011822746,21.71077239,11.72228466
5696,"SQL, Kubernetes, Open Source RDBMS",Java,0.011908437,0.918367347,0.998955022,-0.014025493,0.009667113,5.313126526,10.13260266
5697,"SQL, Go, NoSQL",Docker,0.011908437,0.918367347,0.998955022,-0.014025493,0.010619919,9.241963097,11.03272615
5698,"SQL, HTML/CSS",Java,0.013408018,0.918429003,0.998826291,-0.015789706,0.010884623,5.313483232,10.14026146
5699,"Python, Kubernetes, TypeScript",SQL,0.01292286,0.918495298,0.998869172,-0.015216337,0.009902051,4.277946567,9.634969075
5700,"Python, Kubernetes, TypeScript",JavaScript,0.01292286,0.918495298,0.998869172,-0.015216337,0.011760581,11.11854986,11.25567856
5701,"PyTorch, TensorFlow",Python,0.010452962,0.918604651,0.999084209,-0.012305385,0.00704468,3.066930239,8.605906333
5702,"Python, Go, TypeScript",Java,0.014951705,0.918699187,0.99869803,-0.017598024,0.012138614,5.315046355,10.17396022
5703,"JavaScript, Go",Python,0.017950867,0.918735892,0.998442637,-0.02112645,0.012098662,3.06736841,8.61980476
5704,"Java, Scala",Python,0.03546068,0.918857143,0.996984882,-0.041723636,0.023901586,3.067773229,8.632685275
5705,"Python, SQL, Docker",Kubernetes,0.035989944,0.918918919,0.996944103,-0.042341111,0.031800979,8.59160769,11.01421662
5706,"Java, Docker, Scala",SQL,0.01301107,0.919003115,0.99886927,-0.015304547,0.009971322,4.280311757,9.695376405
5707,"Kubernetes, Open Source RDBMS",Java,0.012525912,0.919093851,0.998912192,-0.014731178,0.010170235,5.317329647,10.22358929
5708,"Kubernetes, Open Source RDBMS","Java, Docker",0.012525912,0.919093851,0.998912192,-0.014731178,0.011802799,17.32220689,11.70419442
5709,"Kubernetes, Docker, Open Source RDBMS",Java,0.012525912,0.919093851,0.998912192,-0.014731178,0.010170235,5.317329647,10.22358929
5710,Open Source RDBMS,Python,0.016583602,0.919315403,0.998570315,-0.019494553,0.011180551,3.069303216,8.681715938
5711,"Kubernetes, RDBMS","SQL, Java",0.010100119,0.919678715,0.999127476,-0.011864332,0.009211776,11.36961587,11.44292992
5712,"Java, Kubernetes, Scala",Docker,0.013143386,0.919753086,0.998869418,-0.015436863,0.011723387,9.255908446,11.22324418
5713,"Python, Go, Open Source RDBMS",Java,0.010629383,0.919847328,0.999084369,-0.012481807,0.008632013,5.321688817,10.31969639
5714,"Python, SQL, HTML/CSS",Java,0.011643805,0.919860627,0.998998258,-0.01367265,0.009455846,5.321765757,10.32140892
5715,"SQL, Docker, Open Source RDBMS",Java,0.012173069,0.92,0.998955295,-0.014290125,0.009886004,5.322572085,10.33939046
5716,"SQL, Docker, HTML/CSS",Java,0.010144224,0.92,0.999127514,-0.011908437,0.008238337,5.322572085,10.33939046
5717,"AWS, Docker, GCP",Kubernetes,0.014201914,0.92,0.998783825,-0.016671812,0.012550858,8.601715464,11.16305738
5718,"SQL, Go, HTML/CSS",Python,0.011687911,0.920138889,0.998998301,-0.013716756,0.007883317,3.072052574,8.771237193
5719,"SQL, AWS, Open Source RDBMS",Java,0.011687911,0.920138889,0.998998301,-0.013716756,0.009492328,5.323375613,10.35737201
5720,"Kubernetes, JavaScript, HTML/CSS",TypeScript,0.01018833,0.920318725,0.999127552,-0.011952543,0.009763539,23.98435225,12.06843603
5721,"Java, JavaScript, HTML/CSS",TypeScript,0.013760861,0.920353982,0.998826699,-0.016142548,0.01318714,23.98527108,12.07377841
5722,"Go, HTML/CSS",Python,0.011732016,0.920415225,0.998998345,-0.013760861,0.007914212,3.072975172,8.801692877
5723,"Docker, Open Source RDBMS",Java,0.012790544,0.920634921,0.998912476,-0.01499581,0.010389125,5.326245357,10.42210559
5724,"SQL, Scala",Python,0.02866846,0.920679887,0.997604688,-0.033608257,0.019341922,3.073858794,8.831060859
5725,"SQL, Docker, GCP",Kubernetes,0.010761699,0.920754717,0.999084489,-0.012614123,0.009511614,8.608771834,11.26937221
5726,"Kubernetes, Go, Open Source RDBMS",Java,0.010761699,0.920754717,0.999084489,-0.012614123,0.008741458,5.326938428,10.43786085
5727,"Java, Go, TypeScript",SQL,0.013849072,0.920821114,0.998826801,-0.016230759,0.010619931,4.288779196,9.917988601
5728,"SQL, Kubernetes, Agile",AWS,0.016936444,0.920863309,0.99857081,-0.019847396,0.01387829,5.53812568,10.53522612
5729,"Docker, JavaScript, HTML/CSS",Java,0.01027654,0.920948617,0.999127628,-0.012040753,0.008347782,5.328060215,10.46346315
5730,"SQL, Hive",Python,0.010805804,0.921052632,0.999084529,-0.012658228,0.00729184,3.075103271,8.872756142
5731,"Java, Hive",Hadoop,0.010805804,0.921052632,0.999084529,-0.012658228,0.010418756,27.91848438,12.24878343
5732,"Java, Kubernetes, NoSQL",Docker,0.01698055,0.921052632,0.998570872,-0.019891501,0.015148575,9.268986381,11.40798894
5733,"Docker, Go, Open Source RDBMS",Java,0.010805804,0.921052632,0.999084529,-0.012658228,0.00877794,5.328661984,10.477249
5734,"Java, Kubernetes, JavaScript",Docker,0.018039077,0.921171171,0.998485963,-0.02112645,0.016093152,9.2701793,11.42514381
5735,"Java, Open Source RDBMS",Python,0.015480969,0.921259843,0.998698707,-0.018127288,0.010447809,3.075795083,8.8961055
5736,"AWS, Kubernetes, Software Engineering",Docker,0.013981388,0.921511628,0.998826954,-0.016363075,0.012473734,9.273605477,11.47470233
5737,"SQL, Spark, Hadoop",Python,0.015039915,0.921621622,0.998741483,-0.017598024,0.01015207,3.077002949,8.937168164
5738,"Python, Docker, Software Engineering",Kubernetes,0.013540334,0.921921922,0.99886986,-0.015833811,0.011969472,8.619684839,11.43784033
5739,"Python, Agile, Scala",Java,0.015128126,0.922043011,0.998741593,-0.017686235,0.012292165,5.334391728,10.6103538
5740,"Docker, Scala","Python, Java",0.01358444,0.922155689,0.998869909,-0.015877916,0.011993267,8.537376859,11.45859019
5741,"Java, Go, NoSQL",Docker,0.011643805,0.923076923,0.99904177,-0.01358444,0.010390349,9.289357779,11.70819918
5742,"Python, SQL, HTML/CSS",Go,0.011687911,0.923344948,0.999041812,-0.013628545,0.01088564,14.56854558,12.21864212
5743,"Python, Docker, GCP",Kubernetes,0.012790544,0.923566879,0.998955932,-0.014907599,0.011309311,8.635064679,11.68400006
5744,"Go, NoSQL",Kubernetes,0.01226128,0.92358804,0.998998868,-0.014290125,0.010841372,8.635262527,11.68723573
5745,"JavaScript, HTML/CSS",Java,0.014951705,0.923705722,0.998784722,-0.017421603,0.012153862,5.344011186,10.84158943
5746,"Docker, JavaScript, Go",Python,0.012305385,0.92384106,0.998998912,-0.01433423,0.008315846,3.08441295,9.197616778
5747,"Java, AWS, Docker",Kubernetes,0.035328364,0.923875433,0.997196262,-0.041150267,0.031238462,8.637949559,11.73135848
5748,"SQL, AWS, Docker",Kubernetes,0.031623517,0.923969072,0.997483901,-0.036827945,0.02796289,8.638825061,11.74580682
5749,"Agile, Spark",Python,0.01018833,0.924,0.999171138,-0.011864332,0.006885731,3.084943602,9.216851948
5750,"Docker, RDBMS","SQL, Kubernetes",0.01018833,0.924,0.999171138,-0.011864332,0.009672344,19.7453836,12.54216121
5751,"Java, Docker, GCP",Kubernetes,0.01018833,0.924,0.999171138,-0.011864332,0.009009004,8.639114227,11.75058672
5752,"AWS, JavaScript, HTML/CSS",TypeScript,0.011820227,0.924137931,0.999041937,-0.013760861,0.011329433,24.08388426,12.67601031
5753,"Go, Open Source RDBMS",Java,0.011290963,0.924187726,0.999084967,-0.013143386,0.009179239,5.346799771,10.9105187
5754,"Python, AWS, Open Source RDBMS",Java,0.012393596,0.924342105,0.998998999,-0.014422441,0.010076037,5.34769292,10.93278157
5755,"Kubernetes, Docker, NoSQL",SQL,0.018347815,0.924444444,0.998529603,-0.021346977,0.014086485,4.305655072,10.39361407
5756,"Python, HTML/CSS","JavaScript, TypeScript",0.011908437,0.924657534,0.99904202,-0.013849072,0.011525591,31.10498557,12.87816907
5757,"Python, Java, HTML/CSS",Go,0.010894015,0.925093633,0.99912816,-0.012658228,0.010147652,14.59613635,12.50388568
5758,"Agile, Go",Python,0.016451286,0.925558313,0.998699948,-0.019097605,0.011127497,3.090146315,9.409791382
5759,"NoSQL, RDBMS",Java,0.012614123,0.925566343,0.998999217,-0.014642967,0.010258445,5.35477563,11.11259706
5760,"AWS, Kubernetes, Cloud Computing",Docker,0.012614123,0.925566343,0.998999217,-0.014642967,0.011259864,9.314409985,12.09977775
5761,"Kubernetes, Docker, Scala",SQL,0.012658228,0.925806452,0.99899926,-0.014687073,0.009722645,4.311998701,10.58441471
5762,"Java, Go, NoSQL",Kubernetes,0.011687911,0.926573427,0.999085326,-0.013540334,0.010338762,8.663174969,12.1624168
5763,EMR,Python,0.010585278,0.926640927,0.999171463,-0.01226128,0.007163786,3.09376082,9.548658618
5764,"Go, TypeScript, HTML/CSS",Java,0.010585278,0.926640927,0.999171463,-0.01226128,0.008610778,5.360992531,11.27537739
5765,"SQL, Go, Open Source RDBMS",Java,0.011158647,0.926739927,0.999128388,-0.01292286,0.009077418,5.361565287,11.29061439
5766,"Go, NoSQL",Python,0.012305385,0.926910299,0.999042396,-0.014246019,0.008329057,3.094660169,9.583850234
5767,"AWS, TypeScript, HTML/CSS",Java,0.011202752,0.927007299,0.999128426,-0.012966965,0.009113899,5.363112145,11.33197195
5768,"Python, SQL, Open Source RDBMS",Java,0.013452124,0.927051672,0.998956612,-0.015569179,0.010943976,5.363368858,11.33886488
5769,"Python, GCP",AWS,0.028624355,0.927142857,0.997817995,-0.033123098,0.023490762,5.575891247,11.44325591
5770,"SQL, AWS, HTML/CSS",Java,0.010673488,0.927203065,0.999171536,-0.012349491,0.008683742,5.36424473,11.36244594
5771,"Python, JavaScript, HTML/CSS",Go,0.011246857,0.927272727,0.999128464,-0.01301107,0.010478132,14.63051812,12.87853394
5772,"Docker, Agile, Go",Java,0.012437701,0.927631579,0.999042521,-0.014378335,0.010120142,5.366723855,11.42972619
5773,"SQL, Java, Kubernetes",Docker,0.03338773,0.927696078,0.997488186,-0.038592158,0.029811435,9.335842515,12.45618061
5774,"Kubernetes, RDBMS",AWS,0.01018833,0.927710843,0.999214728,-0.011776121,0.008362237,5.579307149,11.5331672
5775,"Python, Java, Hive",Hadoop,0.01018833,0.927710843,0.999214728,-0.011776121,0.009826018,28.12030475,13.37696085
5776,"Kubernetes, RDBMS","SQL, Docker",0.01018833,0.927710843,0.999214728,-0.011776121,0.009678768,19.99428513,13.19148326
5777,"Python, TypeScript, HTML/CSS",Java,0.011335068,0.927797834,0.99912854,-0.013099281,0.009223345,5.367685708,11.45604463
5778,"Kubernetes, JavaScript, Go",Python,0.012481807,0.927868852,0.999042562,-0.014422441,0.008452637,3.097860476,9.71121037
5779,"AWS, JavaScript, Go",Python,0.014201914,0.92795389,0.998913988,-0.01640718,0.009617908,3.098144391,9.722672783
5780,"Docker, Scala",Kubernetes,0.01367265,0.928143713,0.998956839,-0.015789706,0.012097071,8.677856658,12.42820388
5781,"Kubernetes, JavaScript, HTML/CSS",Java,0.01027654,0.928286853,0.999214797,-0.011864332,0.008363029,5.370514878,11.53416447
5782,"Java, Docker, Scala",Kubernetes,0.013143386,0.92834891,0.998999739,-0.015172231,0.011629132,8.679775187,12.46379624
5783,"SQL, JavaScript, Go",Python,0.015436863,0.928381963,0.998828633,-0.017818551,0.010456545,3.099573589,9.780786741
5784,"Kubernetes, Node.js",Docker,0.011467384,0.928571429,0.999128654,-0.013231597,0.010240224,9.344651576,12.60882989
5785,"SQL, Kubernetes, Open Source RDBMS",Python,0.012040753,0.928571429,0.999085645,-0.013893177,0.008156898,3.100206155,9.806730472
5786,"SQL, Go, NoSQL",Python,0.012040753,0.928571429,0.999085645,-0.013893177,0.008156898,3.100206155,9.806730472
5787,"Python, Go, HTML/CSS",Java,0.010894015,0.928571429,0.999171716,-0.012570017,0.00886615,5.372161266,11.58011732
5788,"Python, Docker, TypeScript",JavaScript,0.013187492,0.928571429,0.998999783,-0.015216337,0.012014282,11.24052322,12.84347021
5789,"Python, Kafka, Snowflake",Spark,0.010320646,0.928571429,0.999214831,-0.011908437,0.009850534,21.9535975,13.40784193
5790,"SQL, Go, NoSQL",Kubernetes,0.012040753,0.928571429,0.999085645,-0.013893177,0.010653866,8.68185567,12.50262427
5791,"Java, GCP",AWS,0.020685397,0.928712871,0.998446803,-0.02386098,0.016981876,5.585333403,11.69528
5792,"Java, Docker, NoSQL",SQL,0.016671812,0.928746929,0.998743501,-0.019229921,0.012817677,4.325694149,11.02121314
5793,"Kubernetes, Go, Scala",AWS,0.010364751,0.928853755,0.999214865,-0.011952543,0.008509324,5.586180686,11.71843897
5794,"SQL, Go, TypeScript",Java,0.013849072,0.928994083,0.998957021,-0.015966127,0.011272311,5.374606492,11.64904659
5795,HTML/CSS,JavaScript,0.016186654,0.929113924,0.998786197,-0.018656552,0.014747468,11.24709023,12.94176207
5796,"Scala, Hive",Python,0.011026331,0.92936803,0.999171825,-0.012702333,0.007472735,3.102865754,9.917332696
5797,"Java, Kubernetes, TypeScript",JavaScript,0.013363913,0.929447853,0.998999957,-0.015392758,0.012176129,11.2511325,13.00301642
5798,"Java, Agile, Go",SQL,0.015128126,0.929539295,0.998871626,-0.017421603,0.011633836,4.329384643,11.14515232
5799,"Docker, NoSQL",Kubernetes,0.019847396,0.929752066,0.998531761,-0.022846558,0.017564221,8.692894266,12.71275241
5800,"Java, JavaScript, Go",Python,0.016363075,0.929824561,0.998786408,-0.018832973,0.011092128,3.104389969,9.981850659
5801,"SQL, Docker, Open Source RDBMS",Python,0.012305385,0.93,0.999085883,-0.014157809,0.008342267,3.104975703,10.00686783
5802,"Go, NoSQL",AWS,0.012349491,0.930232558,0.999085923,-0.014201914,0.010142046,5.594472889,11.95002867
5803,"SQL, AWS, RDBMS",Java,0.010585278,0.930232558,0.999215036,-0.012173069,0.008618402,5.381771572,11.8558344
5804,"Python, Agile, Go",Java,0.015304547,0.930294906,0.998871822,-0.017598024,0.012460963,5.382132281,11.8664389
5805,"Python, Java, TypeScript",JavaScript,0.016495391,0.930348259,0.998786566,-0.018965289,0.015030701,11.26203207,13.17110975
5806,"JavaScript, Go, TypeScript",Java,0.014731178,0.930362117,0.998914554,-0.016936444,0.011994323,5.382521122,11.87789177
5807,"Python, Docker, Scala",SQL,0.012966965,0.930379747,0.999043021,-0.014907599,0.009974565,4.333299096,11.27969591
5808,"Java, Kubernetes, NoSQL",SQL,0.017156971,0.93062201,0.998744099,-0.01971508,0.013198669,4.334427449,11.31908377
5809,"AWS, HTML/CSS",Java,0.012437701,0.930693069,0.999086003,-0.014290125,0.010127765,5.384435815,11.93461071
5810,"AWS, Open Source RDBMS",Java,0.013628545,0.930722892,0.999000217,-0.01565739,0.011097526,5.384608349,11.93974829
5811,"SQL, Kubernetes, GCP",Python,0.010673488,0.930769231,0.999215105,-0.01226128,0.007238786,3.107543921,10.11805525
5812,"Go, HTML/CSS","SQL, Java",0.011864332,0.930795848,0.999128996,-0.013628545,0.010833283,11.50705248,13.28115159
5813,"Python, JavaScript, HTML/CSS",Java,0.011290963,0.930909091,0.999172041,-0.012966965,0.009194486,5.385685588,11.9719258
5814,"SQL, Kubernetes, Cloud Computing",Docker,0.010717594,0.931034483,0.999215139,-0.012305385,0.009573705,9.36943845,13.05914524
5815,"Kubernetes, Agile, Go",SQL,0.012525912,0.931147541,0.999086082,-0.014378335,0.009637678,4.336875143,11.40547914
5816,"SQL, Java, Microsoft Azure",AWS,0.010144224,0.931174089,0.99925829,-0.011643805,0.0083328,5.600135311,12.11350375
5817,"Go, Open Source RDBMS","Python, SQL",0.011379173,0.931407942,0.999172113,-0.013055176,0.009739476,6.939800287,12.6222704
5818,"SQL, Open Source RDBMS",Java,0.014378335,0.931428571,0.998957564,-0.016495391,0.011710093,5.388690993,12.06262221
5819,Open Source RDBMS,Java,0.016804128,0.931540342,0.998786934,-0.019274026,0.013686096,5.389337632,12.08231629
5820,"Spark, Hive",Python,0.013804966,0.931547619,0.999000391,-0.015833811,0.009366274,3.110142713,10.23311006
5821,"AWS, Spark",Python,0.019274026,0.931769723,0.998617233,-0.022096767,0.013078352,3.110884248,10.26642096
5822,"Kubernetes, Go, TypeScript",JavaScript,0.011467384,0.931899642,0.999172185,-0.013143386,0.010450845,11.28081184,13.4711586
5823,"Go, TypeScript","Python, JavaScript",0.015701495,0.931937173,0.998872262,-0.017994972,0.015038653,23.6881295,14.11428368
5824,"SQL, TypeScript, HTML/CSS",Java,0.012084859,0.931972789,0.999129185,-0.013849072,0.009843535,5.391839512,12.15912319
5825,"Python, Artificial Intelligence",Machine Learning,0.01027654,0.932,0.999258387,-0.011776121,0.009605905,15.32359391,13.81145234
5826,"Docker, RDBMS",AWS,0.01027654,0.932,0.999258387,-0.011776121,0.008443114,5.605102387,12.26063133
5827,"Docker, RDBMS","SQL, Java",0.01027654,0.932,0.999258387,-0.011776121,0.00938463,11.52193893,13.51633583
5828,"SQL, Docker, GCP",Python,0.010894015,0.932075472,0.999215276,-0.012481807,0.007393261,3.111905046,10.31263323
5829,"Java, Microsoft Azure",AWS,0.0157456,0.932114883,0.998872311,-0.018039077,0.012936792,5.605793297,12.28138009
5830,"SQL, Java, Scala",Python,0.024875402,0.932231405,0.99823868,-0.028492039,0.016883114,3.112425658,10.33636226
5831,"TypeScript, HTML/CSS",Java,0.014025493,0.93255132,0.999000608,-0.016054338,0.011425862,5.395186545,12.26341617
5832,"Java, Snowflake",Python,0.012217175,0.932659933,0.999129299,-0.013981388,0.008293688,3.113856377,10.40213911
5833,"SQL, Software Engineering, Go",Python,0.010408856,0.932806324,0.999258484,-0.011908437,0.007066627,3.114345131,10.42480172
5834,"Kafka, Hadoop",Python,0.013496229,0.932926829,0.99904352,-0.015436863,0.00916322,3.11474746,10.44353115
5835,"Docker, JavaScript, TypeScript",Kubernetes,0.015392758,0.93315508,0.99891526,-0.017598024,0.013628487,8.724711395,13.35994707
5836,"Docker, GCP",AWS,0.015436863,0.933333333,0.998915307,-0.017642129,0.012686724,5.613121132,12.50584396
5837,"Docker, Open Source RDBMS","SQL, Kubernetes",0.012966965,0.933333333,0.99908648,-0.014819389,0.012316824,19.94483192,14.29806378
5838,"AWS, Docker, TypeScript",Kubernetes,0.01358444,0.933333333,0.999043603,-0.015525074,0.01202773,8.726378007,13.39566886
5839,"Docker, Go, Scala",AWS,0.010497067,0.933333333,0.999258548,-0.011996648,0.008626972,5.613121132,12.50584396
5840,"Python, Open Source RDBMS",Java,0.015480969,0.933510638,0.998915354,-0.017686235,0.012614514,5.400736592,12.44035461
5841,"SQL, JavaScript, HTML/CSS",Java,0.01301107,0.933544304,0.99908652,-0.014863494,0.010602028,5.40093136,12.44665671
5842,"Java, Go, NoSQL",Python,0.011776121,0.933566434,0.999172438,-0.013452124,0.007997949,3.116882896,10.54407863
5843,"AWS, Kubernetes, NoSQL",SQL,0.017377497,0.933649289,0.998787616,-0.019847396,0.013381317,4.348527184,11.8355218
5844,"Python, Kubernetes, Agile",Docker,0.018039077,0.933789954,0.998745186,-0.020597186,0.016119448,9.397168058,13.60262929
5845,"SQL, AWS, Open Source RDBMS",Python,0.011864332,0.934027778,0.99917251,-0.013540334,0.008059739,3.118423179,10.61781344
5846,"SQL, Go, HTML/CSS",Java,0.011864332,0.934027778,0.99917251,-0.013540334,0.009668749,5.403728453,12.53787138
5847,"AWS, Kubernetes, Scala",SQL,0.011864332,0.934027778,0.99917251,-0.013540334,0.009137081,4.350290018,11.90342327
5848,"Docker, Go, NoSQL",Python,0.011246857,0.934065934,0.99921555,-0.012834649,0.00764042,3.11855057,10.62395801
5849,"Go, HTML/CSS",Java,0.011908437,0.934256055,0.999172546,-0.01358444,0.009705231,5.405049131,12.58140566
5850,"Python, AWS, RDBMS",Java,0.011290963,0.934306569,0.999215584,-0.012878754,0.00920211,5.405341375,12.59107994
5851,"SQL, TypeScript",JavaScript,0.018832973,0.934354486,0.998702983,-0.021479293,0.01716789,11.31052817,13.97491877
5852,"AWS, Docker, Scala",SQL,0.011996648,0.934707904,0.999172618,-0.01367265,0.009240988,4.353457745,12.02741726
5853,"Python, HTML/CSS","SQL, JavaScript",0.012040753,0.934931507,0.999172654,-0.013716756,0.011575544,25.88242009,14.81327895
5854,"Python, TypeScript, HTML/CSS",Go,0.011423279,0.935018051,0.999215686,-0.01301107,0.010648962,14.75272391,14.41355112
5855,"SQL, Go, NoSQL",AWS,0.012128964,0.93537415,0.999172726,-0.013804966,0.009972855,5.62539472,12.90076534
5856,"Python, Java, Azure",AWS,0.017906761,0.935483871,0.998788246,-0.020376659,0.014723934,5.626054591,12.92270542
5857,"Python, Go, NoSQL",Kubernetes,0.011511489,0.935483871,0.999215755,-0.013099281,0.010195362,8.746484869,13.84219115
5858,"Java, AWS, TypeScript",JavaScript,0.017906761,0.935483871,0.998788246,-0.020376659,0.016325479,11.32419958,14.2195563
5859,"SQL, Java, Open Source RDBMS",Python,0.013452124,0.935582822,0.999086917,-0.015304547,0.009145535,3.123614979,10.87412971
5860,"AWS, Go, NoSQL",Docker,0.011555595,0.935714286,0.999215789,-0.013143386,0.010328435,9.416533511,14.00981098
5861,"SQL, Go",Python,0.030873726,0.935828877,0.997950557,-0.035107838,0.020992352,3.124436479,10.91582499
5862,"AWS, Kubernetes, NoSQL",Docker,0.017421603,0.936018957,0.998830916,-0.01980329,0.015572097,9.419599565,14.07652437
5863,"Kubernetes, Agile, NoSQL",AWS,0.01226128,0.936026936,0.999172834,-0.013937282,0.01008317,5.629320616,13.03240581
5864,"Java, Hive",Python,0.010982226,0.936090226,0.999258904,-0.012481807,0.007468261,3.125309039,10.96046347
5865,"AWS, Hadoop",Python,0.014863494,0.936111111,0.999001433,-0.016892339,0.010107752,3.125378769,10.96404649
5866,"Kubernetes, Scala",Java,0.014290125,0.936416185,0.999044268,-0.016230759,0.011652376,5.417546354,13.00883309
5867,"AWS, Agile, Go",Java,0.01565739,0.936675462,0.998958876,-0.017774445,0.012768064,5.419046375,13.06209662
5868,"Kafka, Snowflake",Python,0.011114542,0.936802974,0.999259001,-0.012614123,0.007560946,3.12768868,11.08407772
5869,"SQL, Java, Docker",Kubernetes,0.03338773,0.936881188,0.997828031,-0.037886473,0.029576149,8.759549352,14.14862802
5870,"Java, Go, NoSQL",AWS,0.011820227,0.937062937,0.999215994,-0.013408018,0.009722787,5.635551186,13.246931
5871,"SQL, AWS, Kubernetes",Docker,0.031623517,0.937254902,0.997952044,-0.035857628,0.02827074,9.432037458,14.35380188
5872,"Python, Java, Microsoft Azure",AWS,0.013187492,0.937304075,0.999130132,-0.014951705,0.01084804,5.637001405,13.29788074
5873,"Python, SQL, GCP",AWS,0.017156971,0.937349398,0.998873874,-0.019450448,0.014113484,5.637273977,13.30750062
5874,"Kubernetes, TypeScript",Docker,0.017245181,0.93764988,0.998873971,-0.019538658,0.015417589,9.436012309,14.44473094
5875,"AWS, Docker, Software Engineering",Kubernetes,0.013981388,0.937869822,0.999087393,-0.015833811,0.012386939,8.768792777,14.37376531
5876,"AWS, JavaScript, HTML/CSS",Java,0.011996648,0.937931034,0.99921613,-0.01358444,0.009785818,5.426310371,13.32632549
5877,"Kubernetes, Docker, RDBMS",AWS,0.010056014,0.938271605,0.999345436,-0.011379173,0.008273924,5.642820185,13.50631147
5878,"SQL, Agile, Go",Python,0.014775283,0.93837535,0.999044724,-0.016715918,0.010059173,3.132938347,11.36689214
5879,"SQL, Kubernetes, GCP",Docker,0.010761699,0.938461538,0.999302315,-0.012173069,0.009622193,9.444180409,14.63524897
5880,"Kubernetes, Go, NoSQL",Python,0.011511489,0.938848921,0.999259292,-0.01301107,0.007839,3.13451945,11.45492047
5881,"SQL, JavaScript, Go",Java,0.015613285,0.938992042,0.999002169,-0.017642129,0.012739206,5.432448731,13.55808767
5882,"Agile, GCP",AWS,0.01226128,0.939189189,0.999216335,-0.013849072,0.010090504,5.648338591,13.71011041
5883,"Agile, Scala",Python,0.01640718,0.939393939,0.998959643,-0.018524236,0.011175865,3.136339094,11.55793234
5884,"AWS, NoSQL, RDBMS",Java,0.010982226,0.939622642,0.999302468,-0.012393596,0.008961985,5.436097002,13.69969237
5885,"Kubernetes, RDBMS",SQL,0.010320646,0.939759036,0.999345607,-0.011643805,0.00796271,4.376983695,13.03590173
5886,"Go, TypeScript",JavaScript,0.015833811,0.939790576,0.999002386,-0.017862656,0.014441991,11.37633301,15.23666341
5887,"Docker, HTML/CSS",SQL,0.011026331,0.939849624,0.999302498,-0.012437701,0.008507412,4.377405613,13.05553412
5888,"Docker, HTML/CSS","SQL, Kubernetes",0.011026331,0.939849624,0.999302498,-0.012437701,0.010477322,20.08408155,15.84702069
5889,"Docker, HTML/CSS","Kubernetes, JavaScript",0.011026331,0.939849624,0.999302498,-0.012437701,0.010733975,37.71541686,16.21071318
5890,"Python, Docker, Scala",Kubernetes,0.013099281,0.939873418,0.999173518,-0.014775283,0.011608613,8.787525773,14.85274161
5891,"SQL, Open Source RDBMS",Python,0.014510651,0.94,0.999087869,-0.016363075,0.009887014,3.138362539,11.67467913
5892,"AWS, Docker, NoSQL",SQL,0.017333392,0.940191388,0.998917327,-0.019538658,0.013375091,4.378997397,13.13013717
5893,"Go, NoSQL","SQL, Java",0.012481807,0.940199336,0.999216506,-0.014069598,0.011407946,11.623304,15.36957566
5894,"Java, Kubernetes, Agile",Docker,0.018039077,0.940229885,0.998874849,-0.020332554,0.016132596,9.461976114,15.06824451
5895,"Python, Kubernetes, GCP",AWS,0.013893177,0.940298507,0.999130737,-0.01565739,0.011436386,5.655010095,13.96485908
5896,"SQL, Java, Go",Python,0.029197724,0.940340909,0.998203362,-0.032902571,0.019897607,3.139500726,11.74139159
5897,"Java, Agile, Go",Python,0.015304547,0.940379404,0.999045222,-0.017245181,0.010429912,3.139629248,11.74897255
5898,"Agile, Go",AWS,0.016715918,0.94044665,0.998959958,-0.018832973,0.013760435,5.655901034,13.99959754
5899,"SQL, Spark, Kafka",Python,0.010452962,0.94047619,0.999345692,-0.011776121,0.007123943,3.139952388,11.76807657
5900,"Scala, Spark, Kafka",Python,0.010452962,0.94047619,0.999345692,-0.011776121,0.007123943,3.139952388,11.76807657
5901,"AWS, Kubernetes, Agile",Docker,0.019538658,0.940552017,0.998790183,-0.022008556,0.0174744,9.465217879,15.14989509
5902,DHCP,DNS,0.014687073,0.940677966,0.999088027,-0.016539496,0.01424635,33.32498676,16.38130942
5903,"Docker, Agile, Go",Python,0.012614123,0.940789474,0.999216608,-0.014201914,0.008598163,3.140998341,11.83034152
5904,"Kubernetes, Agile, Go",Python,0.012658228,0.940983607,0.999216642,-0.014246019,0.008629058,3.14164649,11.86925712
5905,"SQL, Go",Java,0.031050148,0.941176471,0.998121344,-0.034931416,0.025347732,5.445086532,14.06157103
5906,"Python, Kubernetes, NoSQL",SQL,0.01698055,0.941320293,0.998960229,-0.019097605,0.013107475,4.384255344,13.38274048
5907,"Java, Go, Open Source RDBMS",Python,0.010629383,0.94140625,0.999345807,-0.011952543,0.007247522,3.143057562,11.95487143
5908,"SQL, Kubernetes, JavaScript",Docker,0.017024655,0.941463415,0.998960274,-0.01914171,0.015227742,9.474389703,15.38577456
5909,"Docker, Cloud Computing",Kubernetes,0.015613285,0.941489362,0.999045512,-0.017553919,0.013839579,8.80263435,15.26294391
5910,"AWS, Docker, Scala",Kubernetes,0.012084859,0.941580756,0.999259711,-0.01358444,0.010712123,8.803488858,15.28682211
5911,"NoSQL, Spark",Python,0.012834649,0.941747573,0.999216778,-0.014422441,0.008752638,3.144197131,12.02491951
5912,"Python, HTML/CSS",JavaScript,0.012128964,0.941780822,0.999259743,-0.013628545,0.011065059,11.40042529,15.75753488
5913,"SQL, Kubernetes, Software Engineering",Docker,0.012128964,0.941780822,0.999259743,-0.013628545,0.010849211,9.477583922,15.46965683
5914,"SQL, Docker, Go",Python,0.024302033,0.941880342,0.998538137,-0.027301195,0.016573953,3.144640405,12.05238934
5915,"Python, Docker, Azure",AWS,0.01292286,0.942122186,0.999216847,-0.014510651,0.010642078,5.665977808,14.40487952
5916,"SQL, TypeScript, HTML/CSS",Python,0.012217175,0.942176871,0.999259808,-0.013716756,0.008333319,3.145630421,12.11419647
5917,"SQL, AWS, Spark",Python,0.011511489,0.942238267,0.999302832,-0.01292286,0.00785221,3.145835404,12.12707295
5918,"Go, Open Source RDBMS","SQL, Kubernetes",0.011511489,0.942238267,0.999302832,-0.01292286,0.010939778,20.13512557,16.50234861
5919,"JavaScript, Go, HTML/CSS",Java,0.011555595,0.942446043,0.999302863,-0.012966965,0.009436248,5.452431523,14.37175275
5920,"JavaScript, TypeScript, HTML/CSS",Java,0.013760861,0.942598187,0.999174057,-0.015436863,0.011237466,5.453311738,14.40984524
5921,"Java, Hadoop, Hive",Python,0.01018833,0.942857143,0.999389126,-0.011423279,0.006951783,3.147901635,12.25841309
5922,"AWS, Go, NoSQL",Python,0.011643805,0.942857143,0.999302923,-0.013055176,0.007944895,3.147901635,12.25841309
5923,"SQL, NoSQL, RDBMS",Java,0.01018833,0.942857143,0.999389126,-0.011423279,0.00832056,5.4548099,14.47514665
5924,"SQL, AWS, Go",Python,0.026374983,0.943217666,0.9984554,-0.029550567,0.017999594,3.149105306,12.33624428
5925,"Kubernetes, Go, Open Source RDBMS",Python,0.011026331,0.943396226,0.999346063,-0.012349491,0.007525577,3.149701464,12.37515988
5926,"Docker, Go, Open Source RDBMS",Python,0.011070436,0.943609023,0.999346092,-0.012393596,0.007556472,3.150411923,12.4218586
5927,"SQL, Kubernetes, Go",Java,0.024390244,0.943686007,0.998581194,-0.027301195,0.019922843,5.459605214,14.68820076
5928,"Docker, RDBMS",SQL,0.010408856,0.944,0.99938926,-0.011643805,0.008041451,4.396736237,14.02313009
5929,"Docker, RDBMS","Java, Kubernetes",0.010408856,0.944,0.99938926,-0.011643805,0.009814573,17.51498527,16.89470169
5930,"Kubernetes, Docker, GCP",AWS,0.014201914,0.944281525,0.999174416,-0.015877916,0.011701121,5.678964195,14.96313259
5931,"AWS, Agile, Go",Python,0.015789706,0.944591029,0.999089016,-0.017642129,0.010782967,3.153690532,12.64200969
5932,"Docker, JavaScript, HTML/CSS",SQL,0.010541172,0.944664032,0.99938934,-0.011776121,0.008145358,4.399829003,14.19140765
5933,"AWS, Kubernetes, JavaScript",Docker,0.015877916,0.94488189,0.999089095,-0.01773034,0.014208102,9.508791428,16.34001424
5934,"AWS, Docker, NoSQL",Kubernetes,0.017421603,0.944976077,0.999003941,-0.019450448,0.01544977,8.835234055,16.23011473
5935,"SQL, Go, Open Source RDBMS",Python,0.011379173,0.945054945,0.999346291,-0.012702333,0.007772736,3.155239401,12.74874961
5936,"Kubernetes, Scala",Python,0.014422441,0.945086705,0.999174595,-0.016098443,0.009851645,3.155345438,12.7561231
5937,"Java, Docker, TypeScript",JavaScript,0.013716756,0.945288754,0.999217459,-0.015304547,0.012518041,11.44288944,16.76786388
5938,"SQL, Docker, Go",Java,0.024390244,0.945299145,0.998624129,-0.027212985,0.019930467,5.468937872,15.12135855
5939,"SQL, Kubernetes, Go",Python,0.024434349,0.945392491,0.998624188,-0.02725709,0.016693059,3.156366361,12.8275537
5940,"Python, NoSQL, RDBMS",Java,0.011467384,0.945454545,0.999346348,-0.012790544,0.009370908,5.469836925,15.16443935
5941,"Python, SQL, Go",Java,0.029197724,0.945714286,0.998374192,-0.032549729,0.023861239,5.471339627,15.23699647
5942,"Go, Open Source RDBMS",Python,0.011555595,0.945848375,0.999346405,-0.012878754,0.007896316,3.157888414,12.93554448
5943,"Go, Open Source RDBMS","SQL, Docker",0.011555595,0.945848375,0.999346405,-0.012878754,0.010988733,20.38519032,17.60983549
5944,"Data Analysis, R",Python,0.013893177,0.945945946,0.999217595,-0.015480969,0.009494116,3.158214171,12.95889384
5945,"SQL, AWS, Microsoft Azure",Python,0.010805804,0.945945946,0.999389499,-0.012040753,0.007384312,3.158214171,12.95889384
5946,"Java, Docker, NoSQL",Kubernetes,0.01698055,0.945945946,0.999046794,-0.018921184,0.015060607,8.844302034,16.52132492
5947,"Docker, Scala",Python,0.013937282,0.946107784,0.999217629,-0.015525074,0.009525011,3.158754498,12.99780944
5948,"Kubernetes, Agile, NoSQL",SQL,0.012393596,0.946127946,0.999303439,-0.013804966,0.009581118,4.406647273,14.57704373
5949,"Python, Go, NoSQL",AWS,0.011643805,0.946236559,0.999346462,-0.012966965,0.009597702,5.690721885,15.5072465
5950,"Kubernetes, Go, TypeScript",SQL,0.011643805,0.946236559,0.999346462,-0.012966965,0.009001781,4.407153144,14.6064923
5951,"Integrity, Confidentiality",Availability,0.013319808,0.946708464,0.999260612,-0.014819389,0.013077175,54.89698466,18.44110512
5952,"AWS, Kubernetes, Open Source RDBMS",SQL,0.011026331,0.946969697,0.999389632,-0.01226128,0.008526351,4.410567777,14.80842538
5953,"Kubernetes, HTML/CSS","SQL, Docker",0.011026331,0.946969697,0.999389632,-0.01226128,0.010486072,20.40935736,17.98219405
5954,"Kubernetes, HTML/CSS","Docker, JavaScript",0.011026331,0.946969697,0.999389632,-0.01226128,0.010712036,35.08275153,18.34814222
5955,"SQL, Kubernetes, Scala",Docker,0.012658228,0.947194719,0.999303621,-0.014069598,0.011330265,9.532066522,17.055694
5956,"Kubernetes, JavaScript, Go",SQL,0.012746438,0.947540984,0.999303682,-0.014157809,0.009858204,4.413228579,14.96969137
5957,"SQL, Docker, NoSQL",Kubernetes,0.018347815,0.9476082,0.999004846,-0.020376659,0.016276919,8.8598436,17.04550327
5958,"Spark, Hadoop, Hive",Python,0.011996648,0.947735192,0.99934669,-0.013319808,0.008205265,3.164187896,13.40253165
5959,"JavaScript, GCP",AWS,0.010408856,0.947791165,0.999432859,-0.011555595,0.008582764,5.700071373,15.96900074
5960,"Kubernetes, RDBMS","Java, Docker",0.010408856,0.947791165,0.999432859,-0.011555595,0.009826154,17.86306656,18.1375679
5961,"AWS, Docker, Open Source RDBMS",SQL,0.011290963,0.948148148,0.999389792,-0.012525912,0.008734165,4.416056484,15.1449805
5962,"NoSQL, Hadoop",Python,0.012173069,0.948453608,0.999346804,-0.013496229,0.008328845,3.166586461,13.58932651
5963,"SQL, Software Engineering, Go",Java,0.010585278,0.948616601,0.999432958,-0.011732016,0.008656519,5.488130694,16.09763562
5964,"Python, HTML/CSS",TypeScript,0.012217175,0.948630137,0.999346832,-0.013540334,0.011722996,24.72217367,18.71969891
5965,"Python, HTML/CSS","SQL, TypeScript",0.012217175,0.948630137,0.999346832,-0.013540334,0.011957589,47.0640943,19.07429395
5966,"AWS, Kubernetes, Go",Docker,0.026992458,0.948837209,0.998584784,-0.029903409,0.024165607,9.548595671,17.60323653
5967,"SQL, Java, GCP",AWS,0.013937282,0.948948949,0.999261062,-0.015436863,0.011495159,5.707034355,16.33116093
5968,R,Python,0.037048472,0.949152542,0.998089821,-0.041017951,0.025357273,3.168919981,13.77612138
5969,"Azure, GCP",AWS,0.024698981,0.949152542,0.998710398,-0.027345301,0.020372096,5.708258778,16.39655096
5970,"Java, Kubernetes, GCP",AWS,0.010717594,0.94921875,0.999433032,-0.011864332,0.008840165,5.708656955,16.41792847
5971,"SQL, Agile, Scala",Python,0.012437701,0.949494949,0.999346974,-0.013760861,0.008514214,3.17006317,13.86951881
5972,"SQL, AWS, Go",Java,0.026551405,0.949526814,0.998627022,-0.029374145,0.021718074,5.493396645,16.38793389
5973,"Docker, Agile, NoSQL",SQL,0.012481807,0.94966443,0.999347003,-0.013804966,0.00965986,4.423118655,15.60119966
5974,"Docker, Agile, NoSQL",AWS,0.012481807,0.94966443,0.999347003,-0.013804966,0.010296363,5.711337297,16.56329555
5975,"Docker, Agile, NoSQL",Kubernetes,0.012481807,0.94966443,0.999347003,-0.013804966,0.01107605,8.879068705,17.7418192
5976,"Docker, TypeScript, HTML/CSS",SQL,0.010011908,0.949790795,0.999476257,-0.011070436,0.007748669,4.423707209,15.64046443
5977,"Go, NoSQL",Java,0.012614123,0.950166113,0.999347088,-0.013937282,0.010319434,5.497095249,16.59816816
5978,"SQL, Docker, Scala",Kubernetes,0.012658228,0.950331126,0.999347116,-0.013981388,0.011233602,8.88530211,17.97996442
5979,"Docker, JavaScript, Go",SQL,0.012658228,0.950331126,0.999347116,-0.013981388,0.009798402,4.426223832,15.81061174
5980,"SQL, NoSQL, Scala",Java,0.011820227,0.95035461,0.999390111,-0.013055176,0.009670385,5.49818578,16.66118921
5981,"Kubernetes, Docker, HTML/CSS",SQL,0.011026331,0.950570342,0.999433205,-0.012173069,0.008535821,4.427337997,15.88712769
5982,"Kubernetes, Docker, HTML/CSS",JavaScript,0.011026331,0.950570342,0.999433205,-0.012173069,0.010068088,11.50682401,18.55952013
5983,"Kubernetes, Docker, RDBMS",SQL,0.01018833,0.950617284,0.999476348,-0.011246857,0.007887212,4.427556631,15.90222952
5984,"Docker, Agile, Go",SQL,0.012746438,0.950657895,0.999347173,-0.014069598,0.009867674,4.427745778,15.91531778
5985,"Java, Kubernetes, Open Source RDBMS",SQL,0.011908437,0.950704225,0.999390164,-0.013143386,0.009219065,4.427961566,15.93027578
5986,"Python, Kubernetes, JavaScript",Docker,0.017024655,0.950738916,0.999133411,-0.018788868,0.015245273,9.567733444,18.28280333
5987,"SQL, Docker, JavaScript",Kubernetes,0.017024655,0.950738916,0.999133411,-0.018788868,0.01510943,8.889114824,18.12880519
5988,"Kubernetes, HTML/CSS",SQL,0.011070436,0.950757576,0.99943323,-0.012217175,0.008570456,4.428210048,15.94753502
5989,"Kubernetes, HTML/CSS",JavaScript,0.011070436,0.950757576,0.99943323,-0.012217175,0.01010855,11.5090905,18.63008865
5990,"Python, Kubernetes, Scala",Java,0.013716756,0.951070336,0.999304348,-0.015128126,0.011223855,5.502326547,16.90490341
5991,"Docker, HTML/CSS",JavaScript,0.011158647,0.95112782,0.99943328,-0.012305385,0.010189474,11.51357237,18.77122569
5992,"Python, SQL, HTML/CSS",JavaScript,0.012040753,0.951219512,0.999390244,-0.013275702,0.010995066,11.51468233,18.80650995
5993,"AWS, Kubernetes, Scala",Docker,0.012084859,0.951388889,0.99939027,-0.013319808,0.010822637,9.574274424,18.52726024
5994,"Python, Docker, NoSQL",SQL,0.01640718,0.95140665,0.999176205,-0.018083183,0.012704559,4.431233148,16.16055034
5995,"SQL, Java, Microsoft Azure",Python,0.010364751,0.951417004,0.99947644,-0.011423279,0.007101784,3.176480302,14.41822873
5996,"Kubernetes, Open Source RDBMS",SQL,0.012966965,0.951456311,0.999347315,-0.014290125,0.010040852,4.431464448,16.17708287
5997,"Kubernetes, Open Source RDBMS","SQL, Docker",0.012966965,0.951456311,0.999347315,-0.014290125,0.012334617,20.50605412,19.64418471
5998,"Kubernetes, Docker, Open Source RDBMS",SQL,0.012966965,0.951456311,0.999347315,-0.014290125,0.010040852,4.431464448,16.17708287
5999,"SQL, Docker, Software Engineering",Kubernetes,0.012128964,0.951557093,0.999390297,-0.013363913,0.010765663,8.896764528,18.4349919
6000,"Java, Docker, Open Source RDBMS",SQL,0.012173069,0.951724138,0.999390324,-0.013408018,0.009426879,4.432711869,16.26683091
6001,"SQL, Kubernetes, Agile",Docker,0.017509813,0.952038369,0.999133824,-0.019274026,0.015682221,9.580810452,18.77815022
6002,"SQL, Java, TypeScript",JavaScript,0.016671812,0.952141058,0.99917642,-0.018347815,0.015225339,11.5258378,19.16863787
6003,"Snowflake, Redshift",Python,0.010585278,0.952380952,0.999476554,-0.011643805,0.007256258,3.179698621,14.71009571
6004,"Docker, Open Source RDBMS",SQL,0.013231597,0.952380952,0.999347486,-0.014554757,0.010248666,4.435771022,16.49120099
6005,Google Cloud,AWS,0.016848234,0.952618454,0.999176562,-0.018524236,0.013907418,5.729102972,17.59594185
6006,"SQL, Agile, Scala",Java,0.012481807,0.952861953,0.999390509,-0.013716756,0.010217612,5.512691773,17.54742267
6007,"Kubernetes, Agile, NoSQL",Docker,0.012481807,0.952861953,0.999390509,-0.013716756,0.01118014,9.589098561,19.10623712
6008,"Java, Go, Open Source RDBMS",Kubernetes,0.010761699,0.953125,0.999476645,-0.011820227,0.009554069,8.911423969,19.05161793
6009,"Kubernetes, Go, NoSQL",Java,0.011687911,0.95323741,0.999433576,-0.012834649,0.009568564,5.514863945,17.68831107
6010,"AWS, Go, NoSQL",Kubernetes,0.011776121,0.953571429,0.999433625,-0.01292286,0.010455277,8.915597938,19.23480656
6011,"Kubernetes, TypeScript, HTML/CSS",SQL,0.010011908,0.953781513,0.999519881,-0.010982226,0.007758139,4.442294214,16.99093435
6012,"Python, Docker, NoSQL",Kubernetes,0.016451286,0.953964194,0.999219563,-0.018039077,0.01460682,8.919270177,19.39891305
6013,"Kubernetes, Agile, Go",AWS,0.012834649,0.954098361,0.999390722,-0.014069598,0.010597869,5.738003218,18.16324955
6014,"Java, Kubernetes, RDBMS",SQL,0.010100119,0.954166667,0.999519923,-0.011070436,0.00782741,4.444088092,17.13371531
6015,"Python, Go, Open Source RDBMS",Kubernetes,0.011026331,0.954198473,0.999476782,-0.012084859,0.009790398,8.921460612,19.49814023
6016,"SQL, HTML/CSS",JavaScript,0.013937282,0.954682779,0.999347939,-0.015260442,0.012731281,11.5566058,20.24375542
6017,"AWS, Go, Scala",SQL,0.012084859,0.954703833,0.999433798,-0.013231597,0.009367077,4.446589975,17.3369036
6018,"Tableau, R",Python,0.018656552,0.954853273,0.999134798,-0.020420765,0.012804348,3.187952917,15.51564857
6019,"Python, Java, GCP",AWS,0.017818551,0.955082742,0.999177347,-0.019494553,0.014716394,5.743923347,18.56130524
6020,"Go, GCP","Python, AWS",0.013187492,0.955271565,0.999390934,-0.014422441,0.011766992,9.283700045,20.05664384
6021,"Spark, Kafka, Hadoop",Python,0.012393596,0.955782313,0.99943397,-0.013540334,0.00850974,3.191054687,15.84164153
6022,"SQL, Docker, HTML/CSS",JavaScript,0.010541172,0.956,0.999520133,-0.011511489,0.009630295,11.57255099,20.8497893
6023,"SQL, Go, Open Source RDBMS",Kubernetes,0.011511489,0.956043956,0.999477033,-0.012570017,0.010223666,8.938715305,20.31676443
6024,"SQL, Kubernetes, HTML/CSS",JavaScript,0.010585278,0.956175299,0.999520154,-0.011555595,0.009670757,11.57467301,20.93318845
6025,"Kubernetes, JavaScript, HTML/CSS",SQL,0.010585278,0.956175299,0.999520154,-0.011555595,0.008208403,4.453443416,17.9190106
6026,"SQL, Kubernetes, TypeScript",JavaScript,0.013540334,0.956386293,0.999391146,-0.014775283,0.012370768,11.57722713,21.03445886
6027,"AWS, Docker, Cloud Computing",Kubernetes,0.012614123,0.956521739,0.999434094,-0.013760861,0.011203649,8.943182429,20.54002558
6028,"Go, Open Source RDBMS",Kubernetes,0.011687911,0.9566787,0.999477124,-0.012746438,0.010381218,8.944649968,20.61444596
6029,"Go, Open Source RDBMS","Kubernetes, Docker",0.011687911,0.9566787,0.999477124,-0.012746438,0.010697518,11.8012928,21.21206942
6030,"Python, Go, NoSQL",Java,0.011776121,0.956989247,0.99947717,-0.012834649,0.009649151,5.53656984,19.23126626
6031,"Java, Go, Open Source RDBMS",Docker,0.010805804,0.95703125,0.999520258,-0.011776121,0.009683829,9.631056161,20.9601328
6032,"AWS, HTML/CSS",JavaScript,0.012790544,0.95709571,0.999434192,-0.013937282,0.011686561,11.58581475,21.38226084
6033,"AWS, Go, NoSQL",Java,0.011820227,0.957142857,0.999477193,-0.012878754,0.009685633,5.537458535,19.30019553
6034,"Docker, Agile, Go",AWS,0.012834649,0.957236842,0.999434217,-0.013981388,0.010605203,5.756878228,19.49629006
6035,"SQL, Azure, GCP",AWS,0.011864332,0.957295374,0.999477215,-0.01292286,0.009803561,5.757230241,19.52301195
6036,"Java, Docker, TypeScript",Kubernetes,0.013893177,0.957446809,0.999391357,-0.015128126,0.012341184,8.951831542,20.98654788
6037,"Machine Learning, Spark",Python,0.011952543,0.957597173,0.999477261,-0.01301107,0.008214001,3.197113931,16.51967097
6038,"Hadoop, Snowflake",Python,0.010011908,0.957805907,0.999563509,-0.010894015,0.006881045,3.197810828,16.60139373
6039,"Python, Agile, Azure",AWS,0.010011908,0.957805907,0.999563509,-0.010894015,0.008273821,5.760300619,19.75923345
6040,"SQL, AWS, HTML/CSS",JavaScript,0.011026331,0.957854406,0.999520363,-0.011996648,0.010075375,11.59499891,21.76718003
6041,"Python, Go, Open Source RDBMS",Docker,0.011070436,0.958015267,0.999520384,-0.012040753,0.009922165,9.640958789,21.45138591
6042,"Kubernetes, Docker, Scala",Python,0.013099281,0.958064516,0.999434365,-0.014246019,0.009004059,3.198674242,16.70377168
6043,"Java, Kubernetes, HTML/CSS",SQL,0.010144224,0.958333333,0.999563567,-0.011026331,0.007871515,4.463494591,18.84708684
6044,"Java, Docker, HTML/CSS",SQL,0.010144224,0.958333333,0.999563567,-0.011026331,0.007871515,4.463494591,18.84708684
6045,"Java, Azure, GCP",AWS,0.013187492,0.958333333,0.999434414,-0.01433423,0.010899376,5.763472591,20.00935033
6046,"Go, HTML/CSS","SQL, JavaScript",0.012217175,0.958477509,0.999477397,-0.013275702,0.011756744,26.53426197,23.21338891
6047,"Python, Go, HTML/CSS",JavaScript,0.011246857,0.958646617,0.999520467,-0.012217175,0.010277684,11.60458875,22.18417581
6048,"Kubernetes, Azure, GCP",AWS,0.010232435,0.958677686,0.999563605,-0.011114542,0.008457679,5.765543547,20.17609491
6049,"Python, Java, HTML/CSS",JavaScript,0.011290963,0.958801498,0.999520488,-0.01226128,0.010318146,11.60646362,22.26757497
6050,"Java, Docker, RDBMS",SQL,0.01027654,0.958847737,0.999563624,-0.011158647,0.007975422,4.465890455,19.08267543
6051,"Java, AWS, Spark",Python,0.012525912,0.959459459,0.999477557,-0.01358444,0.008615635,3.203331516,17.27852512
6052,"Python, Docker, Cloud Computing",Kubernetes,0.012525912,0.959459459,0.999477557,-0.01358444,0.01112959,8.970649206,22.02843323
6053,"Java, Docker, Scala",Python,0.01358444,0.959501558,0.999434635,-0.014731178,0.009343903,3.203472068,17.29648616
6054,"Docker, Go, TypeScript",JavaScript,0.011511489,0.959558824,0.999520593,-0.012481807,0.010520455,11.61563118,22.68457075
6055,"Data Analysis, Data Visualization, R",Python,0.010497067,0.959677419,0.999563719,-0.011379173,0.007220889,3.204059215,17.37192255
6056,"SQL, Go, Open Source RDBMS",Docker,0.011555595,0.95970696,0.999520614,-0.012525912,0.010359114,9.657983088,22.35201662
6057,"Docker, Go, NoSQL",AWS,0.011555595,0.95970696,0.999520614,-0.012525912,0.009553494,5.77173366,20.69148727
6058,"SQL, Docker, TypeScript",JavaScript,0.01367265,0.959752322,0.999434684,-0.014819389,0.012495797,11.61797352,22.79363119
6059,"SQL, AWS, TypeScript",JavaScript,0.014731178,0.959770115,0.99939186,-0.015966127,0.013463237,11.6181889,22.80371241
6060,"Python, Agile, Go",AWS,0.015789706,0.959785523,0.999349128,-0.017112866,0.013054234,5.772206143,20.7319102
6061,"Java, Kubernetes, Scala",Python,0.013716756,0.959876543,0.999434709,-0.014863494,0.009436588,3.204724027,17.45813557
6062,"Go, Open Source RDBMS",Docker,0.011732016,0.960288809,0.999520697,-0.012702333,0.010518004,9.663838508,22.67951869
6063,"Kubernetes, Go, NoSQL",AWS,0.011776121,0.960431655,0.999520718,-0.012746438,0.009737352,5.776092018,21.07045224
6064,"SQL, Docker, Cloud Computing",Kubernetes,0.010717594,0.960474308,0.999563814,-0.0115997,0.009524116,8.980137729,22.59402814
6065,"Java, Agile, Scala",Python,0.015128126,0.960784314,0.999392097,-0.016363075,0.010412015,3.207754785,17.86225907
6066,"SQL, Agile, Go",Java,0.015128126,0.960784314,0.999392097,-0.016363075,0.012406518,5.558525834,21.09235655
6067,"Docker, Scala",Java,0.014157809,0.961077844,0.999434955,-0.015304547,0.011611543,5.560224028,21.25142409
6068,"Data Visualization, R",Python,0.01640718,0.96124031,0.999349523,-0.01773034,0.011294758,3.209277213,18.0724033
6069,"Kubernetes, Docker, Scala",Java,0.013143386,0.961290323,0.999477875,-0.014201914,0.010780086,5.5614533,21.36807363
6070,"AWS, Go, TypeScript",JavaScript,0.013275702,0.961661342,0.999477943,-0.01433423,0.012135284,11.64108254,23.92860818
6071,"Python, Docker, GCP",AWS,0.013319808,0.961783439,0.999477966,-0.014378335,0.011017025,5.78422173,21.81575001
6072,"SQL, Go, HTML/CSS",JavaScript,0.012217175,0.961805556,0.999520927,-0.013187492,0.011167844,11.64282828,24.01895727
6073,"Go, HTML/CSS",JavaScript,0.01226128,0.961937716,0.999520948,-0.013231597,0.011208306,11.64442811,24.10235643
6074,"Scala, Kafka, Hadoop",Python,0.010056014,0.962025316,0.999607158,-0.01084991,0.00692515,3.2118981,18.44599303
6075,"Java, Agile, Go",AWS,0.01565739,0.962059621,0.999392414,-0.016892339,0.012951253,5.7858827,21.97455438
6076,"SQL, Docker, GCP",AWS,0.011246857,0.962264151,0.999564042,-0.012128964,0.009303426,5.787112757,22.09365765
6077,"R, Statistics",Python,0.01018833,0.9625,0.99960721,-0.010982226,0.007017835,3.213482919,18.67948661
6078,"Java, Kafka, Hadoop",Python,0.01018833,0.9625,0.99960721,-0.010982226,0.007017835,3.213482919,18.67948661
6079,"Python, Java, HTML/CSS",TypeScript,0.011335068,0.962546816,0.99956408,-0.012217175,0.010883199,25.08485514,25.67547744
6080,"SQL, Go, NoSQL",Java,0.012481807,0.962585034,0.999521052,-0.013452124,0.010240483,5.56894373,22.1074967
6081,"AWS, Spark, Hadoop",Python,0.012525912,0.962711864,0.999521073,-0.013496229,0.008628846,3.214190267,18.78562006
6082,"Java, HTML/CSS",JavaScript,0.014951705,0.963068182,0.999435396,-0.016098443,0.01366919,11.65811259,24.8401182
6083,"Python, SQL, TypeScript",JavaScript,0.016363075,0.963636364,0.999392835,-0.017598024,0.014960324,11.66499054,25.22824505
6084,"SQL, Kubernetes, Scala",Java,0.012878754,0.96369637,0.99952124,-0.013849072,0.010568819,5.575373256,22.78425681
6085,"SQL, R",Python,0.030476779,0.963737796,0.998888414,-0.032770255,0.021004926,3.217615529,19.31710371
6086,"Kubernetes, RDBMS",Java,0.010585278,0.963855422,0.999607364,-0.011379173,0.008687014,5.576293436,22.88451756
6087,"Java, Docker, GCP",AWS,0.010629383,0.964,0.999607381,-0.011423279,0.008795957,5.797552255,23.15897029
6088,"Tableau, Data Visualization, R",Python,0.010673488,0.964143426,0.999607398,-0.011467384,0.00735768,3.218969799,19.53562975
6089,"Kubernetes, Go, TypeScript",Python,0.011864332,0.964157706,0.999564308,-0.012746438,0.008178632,3.219017475,19.54341287
6090,"Java, AWS, HTML/CSS",JavaScript,0.011996648,0.964539007,0.999564365,-0.012878754,0.010969179,11.6759172,25.87041856
6091,"SQL, Tableau, R",Python,0.016892339,0.964735516,0.999393151,-0.018127288,0.011647813,3.2209466,19.86363264
6092,"Python, Go, TypeScript",JavaScript,0.015701495,0.964769648,0.999435813,-0.016848234,0.01435704,11.67870914,26.039783
6093,"Python, SQL, HTML/CSS",TypeScript,0.012217175,0.965156794,0.99956446,-0.013099281,0.011731458,25.15287356,27.59873418
6094,"SQL, Kubernetes, GCP",AWS,0.011070436,0.965384615,0.999607552,-0.011864332,0.009163673,5.805879412,24.0853291
6095,"AWS, Kubernetes, TypeScript",Docker,0.01358444,0.965517241,0.999521573,-0.014554757,0.012186354,9.716454689,26.11829048
6096,"Python, Docker, TypeScript",Kubernetes,0.013716756,0.965838509,0.999521635,-0.014687073,0.012197784,9.030291349,26.14185074
6097,"Go, TypeScript",Python,0.016274864,0.965968586,0.999436131,-0.017421603,0.011228494,3.225063431,20.58335737
6098,"Java, Kubernetes, TypeScript",Docker,0.013893177,0.966257669,0.999521718,-0.014863494,0.012464412,9.723905958,26.69141911
6099,"SQL, Agile, Go",AWS,0.015216337,0.966386555,0.999478941,-0.016274864,0.012598204,5.811905133,24.80325718
6100,"Docker, Go, NoSQL",Java,0.011643805,0.967032967,0.999607775,-0.012437701,0.009562576,5.594676821,25.09025419
6101,"Python, Azure, GCP",AWS,0.018744762,0.968109339,0.999394254,-0.019979712,0.015525266,5.822266062,26.14316903
6102,"Kubernetes, Go, Scala",SQL,0.010805804,0.968379447,0.999651051,-0.011511489,0.00840999,4.510284962,24.83496339
6103,"SQL, Data Analysis, R",Python,0.012217175,0.968531469,0.999607997,-0.01301107,0.008439002,3.233620083,22.25972155
6104,"AWS, Scala",Python,0.02858025,0.968609865,0.999100334,-0.030432673,0.019742496,3.233881826,22.31531526
6105,"Java, Kubernetes, Go",Docker,0.027345301,0.96875,0.99914211,-0.029109514,0.024540363,9.748987461,28.8201826
6106,"Spark, Snowflake",Python,0.012614123,0.969491525,0.99960815,-0.013408018,0.008717056,3.23682541,22.9602023
6107,"Java, Go, HTML/CSS",JavaScript,0.011555595,0.97037037,0.99965131,-0.01226128,0.010571847,11.74650689,30.96193711
6108,"SQL, Java, HTML/CSS",JavaScript,0.01301107,0.970394737,0.999608304,-0.013804966,0.011903444,11.74680185,30.98742018
6109,"Docker, Go, TypeScript",SQL,0.011643805,0.970588235,0.99965134,-0.012349491,0.009068069,4.520572526,26.70003969
6110,"Kubernetes, TypeScript, HTML/CSS",JavaScript,0.01018833,0.970588235,0.99969447,-0.010805804,0.009321175,11.74914419,31.19128479
6111,"TypeScript, HTML/CSS",JavaScript,0.014598862,0.970674487,0.999565482,-0.015480969,0.013356426,11.75018828,31.28302386
6112,"Java, AWS, Hadoop",Python,0.010232435,0.970711297,0.999694483,-0.01084991,0.007075151,3.240897841,23.91641411
6113,"Docker, TypeScript, HTML/CSS",JavaScript,0.010232435,0.970711297,0.999694483,-0.01084991,0.009361636,11.75063387,31.32234061
6114,"Java, Kubernetes, HTML/CSS",JavaScript,0.01027654,0.970833333,0.999694497,-0.010894015,0.009402098,11.75211114,31.45339642
6115,"Java, Docker, HTML/CSS",JavaScript,0.01027654,0.970833333,0.999694497,-0.010894015,0.009402098,11.75211114,31.45339642
6116,"Java, Docker, RDBMS",Kubernetes,0.010408856,0.971193416,0.999694537,-0.011026331,0.009262552,9.080358067,31.00140507
6117,"Kubernetes, Docker, RDBMS",Java,0.010408856,0.971193416,0.999694537,-0.011026331,0.008556334,5.618746699,28.71396438
6118,"Kubernetes, Go, NoSQL",Docker,0.011908437,0.971223022,0.999651431,-0.012614123,0.010690043,9.773874642,31.29691704
6119,"Kubernetes, Go, TypeScript",Docker,0.011952543,0.971326165,0.999651446,-0.012658228,0.010729765,9.774912621,31.40949588
6120,"AWS, Scala, Spark",Python,0.012040753,0.971530249,0.999651477,-0.012746438,0.008328633,3.243632063,24.60438627
6121,"SQL, Go, GCP",AWS,0.010541172,0.971544715,0.999694577,-0.011158647,0.008737081,5.842926614,29.29940584
6122,"Docker, RDBMS",Java,0.010717594,0.972,0.99969463,-0.011335068,0.008811706,5.623413116,29.54111561
6123,"Docker, RDBMS",Kubernetes,0.010717594,0.972,0.99969463,-0.011335068,0.009538268,9.087899381,31.89444966
6124,"AWS, Docker, Scala",Python,0.012481807,0.972508591,0.999651629,-0.013187492,0.008637582,3.246898437,25.47998721
6125,"Azure, Scala",Python,0.01093812,0.97254902,0.999694696,-0.011555595,0.00756947,3.247033415,25.51751296
6126,"SQL, AWS, Scala",Python,0.020376659,0.972631579,0.999438396,-0.021523398,0.014101723,3.247309055,25.59448887
6127,"Go, TypeScript, HTML/CSS",JavaScript,0.011114542,0.972972973,0.99969475,-0.011732016,0.010170873,11.77801186,33.94345698
6128,"SQL, Go, TypeScript",JavaScript,0.014510651,0.973372781,0.999608883,-0.015304547,0.013279146,11.78285161,34.45311849
6129,"SQL, Docker, Scala",Python,0.012966965,0.973509934,0.999651795,-0.01367265,0.008977426,3.250241603,26.44314824
6130,"SQL, Kubernetes, Scala",Python,0.01301107,0.97359736,0.999651811,-0.013716756,0.009008321,3.250533491,26.53070833
6131,"Python, Go, HTML/CSS",TypeScript,0.011423279,0.973684211,0.999694843,-0.012040753,0.010973102,25.37510587,36.541878
6132,"Kubernetes, Agile, Go",Docker,0.013099281,0.973770492,0.999651841,-0.013804966,0.011762553,9.799511034,34.33654567
6133,"Java, Google Cloud",AWS,0.0115997,0.974074074,0.999694896,-0.012217175,0.0096196,5.858138324,32.15788446
6134,"TypeScript, Microsoft Azure",JavaScript,0.010011908,0.974248927,0.99973806,-0.010541172,0.009162971,11.79345751,35.62533998
6135,"Go, GCP",AWS,0.013452124,0.974440895,0.999651962,-0.014157809,0.011156674,5.860344404,32.61940965
6136,"Python, Docker, Scala",Java,0.01358444,0.974683544,0.999652007,-0.014290125,0.011175398,5.638938505,32.67247387
6137,"Python, TypeScript, HTML/CSS",JavaScript,0.011908437,0.974729242,0.999694989,-0.012525912,0.010899185,11.79927181,36.30246171
6138,"Python, Kubernetes, TypeScript",Docker,0.013716756,0.97492163,0.999652053,-0.014422441,0.01231867,9.811095481,35.91264941
6139,"SQL, Docker, TypeScript",Kubernetes,0.013893177,0.975232198,0.999652113,-0.014598862,0.012369488,9.118119434,36.05667534
6140,"AWS, Kubernetes, Scala",Java,0.012393596,0.975694444,0.999695135,-0.01301107,0.010198013,5.644786971,34.03136519
6141,"Kubernetes, RDBMS",Docker,0.010717594,0.975903614,0.999738243,-0.011246857,0.009626298,9.820977652,37.3761743
6142,"NoSQL, Spark, Hadoop",Python,0.01084991,0.976190476,0.999738277,-0.011379173,0.00752089,3.259191086,29.42019142
6143,"SQL, TypeScript, HTML/CSS",JavaScript,0.012658228,0.976190476,0.999695215,-0.013275702,0.011587036,11.81696031,38.53041062
6144,"Docker, Go",Kubernetes,0.030785516,0.976223776,0.999273132,-0.032285097,0.027412644,9.127390383,37.56040483
6145,"SQL, Data Visualization, R",Python,0.014554757,0.976331361,0.99965234,-0.015260442,0.010089644,3.259661456,29.5953116
6146,"Docker, Go, Scala",Kubernetes,0.010982226,0.976470588,0.999738311,-0.011511489,0.009779313,9.129697999,37.9543951
6147,"Go, NoSQL",SQL,0.012966965,0.976744186,0.999695308,-0.01358444,0.010116609,4.549244234,33.76769726
6148,"SQL, Docker, Scala",Java,0.01301107,0.976821192,0.999695321,-0.013628545,0.010708758,5.651305661,35.68566766
6149,"Docker, Agile, Go",Kubernetes,0.013099281,0.976973684,0.999695348,-0.013716756,0.011665221,9.134401791,38.78365079
6150,"Python, Go, GCP",AWS,0.013187492,0.977124183,0.999695374,-0.013804966,0.010943378,5.876481857,36.44560238
6151,"Kubernetes, JavaScript, TypeScript",Docker,0.015392758,0.977591036,0.999652627,-0.016098443,0.013828129,9.837958974,40.19064526
6152,"Go, GCP",Python,0.013496229,0.977635783,0.999695467,-0.014113704,0.009361376,3.264016507,31.3214963
6153,"AWS, Docker, Open Source RDBMS",Kubernetes,0.011643805,0.977777778,0.999738482,-0.012173069,0.010370134,9.141919817,40.18700657
6154,"AWS, TypeScript, HTML/CSS",JavaScript,0.011820227,0.97810219,0.999738528,-0.012349491,0.010821905,11.84010195,41.89417663
6155,"NoSQL, Scala",Python,0.015833811,0.978201635,0.999652778,-0.016539496,0.010985597,3.265905709,32.13455432
6156,"R, Power BI",Python,0.011952543,0.97833935,0.999738562,-0.012481807,0.008293264,3.266365496,32.3388612
6157,"AWS, Azure, Scala",Python,0.010011908,0.978448276,0.999781707,-0.010452962,0.006947097,3.266729165,32.50230671
6158,"Python, Kubernetes, Open Source RDBMS",SQL,0.012040753,0.978494624,0.999738585,-0.012570017,0.009398729,4.557397001,36.51623076
6159,"Python, Go, NoSQL",SQL,0.012040753,0.978494624,0.999738585,-0.012570017,0.009398729,4.557397001,36.51623076
6160,"AWS, Docker, RDBMS",Kubernetes,0.010056014,0.978540773,0.999781717,-0.010497067,0.008956882,9.149053582,41.61587792
6161,"SQL, R, Power BI",Python,0.010100119,0.978632479,0.999781726,-0.010541172,0.007008887,3.26734416,32.78249901
6162,"SQL, Kubernetes, RDBMS",Java,0.010100119,0.978632479,0.999781726,-0.010541172,0.008316208,5.661784687,38.7106779
6163,"SQL, NoSQL, Scala",Python,0.012173069,0.978723404,0.999738619,-0.012702333,0.008447738,3.267647732,32.92259516
6164,"SQL, Docker, RDBMS",Kubernetes,0.01018833,0.978813559,0.999781745,-0.010629383,0.009075046,9.151604054,42.15170467
6165,"Python, Docker, Open Source RDBMS",SQL,0.012305385,0.978947368,0.999738653,-0.012834649,0.009606543,4.559505687,37.30152604
6166,"Python, Docker, Open Source RDBMS",Kubernetes,0.012305385,0.978947368,0.999738653,-0.012834649,0.010960954,9.152855128,42.41961805
6167,"Python, Google Cloud",AWS,0.012393596,0.979094077,0.999738676,-0.01292286,0.010288823,5.888328912,39.87974684
6168,"AWS, Kubernetes, Scala",Python,0.012437701,0.979166667,0.999738687,-0.012966965,0.008633108,3.269127644,33.62307591
6169,"Java, Docker, Open Source RDBMS",Kubernetes,0.012525912,0.979310345,0.99973871,-0.013055176,0.011157894,9.156248845,43.16382187
6170,"AWS, Docker, Scala",Java,0.012570017,0.979381443,0.999738721,-0.013099281,0.010351564,5.66611775,40.116835
6171,"Java, Go, TypeScript",JavaScript,0.014731178,0.979472141,0.999695837,-0.015348653,0.013488742,11.85668545,44.69003409
6172,"SQL, Docker, Open Source RDBMS",Kubernetes,0.012966965,0.98,0.999738824,-0.013496229,0.011551774,9.162696907,44.65222952
6173,"AWS, Go, GCP",Python,0.013187492,0.980327869,0.999738881,-0.013716756,0.009158322,3.273004531,35.60777136
6174,"Kubernetes, JavaScript, Go",Docker,0.013187492,0.980327869,0.999738881,-0.013716756,0.011850764,9.865501008,45.78206089
6175,"Docker, Go, Scala",SQL,0.011026331,0.980392157,0.999781926,-0.011467384,0.008611578,4.566234875,40.05005954
6176,"Java, Docker, Cloud Computing",Kubernetes,0.011158647,0.980620155,0.999781955,-0.0115997,0.009941583,9.168495165,46.08110087
6177,"Java, Go, GCP",AWS,0.011246857,0.980769231,0.999781974,-0.011687911,0.009340094,5.898403387,43.35359238
6178,"Docker, Open Source RDBMS",Kubernetes,0.013628545,0.980952381,0.999738994,-0.014157809,0.012142595,9.171601375,46.884841
6179,"Java, TypeScript, HTML/CSS",JavaScript,0.013760861,0.981132075,0.999739028,-0.014290125,0.012602225,11.87677926,48.62170864
6180,"SQL, Kubernetes, Go",Docker,0.025360561,0.981228669,0.999527065,-0.026330878,0.02279229,9.874566183,47.97905398
6181,"SQL, Kubernetes, TypeScript",Docker,0.013893177,0.981308411,0.999739062,-0.014422441,0.012486325,9.875368667,48.18374278
6182,"Java, NoSQL, Scala",Python,0.014113704,0.981595092,0.999739119,-0.014642967,0.009807115,3.277235388,38.05945398
6183,"Python, JavaScript, HTML/CSS",TypeScript,0.011908437,0.981818182,0.999782116,-0.012349491,0.011443029,25.58708464,52.88956027
6184,"Kubernetes, Go, NoSQL",SQL,0.012040753,0.982014388,0.999782145,-0.012481807,0.009408199,4.573790516,43.66241785
6185,"Python, Docker, Go",Kubernetes,0.026639615,0.982113821,0.999527654,-0.027609933,0.023738474,9.182460481,49.9293112
6186,"AWS, Go, NoSQL",SQL,0.012128964,0.982142857,0.999782164,-0.012570017,0.00947747,4.574388866,43.97653597
6187,"Python, Agile, GCP",AWS,0.010011908,0.982683983,0.999825358,-0.010364751,0.008317823,5.909918817,48.14749923
6188,"Java, AWS, Scala",Python,0.02527235,0.982847341,0.999570003,-0.026154457,0.017570691,3.281416252,40.83802761
6189,"Python, HTML/CSS",SQL,0.012658228,0.982876712,0.999782277,-0.013099281,0.009893099,4.57780684,45.86124465
6190,"SQL, Docker, Go",Kubernetes,0.025360561,0.982905983,0.99957004,-0.026242667,0.022600939,9.189866949,52.24310854
6191,"Java, Kubernetes, RDBMS",Docker,0.010408856,0.983333333,0.999825427,-0.010761699,0.009357005,9.895746412,54.03784237
6192,"SQL, Go, GCP",Python,0.010673488,0.983739837,0.999825472,-0.011026331,0.007423731,3.284396014,43.079566
6193,"Kubernetes, Go, Scala",Docker,0.010982226,0.984189723,0.999825526,-0.011335068,0.009873399,9.904364668,56.96489216
6194,"AWS, Agile, Scala",Python,0.013893177,0.984375,0.999782543,-0.01433423,0.009665851,3.286516621,44.83076787
6195,"Python, Go, Open Source RDBMS",SQL,0.011379173,0.984732824,0.999825594,-0.011732016,0.008898133,4.586451793,51.43684118
6196,"Kubernetes, Go, Open Source RDBMS",SQL,0.011511489,0.98490566,0.999825617,-0.011864332,0.00900204,4.587256787,52.02581264
6197,"Docker, Go, Open Source RDBMS",SQL,0.011555595,0.984962406,0.999825624,-0.011908437,0.009036676,4.587521083,52.22213646
6198,"Docker, Go, TypeScript",Python,0.011820227,0.985294118,0.99982567,-0.012173069,0.008227,3.289585264,47.63269087
6199,"AWS, Docker, Go",Kubernetes,0.026992458,0.985507246,0.999613634,-0.027786354,0.024063013,9.214187958,61.62007674
6200,"Go, Open Source RDBMS",SQL,0.012040753,0.985559567,0.999825708,-0.012393596,0.009417668,4.590302395,54.3816985
6201,"AWS, Kubernetes, RDBMS",Docker,0.010056014,0.987012987,0.999869019,-0.010320646,0.009043607,9.9327765,69.34856437
6202,"SQL, Kubernetes, RDBMS",Docker,0.01018833,0.987179487,0.999869036,-0.010452962,0.009162774,9.93445207,70.24919508
6203,"AWS, Go, TypeScript",Python,0.013628545,0.987220447,0.999825981,-0.013981388,0.009493692,3.296016669,54.81261853
6204,"Java, Docker, Go",Kubernetes,0.027345301,0.987261146,0.999656667,-0.028050986,0.024382834,9.230586381,70.10400035
6205,"SQL, Docker, RDBMS",Java,0.01027654,0.987288136,0.999869047,-0.010541172,0.008477382,5.711861163,65.06923066
6206,"Spark, Kafka, Snowflake",Python,0.010320646,0.987341772,0.999869053,-0.010585278,0.007189782,3.296421735,55.33797909
6207,"Docker, JavaScript, HTML/CSS",Kubernetes,0.011026331,0.988142292,0.999869144,-0.011290963,0.009832853,9.238824824,75.31342713
6208,"R, Data Science",Python,0.011070436,0.988188976,0.99986915,-0.011335068,0.007714996,3.299250281,59.30737
6209,"Go, Scala","Python, Java",0.014775283,0.98820059,0.999826178,-0.015128126,0.013160291,9.148824817,75.59581882
6210,"Java, Go, Open Source RDBMS",SQL,0.011158647,0.98828125,0.999869161,-0.011423279,0.008734424,4.602978796,67.01186433
6211,"Java, Go, GCP",Python,0.011335068,0.988461538,0.999869184,-0.0115997,0.007900366,3.30016028,60.7083315
6212,"Docker, HTML/CSS",Kubernetes,0.0115997,0.988721805,0.999869218,-0.011864332,0.010344898,9.244243082,79.18328702
6213,"Python, Java, HTML/CSS",SQL,0.011643805,0.988764045,0.999869224,-0.011908437,0.009115417,4.605227443,69.89128038
6214,"Docker, Go, NoSQL",SQL,0.011908437,0.989010989,0.999869258,-0.012173069,0.009323231,4.606377599,71.46187095
6215,"Docker, Go, NoSQL",Kubernetes,0.011908437,0.989010989,0.999869258,-0.012173069,0.010620614,9.246946868,81.26705773
6216,"Java, Go, NoSQL",SQL,0.012481807,0.98951049,0.999869332,-0.012746438,0.009773495,4.608704053,74.86481718
6217,"Docker, JavaScript, Go",Kubernetes,0.013187492,0.990066225,0.999869423,-0.013452124,0.011762866,9.256812999,89.89982211
6218,"Integrity, Availability",Confidentiality,0.013319808,0.990163934,0.99986944,-0.01358444,0.013068837,53.07325505,99.76991723
6219,"JavaScript, Go, TypeScript",Python,0.015701495,0.991643454,0.999869746,-0.015966127,0.010958964,3.310783689,83.82419618
6220,"Scala, Snowflake",Python,0.010717594,0.991836735,0.999912732,-0.010894015,0.007481047,3.311428992,85.80889163
6221,"Kubernetes, Go, Scala",Java,0.011070436,0.992094862,0.999912763,-0.011246857,0.009141678,5.739670017,104.6346315
6222,"Python, JavaScript, HTML/CSS",SQL,0.012040753,0.992727273,0.999912846,-0.012217175,0.009436608,4.623686412,107.9781017
6223,"Machine Learning, R",Python,0.012746438,0.993127148,0.999912907,-0.01292286,0.008902214,3.315737273,101.9199488
6224,"SQL, Go, Scala",Python,0.013231597,0.993377483,0.999912949,-0.013408018,0.009242058,3.316573065,105.772593
6225,"Confidentiality, Availability",Integrity,0.013319808,0.993421053,0.999912956,-0.013496229,0.013048963,49.17868019,148.9295638
6226,"Python, Go, Scala",Java,0.014775283,0.994065282,0.999913081,-0.014951705,0.012206147,5.751069695,139.3749835
6227,"Java, Go, Scala",Python,0.014775283,0.994065282,0.999913081,-0.014951705,0.010323381,3.318869406,118.031006
6228,"Go, Scala",Python,0.014863494,0.994100295,0.999913089,-0.015039915,0.010385171,3.318986304,118.7314868
6229,"Go, Scala",Java,0.014863494,0.994100295,0.999913089,-0.015039915,0.01227911,5.75127226,140.2021347
6230,"Java, Go, TypeScript",Python,0.014951705,0.994134897,0.999913096,-0.015128126,0.01044696,3.31910183,119.4319675
6231,"SQL, Machine Learning, R",Python,0.01018833,0.995689655,0.999956341,-0.01027654,0.007123518,3.324292674,162.5115335
6232,"Docker, TypeScript, HTML/CSS",Kubernetes,0.010497067,0.9958159,0.999956355,-0.010585278,0.009369632,9.310570677,213.4376571
6233,"SQL, Kubernetes, HTML/CSS",Docker,0.011026331,0.996015936,0.999956378,-0.011114542,0.009926269,10.02337742,226.0583072
6234,"Kubernetes, JavaScript, HTML/CSS",Docker,0.011026331,0.996015936,0.999956378,-0.011114542,0.009926269,10.02337742,226.0583072
6235,"Docker, Go, Scala",Java,0.011202752,0.996078431,0.999956385,-0.011290963,0.009258747,5.762716579,210.9235655
6236,"Kubernetes, HTML/CSS",Docker,0.0115997,0.996212121,0.999956402,-0.011687911,0.010442663,10.02535172,237.7665064
6237,"Python, Go, HTML/CSS",SQL,0.011687911,0.996240602,0.999956406,-0.011776121,0.009168992,4.64004995,208.8885458
6238,"Docker, Go, Open Source RDBMS",Kubernetes,0.011687911,0.996240602,0.999956406,-0.011776121,0.010433108,9.314541508,237.5498611
6239,"Java, Go, HTML/CSS",SQL,0.011864332,0.996296296,0.999956414,-0.011952543,0.009307534,4.640309352,212.029727
6240,"Docker, Go, TypeScript",Kubernetes,0.011952543,0.996323529,0.999956418,-0.012040753,0.010669436,9.315316859,242.9081286
6241,"JavaScript, Go, HTML/CSS",SQL,0.012217175,0.996402878,0.999956429,-0.012305385,0.00958462,4.640805761,218.3120893
6242,"Go, HTML/CSS",SQL,0.012702333,0.996539792,0.99995645,-0.012790544,0.009965613,4.64144345,226.9503374
6243,"AWS, NoSQL, Scala",Python,0.012702333,0.996539792,0.99995645,-0.012790544,0.008884529,3.327131014,202.4389362
6244,"Kubernetes, Open Source RDBMS",Docker,0.013628545,1,1,-0.013628545,0.012274286,10.06347093,Infinity
6245,"SQL, Go, TypeScript",Python,0.014907599,1,1,-0.014907599,0.010442486,3.338683552,Infinity
6246,"Python, TypeScript, HTML/CSS",SQL,0.012217175,1,1,-0.012217175,0.00959409,4.657559573,Infinity
6247,"AWS, Go, Scala",Python,0.012658228,1,1,-0.012658228,0.008866845,3.338683552,Infinity
6248,"Python, Kubernetes, Open Source RDBMS",Docker,0.012305385,1,1,-0.012305385,0.011082608,10.06347093,Infinity
6249,"Kubernetes, Go, Scala",Python,0.011158647,1,1,-0.011158647,0.007816417,3.338683552,Infinity
6250,"Docker, Go, Scala",Python,0.011246857,1,1,-0.011246857,0.007878207,3.338683552,Infinity
6251,"Go, TypeScript, HTML/CSS",Python,0.011423279,1,1,-0.011423279,0.008001787,3.338683552,Infinity
6252,"SQL, Go, Scala",Java,0.013319808,1,1,-0.013319808,0.011017495,5.78540444,Infinity
6253,"AWS, Go, HTML/CSS",SQL,0.010232435,1,1,-0.010232435,0.008035483,4.657559573,Infinity
6254,"SQL, Kubernetes, Open Source RDBMS",Docker,0.012966965,1,1,-0.012966965,0.011678447,10.06347093,Infinity
6255,"SQL, Docker, HTML/CSS",Kubernetes,0.011026331,1,1,-0.011026331,0.009847005,9.349690722,Infinity
6256,"Go, TypeScript, HTML/CSS",SQL,0.011423279,1,1,-0.011423279,0.008970647,4.657559573,Infinity
6257,"AWS, Go, Scala",Java,0.012658228,1,1,-0.012658228,0.010470269,5.78540444,Infinity
6258,"Java, Kubernetes, Open Source RDBMS",Docker,0.012525912,1,1,-0.012525912,0.011281221,10.06347093,Infinity
6259,"Java, Kubernetes, HTML/CSS",Docker,0.010585278,1,1,-0.010585278,0.009533426,10.06347093,Infinity
6260,"Java, Docker, HTML/CSS",Kubernetes,0.010585278,1,1,-0.010585278,0.009453125,9.349690722,Infinity
6261,"AWS, Kubernetes, Open Source RDBMS",Docker,0.011643805,1,1,-0.011643805,0.010486769,10.06347093,Infinity
6262,"Kubernetes, Go, Open Source RDBMS",Docker,0.011687911,1,1,-0.011687911,0.010526491,10.06347093,Infinity
6263,"Kubernetes, TypeScript, HTML/CSS",Docker,0.010497067,1,1,-0.010497067,0.009453981,10.06347093,Infinity
